date,root,close,volume
2021-09-20,ES,4348.25,2711340
2021-09-21,ES,4343.25,1941006
2021-09-22,ES,4384.0,1767853
2021-09-23,ES,4438.0,1447395
2021-09-24,ES,4445.75,1182037
2021-09-27,ES,4433.0,1306188
2021-09-28,ES,4343.5,2307037
2021-09-29,ES,4349.75,1815726
2021-09-30,ES,4297.75,2373423
2021-10-01,ES,4343.75,2269695
2021-10-04,ES,4291.25,2135338
2021-10-05,ES,4334.0,1650217
2021-10-06,ES,4354.0,2202805
2021-10-07,ES,4390.0,1406808
2021-10-08,ES,4382.25,1428160
2021-10-11,ES,4351.0,1245705
2021-10-12,ES,4340.75,1295686
2021-10-13,ES,4355.0,1372482
2021-10-14,ES,4429.0,1264458
2021-10-15,ES,4462.5,1185108
2021-10-18,ES,4477.5,1095216
2021-10-19,ES,4511.25,1018177
2021-10-20,ES,4528.0,1006857
2021-10-21,ES,4541.75,938565
2021-10-22,ES,4536.5,1315668
2021-10-25,ES,4558.0,1031431
2021-10-26,ES,4565.25,1257346
2021-10-27,ES,4544.5,1263181
2021-10-28,ES,4587.5,1195785
2021-10-29,ES,4597.0,1418280
2021-11-01,ES,4605.75,1071118
2021-11-02,ES,4623.5,980833
2021-11-03,ES,4652.25,1074650
2021-11-04,ES,4673.25,1169886
2021-11-05,ES,4690.25,1459142
2021-11-08,ES,4694.0,1000404
2021-11-09,ES,4678.25,1289857
2021-11-10,ES,4642.0,1639098
2021-11-11,ES,4643.0,936857
2021-11-12,ES,4678.25,1155591
2021-11-15,ES,4679.0,1047123
2021-11-16,ES,4696.0,1043587
2021-11-17,ES,4686.25,1056696
2021-11-18,ES,4701.5,1168195
2021-11-19,ES,4694.5,1344893
2021-11-22,ES,4679.75,1685386
2021-11-23,ES,4688.5,1872492
2021-11-24,ES,4699.0,1408571
2021-11-26,ES,4595.75,2068167
2021-11-29,ES,4651.0,2014967
2021-11-30,ES,4566.25,2845560
2021-12-01,ES,4508.5,2670344
2021-12-02,ES,4575.75,2587324
2021-12-03,ES,4537.5,2747667
2021-12-06,ES,4590.0,2031995
2021-12-07,ES,4685.0,1771947
2021-12-08,ES,4699.0,1418355
2021-12-09,ES,4667.0,1593325
2021-12-10,ES,4711.0,1585049
2021-12-13,ES,4668.75,1605196
2021-12-14,ES,4637.0,1211592
2021-12-15,ES,4709.5,673190
2021-12-16,ES,4668.75,435986
2021-12-17,ES,4636.4599609375,2472118
2021-12-20,ES,4558.5,2097624
2021-12-21,ES,4640.75,1493880
2021-12-22,ES,4686.0,1104688
2021-12-23,ES,4715.75,978022
2021-12-27,ES,4782.25,898698
2021-12-28,ES,4778.5,954520
2021-12-29,ES,4784.5,876030
2021-12-30,ES,4772.25,753935
2021-12-31,ES,4758.5,954083
2022-01-03,ES,4786.0,1322362
2022-01-04,ES,4784.25,1392809
2022-01-05,ES,4692.5,1856376
2022-01-06,ES,4687.5,1862918
2022-01-07,ES,4667.75,1618440
2022-01-10,ES,4662.25,2231980
2022-01-11,ES,4705.0,1729004
2022-01-12,ES,4716.25,1583216
2022-01-13,ES,4652.0,1824612
2022-01-14,ES,4654.75,2010610
2022-01-18,ES,4571.25,2268240
2022-01-19,ES,4524.25,2001348
2022-01-20,ES,4474.75,2040704
2022-01-21,ES,4390.0,3012106
2022-01-24,ES,4403.75,3846785
2022-01-25,ES,4349.0,2483392
2022-01-26,ES,4341.5,2423103
2022-01-27,ES,4317.75,2295458
2022-01-28,ES,4423.25,2251268
2022-01-31,ES,4504.25,1846145
2022-02-01,ES,4535.0,1618163
2022-02-02,ES,4577.25,1624220
2022-02-03,ES,4469.0,1800714
2022-02-04,ES,4492.5,1957881
2022-02-07,ES,4475.75,1495143
2022-02-08,ES,4512.5,1459766
2022-02-09,ES,4577.75,1383317
2022-02-10,ES,4497.5,2403026
2022-02-11,ES,4409.5,2479025
2022-02-14,ES,4394.0,2098618
2022-02-15,ES,4464.5,1523305
2022-02-16,ES,4470.0,1426847
2022-02-17,ES,4374.5,1629730
2022-02-18,ES,4343.5,1824590
2022-02-22,ES,4300.0,2589159
2022-02-23,ES,4222.0,1914227
2022-02-24,ES,4284.0,2945330
2022-02-25,ES,4380.0,1950397
2022-02-28,ES,4368.0,2189820
2022-03-01,ES,4303.75,1869277
2022-03-02,ES,4381.75,1712970
2022-03-03,ES,4359.25,1547676
2022-03-04,ES,4327.25,1842722
2022-03-07,ES,4198.5,1902001
2022-03-08,ES,4168.75,2333021
2022-03-09,ES,4275.25,1659520
2022-03-10,ES,4257.25,1745090
2022-03-11,ES,4201.5,1645055
2022-03-14,ES,4172.0,1438651
2022-03-15,ES,4262.0,1085846
2022-03-16,ES,4358.0,722600
2022-03-17,ES,4410.25,434642
2022-03-18,ES,4409.35009765625,1405299
2022-03-21,ES,4452.25,1375090
2022-03-22,ES,4505.0,1205860
2022-03-23,ES,4447.5,1336967
2022-03-24,ES,4512.5,1221569
2022-03-25,ES,4536.5,1251078
2022-03-28,ES,4568.0,1182527
2022-03-29,ES,4625.5,1353683
2022-03-30,ES,4596.0,1206203
2022-03-31,ES,4530.75,1650667
2022-04-01,ES,4539.25,1441126
2022-04-04,ES,4577.75,1025558
2022-04-05,ES,4520.25,1303877
2022-04-06,ES,4475.75,1803684
2022-04-07,ES,4496.25,1446250
2022-04-08,ES,4483.5,1358450
2022-04-11,ES,4409.0,1431371
2022-04-12,ES,4393.0,1739771
2022-04-13,ES,4442.25,1254348
2022-04-14,ES,4387.5,1396074
2022-04-18,ES,4386.75,1149765
2022-04-19,ES,4459.25,1465764
2022-04-20,ES,4455.5,1423396
2022-04-21,ES,4390.5,1704137
2022-04-22,ES,4267.25,2039961
2022-04-25,ES,4292.75,2280374
2022-04-26,ES,4170.5,2018166
2022-04-27,ES,4180.25,2035627
2022-04-28,ES,4283.5,1798644
2022-04-29,ES,4127.5,2117160
2022-05-02,ES,4151.0,2351404
2022-05-03,ES,4169.25,1678497
2022-05-04,ES,4295.25,1783477
2022-05-05,ES,4143.25,2389422
2022-05-06,ES,4119.5,2310919
2022-05-09,ES,3987.5,2139992
2022-05-10,ES,3996.75,2247750
2022-05-11,ES,3930.25,2157244
2022-05-12,ES,3927.25,2380563
2022-05-13,ES,4019.75,1859074
2022-05-16,ES,4004.75,1695198
2022-05-17,ES,4084.75,1716498
2022-05-18,ES,3922.75,2202394
2022-05-19,ES,3897.75,2317604
2022-05-20,ES,3899.5,2408399
2022-05-23,ES,3971.75,1736162
2022-05-24,ES,3940.5,2017453
2022-05-25,ES,3976.75,1744116
2022-05-26,ES,4055.75,1493132
2022-05-27,ES,4155.75,1547507
2022-05-31,ES,4131.25,2222573
2022-06-01,ES,4099.0,1912031
2022-06-02,ES,4175.25,1513748
2022-06-03,ES,4107.0,1532766
2022-06-06,ES,4120.5,1457918
2022-06-07,ES,4158.75,1677883
2022-06-08,ES,4114.0,1706628
2022-06-09,ES,4016.25,2024783
2022-06-10,ES,3899.0,2117225
2022-06-13,ES,3750.5,2155159
2022-06-14,ES,3736.75,1341257
2022-06-15,ES,3789.25,777545
2022-06-16,ES,3668.25,544027
2022-06-17,ES,3663.760009765625,2207570
2022-06-21,ES,3767.75,1566039
2022-06-22,ES,3762.75,1660579
2022-06-23,ES,3799.75,1607695
2022-06-24,ES,3916.25,1563128
2022-06-27,ES,3903.75,1497368
2022-06-28,ES,3825.5,1791690
2022-06-29,ES,3821.25,1717770
2022-06-30,ES,3789.5,2394361
2022-07-01,ES,3827.25,1752977
2022-07-05,ES,3834.0,2031501
2022-07-06,ES,3848.25,1684324
2022-07-07,ES,3905.0,1314443
2022-07-08,ES,3901.25,1485497
2022-07-11,ES,3856.75,1486103
2022-07-12,ES,3823.75,1640864
2022-07-13,ES,3804.5,2157968
2022-07-14,ES,3793.25,1916260
2022-07-15,ES,3865.0,1523753
2022-07-18,ES,3833.75,1439590
2022-07-19,ES,3937.5,1611604
2022-07-20,ES,3962.5,1734355
2022-07-21,ES,4001.25,1821097
2022-07-22,ES,3965.0,1736592
2022-07-25,ES,3970.0,1493471
2022-07-26,ES,3923.25,1589161
2022-07-27,ES,4024.5,1740431
2022-07-28,ES,4073.5,2014467
2022-07-29,ES,4133.5,1919598
2022-08-01,ES,4120.5,1776936
2022-08-02,ES,4093.75,1892241
2022-08-03,ES,4156.25,1696602
2022-08-04,ES,4152.25,1245063
2022-08-05,ES,4146.75,1722401
2022-08-08,ES,4141.75,1536449
2022-08-09,ES,4124.5,1280085
2022-08-10,ES,4210.0,1627940
2022-08-11,ES,4209.75,1598130
2022-08-12,ES,4281.0,1300170
2022-08-15,ES,4298.25,1317241
2022-08-16,ES,4307.75,1363248
2022-08-17,ES,4276.75,1638797
2022-08-18,ES,4286.5,1366220
2022-08-19,ES,4231.5,1701251
2022-08-22,ES,4141.25,1724203
2022-08-23,ES,4130.5,1575674
2022-08-24,ES,4142.75,1348612
2022-08-25,ES,4201.0,1635476
2022-08-26,ES,4059.5,2241117
2022-08-29,ES,4031.25,1963446
2022-08-30,ES,3987.5,2555455
2022-08-31,ES,3956.5,2366488
2022-09-01,ES,3968.75,2212034
2022-09-02,ES,3924.5,2510355
2022-09-06,ES,3910.5,2360326
2022-09-07,ES,3980.0,1956209
2022-09-08,ES,4005.5,2356008
2022-09-09,ES,4067.25,1677890
2022-09-12,ES,4110.75,1718859
2022-09-13,ES,3931.25,1418271
2022-09-14,ES,3947.5,662596
2022-09-15,ES,3902.0,438921
2022-09-16,ES,3871.239990234375,2688630
2022-09-19,ES,3917.25,2100098
2022-09-20,ES,3872.75,2357296
2022-09-21,ES,3806.25,2440206
2022-09-22,ES,3772.0,2578314
2022-09-23,ES,3709.0,2913560
2022-09-26,ES,3670.0,2899415
2022-09-27,ES,3661.0,2963065
2022-09-28,ES,3732.0,2780935
2022-09-29,ES,3654.25,2860631
2022-09-30,ES,3601.5,2976179
2022-10-03,ES,3690.25,2315515
2022-10-04,ES,3803.25,2381497
2022-10-05,ES,3794.0,2089198
2022-10-06,ES,3756.75,2157569
2022-10-07,ES,3653.25,2238683
2022-10-10,ES,3625.25,2024447
2022-10-11,ES,3599.25,2398140
2022-10-12,ES,3588.5,1948173
2022-10-13,ES,3681.75,3288646
2022-10-14,ES,3597.5,2730405
2022-10-17,ES,3689.25,1951998
2022-10-18,ES,3732.75,2746886
2022-10-19,ES,3707.25,2348844
2022-10-20,ES,3675.25,2403705
2022-10-21,ES,3764.0,2681019
2022-10-24,ES,3809.25,2109780
2022-10-25,ES,3870.25,1836723
2022-10-26,ES,3841.0,2118534
2022-10-27,ES,3819.5,2211786
2022-10-28,ES,3911.25,2084386
2022-10-31,ES,3883.0,2002625
2022-11-01,ES,3866.0,1895614
2022-11-02,ES,3768.75,2210708
2022-11-03,ES,3727.75,1887557
2022-11-04,ES,3779.5,2494788
2022-11-07,ES,3815.25,1483146
2022-11-08,ES,3835.25,1878046
2022-11-09,ES,3755.5,1889153
2022-11-10,ES,3961.0,2408104
2022-11-11,ES,4000.25,1927068
2022-11-14,ES,3966.0,1592615
2022-11-15,ES,3999.5,2230543
2022-11-16,ES,3968.5,1502501
2022-11-17,ES,3955.25,1560808
2022-11-18,ES,3974.0,1534155
2022-11-21,ES,3958.0,1178421
2022-11-22,ES,4010.25,1161999
2022-11-23,ES,4033.0,1281153
2022-11-25,ES,4032.5,608795
2022-11-28,ES,3970.25,1481503
2022-11-29,ES,3962.0,1500171
2022-11-30,ES,4081.25,2479997
2022-12-01,ES,4081.75,1834073
2022-12-02,ES,4075.5,1849784
2022-12-05,ES,4003.25,1497688
2022-12-06,ES,3945.0,1869101
2022-12-07,ES,3936.75,1756473
2022-12-08,ES,3965.75,1708915
2022-12-09,ES,3936.25,1739761
2022-12-12,ES,3991.75,1619977
2022-12-13,ES,4022.25,1419560
2022-12-14,ES,3998.0,712439
2022-12-15,ES,3897.0,560669
2022-12-16,ES,3871.469970703125,1965701
2022-12-19,ES,3845.5,1405774
2022-12-20,ES,3849.25,1541868
2022-12-21,ES,3905.75,1522069
2022-12-22,ES,3849.25,1842326
2022-12-23,ES,3869.75,1374913
2022-12-27,ES,3855.0,1006414
2022-12-28,ES,3807.5,1282810
2022-12-29,ES,3871.75,1146984
2022-12-30,ES,3861.0,1401810
2023-01-03,ES,3846.0,1782473
2023-01-04,ES,3874.5,1912155
2023-01-05,ES,3829.0,1679973
2023-01-06,ES,3915.5,2026154
2023-01-09,ES,3913.75,1697887
2023-01-10,ES,3940.75,1520955
2023-01-11,ES,3990.0,1398769
2023-01-12,ES,4003.5,2102587
2023-01-13,ES,4018.25,1456784
2023-01-17,ES,4009.5,1423931
2023-01-18,ES,3945.75,1902551
2023-01-19,ES,3915.5,1896890
2023-01-20,ES,3988.5,1620355
2023-01-23,ES,4036.5,1594736
2023-01-24,ES,4032.75,1472856
2023-01-25,ES,4032.0,1760515
2023-01-26,ES,4075.5,1613804
2023-01-27,ES,4084.25,1587936
2023-01-30,ES,4032.5,1786112
2023-01-31,ES,4090.0,1790751
2023-02-01,ES,4132.25,2000400
2023-02-02,ES,4191.5,2290729
2023-02-03,ES,4147.75,2354996
2023-02-06,ES,4123.5,1560324
2023-02-07,ES,4175.75,2180936
2023-02-08,ES,4130.5,1804101
2023-02-09,ES,4091.75,1828571
2023-02-10,ES,4099.75,1744956
2023-02-13,ES,4147.25,1376325
2023-02-14,ES,4145.5,2379034
2023-02-15,ES,4158.25,1611550
2023-02-16,ES,4099.75,2042993
2023-02-17,ES,4087.5,2008448
2023-02-21,ES,4005.75,1883040
2023-02-22,ES,3999.0,1925300
2023-02-23,ES,4018.75,1955820
2023-02-24,ES,3975.75,2063242
2023-02-27,ES,3988.0,1621961
2023-02-28,ES,3975.5,1847930
2023-03-01,ES,3956.5,2042321
2023-03-02,ES,3984.75,1836555
2023-03-03,ES,4049.75,1665102
2023-03-06,ES,4052.5,1528845
2023-03-07,ES,3989.75,2141615
2023-03-08,ES,3995.0,1831712
2023-03-09,ES,3920.0,2547423
2023-03-10,ES,3862.75,3285811
2023-03-13,ES,3856.75,2750477
2023-03-14,ES,3920.5,1606509
2023-03-15,ES,3892.75,833643
2023-03-16,ES,3960.5,466914
2023-03-17,ES,3957.050048828125,2224268
2023-03-20,ES,3983.0,1818807
2023-03-21,ES,4035.75,1531670
2023-03-22,ES,3970.5,1802929
2023-03-23,ES,3978.0,2236954
2023-03-24,ES,4001.25,1944981
2023-03-27,ES,4007.25,1304572
2023-03-28,ES,4001.5,1224495
2023-03-29,ES,4057.5,1389352
2023-03-30,ES,4080.0,1328529
2023-03-31,ES,4137.75,1695840
2023-04-03,ES,4153.75,1380286
2023-04-04,ES,4129.0,1582414
2023-04-05,ES,4117.25,1470176
2023-04-06,ES,4132.0,73009
2023-04-10,ES,4136.25,1167715
2023-04-11,ES,4136.5,1221824
2023-04-12,ES,4119.0,1853671
2023-04-13,ES,4172.75,1458785
2023-04-14,ES,4163.75,1882896
2023-04-17,ES,4176.75,1298123
2023-04-18,ES,4180.0,1427797
2023-04-19,ES,4178.5,1292622
2023-04-20,ES,4152.5,1768379
2023-04-21,ES,4156.75,1645161
2023-04-24,ES,4159.5,1328041
2023-04-25,ES,4093.25,1770908
2023-04-26,ES,4076.0,1814741
2023-04-27,ES,4153.75,1686692
2023-04-28,ES,4188.5,1753803
2023-05-01,ES,4185.75,1240490
2023-05-02,ES,4136.75,2034176
2023-05-03,ES,4107.5,1658392
2023-05-04,ES,4075.75,1994772
2023-05-05,ES,4150.25,1545895
2023-05-08,ES,4152.75,1026014
2023-05-09,ES,4134.0,1000924
2023-05-10,ES,4152.0,1887587
2023-05-11,ES,4143.75,1473383
2023-05-12,ES,4138.0,1434601
2023-05-15,ES,4150.0,1179165
2023-05-16,ES,4123.0,1316691
2023-05-17,ES,4171.5,1584910
2023-05-18,ES,4212.0,1760668
2023-05-19,ES,4204.75,1713351
2023-05-22,ES,4205.0,1302845
2023-05-23,ES,4158.75,1685056
2023-05-24,ES,4126.0,1911903
2023-05-25,ES,4159.75,1966626
2023-05-26,ES,4213.25,1744425
2023-05-30,ES,4215.0,1957579
2023-05-31,ES,4190.5,2138566
2023-06-01,ES,4228.0,1868363
2023-06-02,ES,4288.0,1955603
2023-06-05,ES,4281.0,1668759
2023-06-06,ES,4289.75,1548125
2023-06-07,ES,4274.25,1925195
2023-06-08,ES,4298.25,1664333
2023-06-09,ES,4304.75,2176645
2023-06-12,ES,4342.75,1665175
2023-06-13,ES,4371.75,1317118
2023-06-14,ES,4374.25,758316
2023-06-15,ES,4426.5,486414
2023-06-16,ES,4453.35009765625,1895105
2023-06-20,ES,4434.75,1540416
2023-06-21,ES,4409.25,1468258
2023-06-22,ES,4423.75,1384002
2023-06-23,ES,4389.0,1550992
2023-06-26,ES,4370.25,1622416
2023-06-27,ES,4418.75,1512256
2023-06-28,ES,4417.5,1689461
2023-06-29,ES,4435.75,1628750
2023-06-30,ES,4488.25,1774940
2023-07-03,ES,4492.25,641289
2023-07-05,ES,4483.75,1193759
2023-07-06,ES,4447.0,1741520
2023-07-07,ES,4434.0,1691644
2023-07-10,ES,4444.25,1361155
2023-07-11,ES,4473.5,1340232
2023-07-12,ES,4507.5,1784296
2023-07-13,ES,4543.5,1158193
2023-07-14,ES,4536.75,1381069
2023-07-17,ES,4553.75,1057965
2023-07-18,ES,4587.75,1301460
2023-07-19,ES,4597.0,1538747
2023-07-20,ES,4565.5,1527727
2023-07-21,ES,4564.75,1432643
2023-07-24,ES,4583.5,1203661
2023-07-25,ES,4596.0,1219737
2023-07-26,ES,4595.25,1372426
2023-07-27,ES,4564.25,1924565
2023-07-28,ES,4606.5,1573973
2023-07-31,ES,4614.5,1299434
2023-08-01,ES,4601.25,1212261
2023-08-02,ES,4537.25,1917865
2023-08-03,ES,4521.75,1764076
2023-08-04,ES,4498.0,2044936
2023-08-07,ES,4537.75,1397301
2023-08-08,ES,4518.5,1696546
2023-08-09,ES,4485.75,1640285
2023-08-10,ES,4485.75,2227022
2023-08-11,ES,4480.75,1511048
2023-08-14,ES,4506.0,1277132
2023-08-15,ES,4454.0,1492516
2023-08-16,ES,4420.0,1499218
2023-08-17,ES,4384.5,1630481
2023-08-18,ES,4382.75,1746289
2023-08-21,ES,4412.5,1361470
2023-08-22,ES,4399.25,1375651
2023-08-23,ES,4447.0,1306640
2023-08-24,ES,4386.0,1783795
2023-08-25,ES,4414.25,1853335
2023-08-28,ES,4442.25,1266414
2023-08-29,ES,4506.75,1444714
2023-08-30,ES,4524.25,1397669
2023-08-31,ES,4516.0,1395751
2023-09-01,ES,4521.5,1416762
2023-09-05,ES,4502.5,1391805
2023-09-06,ES,4471.5,1600128
2023-09-07,ES,4456.25,1602226
2023-09-08,ES,4461.75,1686158
2023-09-11,ES,4490.25,1714266
2023-09-12,ES,4465.0,1153961
2023-09-13,ES,4468.75,690872
2023-09-14,ES,4506.0,454906
2023-09-15,ES,4491.72021484375,1825966
2023-09-18,ES,4501.5,1155158
2023-09-19,ES,4490.0,1422950
2023-09-20,ES,4447.0,1482206
2023-09-21,ES,4372.0,1998638
2023-09-22,ES,4361.0,1736576
2023-09-25,ES,4378.75,1561595
2023-09-26,ES,4314.75,1758048
2023-09-27,ES,4313.5,1965913
2023-09-28,ES,4337.5,2012088
2023-09-29,ES,4325.5,2106053
2023-10-02,ES,4324.25,1950463
2023-10-03,ES,4264.75,2256808
2023-10-04,ES,4297.75,2168271
2023-10-05,ES,4290.75,1673477
2023-10-06,ES,4341.5,2216456
2023-10-09,ES,4368.75,1485254
2023-10-10,ES,4391.5,1610271
2023-10-11,ES,4409.75,1489644
2023-10-12,ES,4380.5,1881573
2023-10-13,ES,4357.25,2159101
2023-10-16,ES,4401.0,1668948
2023-10-17,ES,4401.75,1879736
2023-10-18,ES,4342.25,2271572
2023-10-19,ES,4303.0,2741942
2023-10-20,ES,4248.5,2328806
2023-10-23,ES,4241.75,1963670
2023-10-24,ES,4271.25,1807092
2023-10-25,ES,4209.75,1981633
2023-10-26,ES,4156.5,2419407
2023-10-27,ES,4137.75,2195767
2023-10-30,ES,4185.75,1904610
2023-10-31,ES,4212.25,1836212
2023-11-01,ES,4256.0,2027080
2023-11-02,ES,4335.75,1819596
2023-11-03,ES,4376.0,1803552
2023-11-06,ES,4384.25,1348878
2023-11-07,ES,4396.0,1371257
2023-11-08,ES,4399.5,1390288
2023-11-09,ES,4362.25,1972630
2023-11-10,ES,4430.5,1752002
2023-11-13,ES,4425.25,1276182
2023-11-14,ES,4511.0,1901847
2023-11-15,ES,4519.25,1573452
2023-11-16,ES,4523.25,1491734
2023-11-17,ES,4527.5,1331912
2023-11-20,ES,4562.25,1220790
2023-11-21,ES,4551.25,1101669
2023-11-22,ES,4567.25,1403636
2023-11-23,ES,4569.5,1403636
2023-11-24,ES,4568.25,572702
2023-11-27,ES,4561.0,1124213
2023-11-28,ES,4563.0,1441119
2023-11-29,ES,4559.25,1592398
2023-11-30,ES,4576.75,2056268
2023-12-01,ES,4600.75,1914151
2023-12-04,ES,4576.5,1818991
2023-12-05,ES,4575.0,1890825
2023-12-06,ES,4556.0,1837961
2023-12-07,ES,4589.5,1832361
2023-12-08,ES,4607.5,2289425
2023-12-11,ES,4626.0,1663229
2023-12-12,ES,4645.75,1052077
2023-12-13,ES,4708.25,739684
2023-12-14,ES,4721.75,560819
2023-12-15,ES,4694.27001953125,1801823
2023-12-18,ES,4793.0,1139029
2023-12-19,ES,4820.25,1122973
2023-12-20,ES,4749.75,1749145
2023-12-21,ES,4796.75,1687065
2023-12-22,ES,4805.25,1326697
2023-12-26,ES,4825.0,688201
2023-12-27,ES,4833.5,1042284
2023-12-28,ES,4832.25,927035
2023-12-29,ES,4820.0,1281733
2024-01-02,ES,4787.25,1678142
2024-01-03,ES,4746.5,1707174
2024-01-04,ES,4729.5,1395366
2024-01-05,ES,4734.75,1767245
2024-01-08,ES,4801.25,1417728
2024-01-09,ES,4792.75,1369103
2024-01-10,ES,4820.25,1377780
2024-01-11,ES,4815.5,1795564
2024-01-12,ES,4816.5,1519899
2024-01-16,ES,4798.5,1905532
2024-01-17,ES,4771.25,1663328
2024-01-18,ES,4811.25,1746936
2024-01-19,ES,4869.5,1876757
2024-01-22,ES,4881.0,1356050
2024-01-23,ES,4895.0,1130749
2024-01-24,ES,4898.0,1586824
2024-01-25,ES,4923.25,1532026
2024-01-26,ES,4916.25,1363612
2024-01-29,ES,4954.5,1197989
2024-01-30,ES,4951.0,1157425
2024-01-31,ES,4870.5,2285993
2024-02-01,ES,4928.5,1835510
2024-02-02,ES,4980.25,1957796
2024-02-05,ES,4962.0,1504676
2024-02-06,ES,4974.75,1267419
2024-02-07,ES,5015.25,1336172
2024-02-08,ES,5017.75,997431
2024-02-09,ES,5044.0,1212336
2024-02-12,ES,5041.25,1141487
2024-02-13,ES,4971.25,2112726
2024-02-14,ES,5018.0,1632071
2024-02-15,ES,5046.5,1361757
2024-02-16,ES,5019.75,1527729
2024-02-20,ES,4991.5,1609827
2024-02-21,ES,4996.25,1485687
2024-02-22,ES,5097.75,1738869
2024-02-23,ES,5101.5,1340050
2024-02-26,ES,5080.25,1094682
2024-02-27,ES,5090.0,1026819
2024-02-28,ES,5081.0,1201011
2024-02-29,ES,5103.75,1790702
2024-03-01,ES,5146.0,1597331
2024-03-04,ES,5138.25,1208040
2024-03-05,ES,5085.75,1885769
2024-03-06,ES,5111.75,1996223
2024-03-07,ES,5161.75,1791666
2024-03-08,ES,5129.0,2786680
2024-03-11,ES,5123.0,1840000
2024-03-12,ES,5177.25,1211911
2024-03-13,ES,5168.0,540170
2024-03-14,ES,5153.75,476074
2024-03-15,ES,5101.669921875,1927775
2024-03-18,ES,5214.75,1377276
2024-03-19,ES,5241.75,1440289
2024-03-20,ES,5286.75,1404974
2024-03-21,ES,5302.5,1326994
2024-03-22,ES,5293.25,1162606
2024-03-25,ES,5278.25,920608
2024-03-26,ES,5265.25,1092706
2024-03-27,ES,5308.25,1487671
2024-03-28,ES,5308.5,1317836
2024-04-01,ES,5295.25,1125234
2024-04-02,ES,5260.5,1426691
2024-04-03,ES,5266.5,1402981
2024-04-04,ES,5197.25,1941274
2024-04-05,ES,5253.0,1908306
2024-04-08,ES,5253.25,1167648
2024-04-09,ES,5260.25,1651973
2024-04-10,ES,5207.75,2369864
2024-04-11,ES,5243.25,1762470
2024-04-12,ES,5167.5,2005106
2024-04-15,ES,5104.0,2226105
2024-04-16,ES,5092.5,2098015
2024-04-17,ES,5062.25,1928645
2024-04-18,ES,5049.0,1701401
2024-04-19,ES,5003.75,2357143
2024-04-22,ES,5047.5,1584393
2024-04-23,ES,5106.5,1357493
2024-04-24,ES,5107.5,1512469
2024-04-25,ES,5082.25,1887635
2024-04-26,ES,5131.5,1455855
2024-04-29,ES,5147.0,1163440
2024-04-30,ES,5067.0,1675335
2024-05-01,ES,5046.5,1955160
2024-05-02,ES,5091.5,1573131
2024-05-03,ES,5154.75,1604172
2024-05-06,ES,5206.5,1019307
2024-05-07,ES,5213.75,1106457
2024-05-08,ES,5212.75,1013418
2024-05-09,ES,5239.0,1094931
2024-05-10,ES,5246.25,1112925
2024-05-13,ES,5245.5,922763
2024-05-14,ES,5269.5,1252615
2024-05-15,ES,5333.0,1391029
2024-05-16,ES,5320.25,1207843
2024-05-17,ES,5327.25,1052765
2024-05-20,ES,5331.75,1031456
2024-05-21,ES,5345.25,1011849
2024-05-22,ES,5328.0,1257477
2024-05-23,ES,5285.25,2012153
2024-05-24,ES,5321.5,1264244
2024-05-28,ES,5324.75,1387872
2024-05-29,ES,5284.0,1445855
2024-05-30,ES,5253.0,1495148
2024-05-31,ES,5295.5,2452894
2024-06-03,ES,5297.25,1785532
2024-06-04,ES,5304.0,1679093
2024-06-05,ES,5366.0,1450596
2024-06-06,ES,5364.0,1228240
2024-06-07,ES,5355.75,1591439
2024-06-10,ES,5371.25,1185881
2024-06-11,ES,5384.0,1413433
2024-06-12,ES,5427.5,1899786
2024-06-13,ES,5438.5,1682858
2024-06-14,ES,5437.5,1789793
2024-06-17,ES,5478.5,1589643
2024-06-18,ES,5491.0,820053
2024-06-20,ES,5476.75,571332
2024-06-21,ES,5471.89013671875,1392213
2024-06-24,ES,5517.0,1410359
2024-06-25,ES,5537.0,1141183
2024-06-26,ES,5543.5,1197372
2024-06-27,ES,5546.0,1257121
2024-06-28,ES,5521.5,1855777
2024-07-01,ES,5533.75,1432355
2024-07-02,ES,5568.75,1315097
2024-07-03,ES,5590.25,808966
2024-07-05,ES,5621.5,1233173
2024-07-08,ES,5625.25,981186
2024-07-09,ES,5631.25,1063568
2024-07-10,ES,5688.0,1200224
2024-07-11,ES,5639.75,1970766
2024-07-12,ES,5664.75,1684437
2024-07-15,ES,5683.0,1701349
2024-07-16,ES,5717.25,1485113
2024-07-17,ES,5639.0,2059862
2024-07-18,ES,5594.5,2528379
2024-07-19,ES,5553.75,2106581
2024-07-22,ES,5610.75,1671918
2024-07-23,ES,5599.25,1385653
2024-07-24,ES,5472.0,2178690
2024-07-25,ES,5441.25,2888086
2024-07-26,ES,5499.0,1977698
2024-07-29,ES,5503.0,1697647
2024-07-30,ES,5472.5,2053956
2024-07-31,ES,5558.0,2156505
2024-08-01,ES,5480.25,2751690
2024-08-02,ES,5376.0,3239738
2024-08-05,ES,5217.5,3436090
2024-08-06,ES,5266.25,2172067
2024-08-07,ES,5227.5,2247229
2024-08-08,ES,5348.25,1912347
2024-08-09,ES,5370.25,1412017
2024-08-12,ES,5369.75,1219995
2024-08-13,ES,5459.0,1271171
2024-08-14,ES,5477.0,1301826
2024-08-15,ES,5567.5,1440377
2024-08-16,ES,5578.25,1183498
2024-08-19,ES,5630.0,1010612
2024-08-20,ES,5619.75,1020393
2024-08-21,ES,5641.5,1086814
2024-08-22,ES,5594.0,1409474
2024-08-23,ES,5652.5,1415472
2024-08-26,ES,5637.0,1090361
2024-08-27,ES,5644.75,1027658
2024-08-28,ES,5610.25,1381099
2024-08-29,ES,5610.0,1571688
2024-08-30,ES,5661.0,1558874
2024-09-03,ES,5541.75,1910577
2024-09-04,ES,5530.0,1749591
2024-09-05,ES,5512.25,1737210
2024-09-06,ES,5419.5,2377532
2024-09-09,ES,5479.5,2377532
2024-09-10,ES,5504.0,1525620
2024-09-11,ES,5561.25,2309139
2024-09-12,ES,5602.25,1726434
2024-09-13,ES,5629.75,1706322
2024-09-16,ES,5638.0,1588010
2024-09-17,ES,5639.0,1056184
2024-09-18,ES,5620.75,605651
2024-09-19,ES,5717.75,461433
2024-09-20,ES,5699.990234375,1623655
2024-09-23,ES,5776.75,1077941
2024-09-24,ES,5792.0,1181221
2024-09-25,ES,5779.0,1043665
2024-09-26,ES,5804.5,1360026
2024-09-27,ES,5791.25,1280272
2024-09-30,ES,5814.25,1502729
2024-10-01,ES,5759.75,1947177
2024-10-02,ES,5760.25,1250353
2024-10-03,ES,5749.5,1421429
2024-10-04,ES,5800.0,1460645
2024-10-07,ES,5744.75,1211368
2024-10-08,ES,5800.5,1172261
2024-10-09,ES,5841.25,1113875
2024-10-10,ES,5829.0,1116046
2024-10-11,ES,5859.75,1028816
2024-10-14,ES,5908.25,919072
2024-10-15,ES,5862.75,1365310
2024-10-16,ES,5887.0,935721
2024-10-17,ES,5887.0,1236083
2024-10-18,ES,5906.0,952612
2024-10-21,ES,5896.25,1063780
2024-10-22,ES,5892.5,1033296
2024-10-23,ES,5837.75,1468269
2024-10-24,ES,5849.0,1159448
2024-10-25,ES,5846.0,1368245
2024-10-28,ES,5861.5,1017440
2024-10-29,ES,5871.0,1195753
2024-10-30,ES,5852.0,1347170
2024-10-31,ES,5738.5,1973513
2024-11-01,ES,5758.25,1592031
2024-11-04,ES,5743.25,1333685
2024-11-05,ES,5812.25,1198797
2024-11-06,ES,5958.25,2023257
2024-11-07,ES,6003.75,1285585
2024-11-08,ES,6025.25,1184512
2024-11-11,ES,6031.75,1069929
2024-11-12,ES,6013.0,1407120
2024-11-13,ES,6016.0,1445258
2024-11-14,ES,5978.25,1538927
2024-11-15,ES,5896.5,2008339
2024-11-18,ES,5920.0,1332326
2024-11-19,ES,5938.75,1636346
2024-11-20,ES,5937.75,1597257
2024-11-21,ES,5970.5,1867101
2024-11-22,ES,5987.0,1550734
2024-11-25,ES,6006.5,1619917
2024-11-26,ES,6038.25,1336843
2024-11-27,ES,6015.0,1157171
2024-11-29,ES,6051.5,847984
2024-12-02,ES,6061.75,989033
2024-12-03,ES,6063.25,991961
2024-12-04,ES,6098.5,1142137
2024-12-05,ES,6088.75,1118784
2024-12-06,ES,6099.0,1167677
2024-12-09,ES,6065.75,1351194
2024-12-10,ES,6046.25,1350731
2024-12-11,ES,6092.75,1271795
2024-12-12,ES,6060.75,1565731
2024-12-13,ES,6055.5,1996354
2024-12-16,ES,6080.5,1612199
2024-12-17,ES,6053.75,1113325
2024-12-18,ES,5872.25,847452
2024-12-19,ES,5868.75,532081
2024-12-20,ES,5840.259765625,2340873
2024-12-23,ES,6036.0,1406019
2024-12-24,ES,6098.0,634201
2024-12-26,ES,6095.25,911486
2024-12-27,ES,6027.0,1641100
2024-12-30,ES,5958.75,1575134
2024-12-31,ES,5935.75,1382187
2025-01-02,ES,5916.5,1826031
2025-01-03,ES,5989.5,1206570
2025-01-06,ES,6020.5,1547298
2025-01-07,ES,5954.25,1771767
2025-01-08,ES,5959.25,1764315
2025-01-09,ES,5944.75,113831
2025-01-10,ES,5866.25,2130067
2025-01-13,ES,5874.5,1755341
2025-01-14,ES,5882.25,1839961
2025-01-15,ES,5989.0,1657670
2025-01-16,ES,5975.5,1566439
2025-01-17,ES,6033.5,1417304
2025-01-21,ES,6084.25,1725952
2025-01-22,ES,6120.5,1249850
2025-01-23,ES,6152.0,1136009
2025-01-24,ES,6133.25,1254280
2025-01-27,ES,6046.75,2385614
2025-01-28,ES,6097.0,1585216
2025-01-29,ES,6067.5,1552941
2025-01-30,ES,6099.25,1606753
2025-01-31,ES,6067.25,1866467
2025-02-03,ES,6022.25,2314824
2025-02-04,ES,6063.0,1333376
2025-02-05,ES,6086.5,1216433
2025-02-06,ES,6106.0,1179112
2025-02-07,ES,6049.5,1683475
2025-02-10,ES,6088.75,1005560
2025-02-11,ES,6092.25,1017366
2025-02-12,ES,6072.75,1558395
2025-02-13,ES,6135.25,1523953
2025-02-14,ES,6132.0,1018370
2025-02-18,ES,6146.75,1200599
2025-02-19,ES,6163.0,1078997
2025-02-20,ES,6136.5,1405343
2025-02-21,ES,6029.0,1940563
2025-02-24,ES,6000.75,1797847
2025-02-25,ES,5970.0,2215332
2025-02-26,ES,5970.75,1901306
2025-02-27,ES,5876.25,2579895
2025-02-28,ES,5963.25,2784347
2025-03-03,ES,5860.75,2610882
2025-03-04,ES,5789.5,3353551
2025-03-05,ES,5851.25,2284032
2025-03-06,ES,5746.25,2553819
2025-03-07,ES,5776.0,2315005
2025-03-10,ES,5620.75,2590102
2025-03-11,ES,5577.0,2623963
2025-03-12,ES,5604.75,2004740
2025-03-13,ES,5527.5,2163776
2025-03-14,ES,5640.0,2191954
2025-03-17,ES,5680.25,2086734
2025-03-18,ES,5618.0,1111733
2025-03-19,ES,5678.5,704394
2025-03-20,ES,5662.5,412785
2025-03-21,ES,5617.7998046875,1629871
2025-03-24,ES,5815.5,1404629
2025-03-25,ES,5826.5,1078548
2025-03-26,ES,5759.5,1483959
2025-03-27,ES,5739.25,1575855
2025-03-28,ES,5623.0,1910914
2025-03-31,ES,5653.25,2229839
2025-04-01,ES,5674.5,1871505
2025-04-02,ES,5712.25,2060456
2025-04-03,ES,5432.75,2470412
2025-04-04,ES,5110.25,3678162
2025-04-07,ES,5097.25,3673583
2025-04-08,ES,5020.25,2438061
2025-04-09,ES,5491.0,3096194
2025-04-10,ES,5302.0,2524214
2025-04-11,ES,5391.25,1759660
2025-04-14,ES,5440.75,1303900
2025-04-15,ES,5428.25,1158703
2025-04-16,ES,5305.75,1559064
2025-04-17,ES,5312.75,1381396
2025-04-21,ES,5184.75,1191218
2025-04-22,ES,5314.75,1572006
2025-04-23,ES,5401.75,1846494
2025-04-24,ES,5511.25,1411419
2025-04-25,ES,5549.75,1339888
2025-04-28,ES,5553.0,1198801
2025-04-29,ES,5583.75,1227182
2025-04-30,ES,5587.0,1833646
2025-05-01,ES,5623.25,1388619
2025-05-02,ES,5709.0,1383367
2025-05-05,ES,5671.75,989373
2025-05-06,ES,5625.75,1303877
2025-05-07,ES,5652.0,1390561
2025-05-08,ES,5684.5,1428613
2025-05-09,ES,5678.0,1029418
2025-05-12,ES,5865.0,1765593
2025-05-13,ES,5904.5,1335457
2025-05-14,ES,5908.5,1207202
2025-05-15,ES,5933.25,1291986
2025-05-16,ES,5975.5,1180875
2025-05-19,ES,5982.5,1245859
2025-05-20,ES,5959.75,1112908
2025-05-21,ES,5861.25,1548946
2025-05-22,ES,5856.75,1419522
2025-05-23,ES,5817.0,1537693
2025-05-27,ES,5934.25,1288369
2025-05-28,ES,5902.75,1181330
2025-05-29,ES,5922.75,1414864
2025-05-30,ES,5916.0,1633334
2025-06-02,ES,5947.25,1194125
2025-06-03,ES,5981.5,1154297
2025-06-04,ES,5981.0,1097088
2025-06-05,ES,5946.0,0
2025-06-06,ES,6006.75,1278102
2025-06-09,ES,6010.25,912371
2025-06-10,ES,6045.0,1104373
2025-06-11,ES,6029.0,1610313
2025-06-12,ES,6049.5,1330953
2025-06-13,ES,5979.25,2162167
2025-06-16,ES,6035.75,1744867
2025-06-17,ES,5985.0,870571
2025-06-18,ES,5981.5,0
2025-06-20,ES,6010.2099609375,1694443
2025-06-23,ES,6077.0,1358034
2025-06-24,ES,6146.25,1077333
2025-06-25,ES,6147.0,902500
2025-06-26,ES,6195.0,1039428
2025-06-27,ES,6223.75,1353399
2025-06-30,ES,6253.75,1364101
2025-07-01,ES,6248.75,1320618
2025-07-02,ES,6275.0,1044261
2025-07-03,ES,6324.25,0
2025-07-04,ES,6283.5,0
2025-07-07,ES,6276.0,1376613
2025-07-08,ES,6272.0,1073914
2025-07-09,ES,6307.25,1144723
2025-07-10,ES,6324.25,948393
2025-07-11,ES,6300.0,1100047
2025-07-14,ES,6311.0,909223
2025-07-15,ES,6284.0,1279068
2025-07-16,ES,6303.25,1462969
2025-07-17,ES,6340.5,1052843
2025-07-18,ES,6334.75,1050307
2025-07-21,ES,6344.75,934271
2025-07-22,ES,6346.75,1130356
2025-07-23,ES,6396.25,1203541
2025-07-24,ES,6401.5,1073595
2025-07-25,ES,6425.0,829856
2025-07-28,ES,6422.75,972646
2025-07-29,ES,6406.0,1122508
2025-07-30,ES,6396.25,1302795
2025-07-31,ES,6374.25,1857020
2025-08-01,ES,6264.5,2287699
2025-08-04,ES,6356.0,1304652
2025-08-05,ES,6325.25,1402448
2025-08-06,ES,6371.0,1233346
2025-08-07,ES,6366.5,1458573
2025-08-08,ES,6413.5,1196497
2025-08-11,ES,6399.75,1073359
2025-08-12,ES,6468.5,1271180
2025-08-13,ES,6488.75,1111683
2025-08-14,ES,6490.5,1186070
2025-08-15,ES,6471.5,1122157
2025-08-18,ES,6469.25,860451
2025-08-19,ES,6432.5,1224317
2025-08-20,ES,6413.25,1609469
2025-08-21,ES,6388.25,1200689
2025-08-22,ES,6483.25,1420723
2025-08-25,ES,6455.5,932515
2025-08-26,ES,6482.5,1133761
2025-08-27,ES,6496.0,957730
2025-08-28,ES,6517.5,1170397
2025-08-29,ES,6472.75,0
2025-09-02,ES,6425.5,1802584
2025-09-03,ES,6457.25,1435997
2025-09-04,ES,6510.75,1186477
2025-09-05,ES,6489.75,1710784
2025-09-08,ES,6506.0,1187985
2025-09-09,ES,6521.75,1169514
2025-09-10,ES,6539.75,1381759
2025-09-11,ES,6592.5,1282669
2025-09-12,ES,6588.25,1601056
2025-09-15,ES,6621.5,1539732
2025-09-16,ES,6610.75,837034
2025-09-17,ES,6601.25,560841
2025-09-18,ES,6635.0,339967
2025-09-19,ES,6658.77001953125,1369003
2025-09-22,ES,6752.5,1081569
2025-09-23,ES,6715.0,1264195
2025-09-24,ES,6692.25,1250173
2025-09-25,ES,6659.75,1710507
2025-09-26,ES,6696.5,1338413
2025-09-29,ES,6713.5,1209953
2025-09-30,ES,6738.75,1521737
2025-10-01,ES,6761.5,1312743
2025-10-02,ES,6766.75,1182875
2025-10-03,ES,6764.0,1366239
2025-10-06,ES,6788.75,1087339
2025-10-07,ES,6761.5,1433808
2025-10-08,ES,6801.25,1047925
2025-10-09,ES,6779.25,1370466
2025-10-10,ES,6595.25,2570043
2025-10-13,ES,6694.75,2570043
2025-10-14,ES,6686.5,2147252
2025-10-15,ES,6715.0,2009854
2025-10-16,ES,6668.75,2221351
2025-10-17,ES,6702.5,2081456
2025-10-20,ES,6773.75,1207586
2025-10-21,ES,6773.25,1285745
2025-10-22,ES,6737.0,1905565
2025-10-23,ES,6775.0,1375494
2025-10-24,ES,6827.0,1279387
2025-10-27,ES,6908.25,1191278
2025-10-28,ES,6925.75,1221838
2025-10-29,ES,6922.75,1536995
2025-10-30,ES,6855.5,1817621
2025-10-31,ES,6874.0,1764133
2025-11-03,ES,6882.75,0
2025-11-04,ES,6801.75,1702971
2025-11-05,ES,6825.25,1467734
2025-11-06,ES,6747.5,1860279
2025-11-07,ES,6753.75,2127595
2025-11-10,ES,6856.75,1597305
2025-11-11,ES,6871.5,1348763
2025-11-12,ES,6875.75,1402032
2025-11-13,ES,6760.0,2087220
2025-11-14,ES,6755.25,2105234
2025-11-17,ES,6692.0,1883810
2025-11-18,ES,6639.75,2514985
2025-11-19,ES,6661.5,2041130
2025-11-20,ES,6557.5,2987357
2025-11-21,ES,6620.25,2592859
2025-11-24,ES,6721.25,1611105
2025-11-25,ES,6781.5,1656062
2025-11-26,ES,6828.0,1459184
2025-11-28,ES,6859.5,460053
2025-12-01,ES,6826.75,1472111
2025-12-02,ES,6840.25,1455018
2025-12-03,ES,6862.0,1310103
2025-12-04,ES,6866.75,1323676
2025-12-05,ES,6878.25,1336540
2025-12-08,ES,6855.75,1257776
2025-12-09,ES,6848.25,1008518
2025-12-10,ES,6891.75,1473707
2025-12-11,ES,6907.25,1815978
2025-12-12,ES,6830.75,2609362
2025-12-15,ES,6823.0,1771047
2025-12-16,ES,6801.0,1070240
2025-12-17,ES,6726.5,590558
2025-12-18,ES,6778.25,416394
2025-12-19,ES,6796.5400390625,1403081
2025-12-22,ES,6930.25,989308
2025-12-23,ES,6961.0,874601
2025-12-24,ES,6982.5,457055
2025-12-26,ES,6979.25,636544
2025-12-29,ES,6955.0,882739
2025-12-30,ES,6944.25,773655
2025-12-31,ES,6892.5,990179
2026-01-02,ES,6900.5,1571467
2026-01-05,ES,6943.75,1262018
2026-01-06,ES,6987.75,1192527
2026-01-07,ES,6963.25,1264816
2026-01-08,ES,6962.0,1303097
2026-01-09,ES,7005.0,1342341
2026-01-12,ES,7016.5,1063552
2026-01-13,ES,7001.75,1376658
2026-01-14,ES,6966.25,1768305
2026-01-15,ES,6981.75,1293668
2026-01-16,ES,6976.75,1297479
2026-01-20,ES,6829.5,2391547
2026-01-21,ES,6910.0,2200553
2026-01-22,ES,6945.0,1336659
2026-01-23,ES,6945.75,1221966
2026-01-26,ES,6981.25,1062544
2026-01-27,ES,7008.5,980139
2026-01-28,ES,7007.25,1187287
2026-01-29,ES,6992.75,1947645
2026-01-30,ES,6965.75,2046596
2026-02-02,ES,7002.5,1491899
2026-02-03,ES,6941.75,1942807
2026-02-04,ES,6906.25,2145116
2026-02-05,ES,6820.75,2107676
2026-02-06,ES,6952.75,1796075
2026-02-09,ES,6983.25,1198044
2026-02-10,ES,6961.5,1187062
2026-02-11,ES,6960.5,1498739
2026-02-12,ES,6851.0,2078744
2026-02-13,ES,6850.5,1803723
2026-02-17,ES,6860.5,1837384
2026-02-18,ES,6894.25,1346435
2026-02-19,ES,6877.0,1286455
2026-02-20,ES,6923.25,1816863
2026-02-23,ES,6851.5,1462094
2026-02-24,ES,6903.75,1335317
2026-02-25,ES,6959.75,1062293
2026-02-26,ES,6920.0,1548837
2026-02-27,ES,6889.0,1638910
2026-03-02,ES,6888.25,1844835
2026-03-03,ES,6824.75,2259359
2026-03-04,ES,6876.0,1546814
2026-03-05,ES,6835.25,1948470
2026-03-06,ES,6743.75,1940173
2026-03-09,ES,6801.0,2265287
2026-03-10,ES,6787.25,1893966
2026-03-11,ES,6779.5,1603374
2026-03-12,ES,6677.5,2042016
2026-03-13,ES,6636.0,2407679
2026-03-16,ES,6704.75,2025388
2026-03-17,ES,6721.75,834934
2026-03-18,ES,6626.0,501911
2026-03-19,ES,6609.25,450179
2026-03-20,ES,6594.6298828125,2011431
2026-03-23,ES,6634.75,2176195
2026-03-24,ES,6606.0,1924003
2026-03-25,ES,6640.75,1709266
2026-03-26,ES,6525.0,1689160
2026-03-27,ES,6412.25,1918291
2026-03-30,ES,6388.25,1793061
2026-03-31,ES,6570.75,2363577
2026-04-01,ES,6617.75,1752607
2026-04-02,ES,6622.25,1965184
2026-04-06,ES,6651.0,1103916
2026-04-07,ES,6656.75,1997800
2026-04-08,ES,6823.75,2199329
2026-04-09,ES,6863.25,1604541
2026-04-10,ES,6855.25,1312566
2026-04-13,ES,6922.75,1541313
2026-04-14,ES,7004.75,1356650
2026-04-15,ES,7060.5,1395387
2026-04-16,ES,7077.0,1360502
2026-04-17,ES,7161.5,1847098
2026-04-20,ES,7148.0,1374523
2026-04-21,ES,7100.0,1819102
2026-04-22,ES,7171.25,1185812
2026-04-23,ES,7143.5,1862446
2026-04-24,ES,7194.75,1463962
2026-04-27,ES,7206.0,1085690
2026-04-28,ES,7171.0,1361467
2026-04-29,ES,7168.0,1368362
2026-04-30,ES,7243.75,1732392
2026-05-01,ES,7258.0,1263615
2026-05-04,ES,7230.25,1581015
2026-05-05,ES,7287.25,1115385
2026-05-06,ES,7389.5,1631260
2026-05-07,ES,7363.0,1753384
2026-05-08,ES,7419.0,1312034
2026-05-11,ES,7436.75,1233354
2026-05-12,ES,7426.5,1625151
2026-05-13,ES,7469.5,1301334
2026-05-14,ES,7525.5,1371818
2026-05-15,ES,7432.25,1923350
2026-05-18,ES,7425.75,1983487
2026-05-19,ES,7378.0,1804940
2026-05-20,ES,7451.75,1585626
2026-05-21,ES,7466.0,1738205
2026-05-22,ES,7491.0,1242275
2026-05-26,ES,7537.0,1422109
2026-05-27,ES,7540.0,1291159
2026-05-28,ES,7581.75,1280521
2026-05-29,ES,7595.75,1581690
2026-06-01,ES,7613.25,1392611
2026-06-02,ES,7623.75,1086612
2026-06-03,ES,7571.75,1379991
2026-06-04,ES,7601.0,1242281
2026-06-05,ES,7400.5,2370312
2026-06-08,ES,7416.0,1821072
2026-06-09,ES,7392.75,2505679
2026-06-10,ES,7278.5,1851849
2026-06-11,ES,7396.0,2295133
2026-06-12,ES,7435.0,1864805
2026-06-15,ES,7561.25,1883235
2026-06-16,ES,7518.5,904077
2026-06-17,ES,7424.5,517609
2026-06-18,ES,7508.43017578125,1671842
2026-06-22,ES,7541.25,1582505
2026-06-23,ES,7437.5,1816290
2026-06-24,ES,7428.25,1864716
2026-06-25,ES,7423.25,1670252
2026-06-26,ES,7401.75,1514235
2026-06-29,ES,7500.25,1520958
2026-06-30,ES,7548.25,1347483
2026-07-01,ES,7543.5,1331380
2026-07-02,ES,7528.25,1766963
2026-07-06,ES,7591.5,1165299
2026-07-07,ES,7551.25,1259499
2026-07-08,ES,7528.75,1503496
2026-07-09,ES,7588.75,1080972
2026-07-10,ES,7620.25,1076448
2026-07-13,ES,7563.0,1272313
2026-07-14,ES,7591.25,1138130
2026-07-15,ES,7614.75,1313380
2026-07-16,ES,7577.75,1323663
2026-07-17,ES,7497.75,1710680
2026-07-20,ES,7484.25,1388418
2026-07-21,ES,7545.75,1038606
2026-07-22,ES,7540.25,1056769
2026-07-23,ES,7445.0,1650704
2026-07-24,ES,7447.5,1450023
2026-07-27,ES,7448.25,1468720
2026-07-28,ES,7465.25,1389750
2026-07-29,ES,7351.25,2067427
2026-07-30,ES,7472.5,1739568
2026-07-31,ES,7519.25,1831952
2026-08-03,ES,7628.25,1457022
2026-08-04,ES,7765.5,1724914
2026-08-05,ES,7749.5,1500673
2026-08-06,ES,7734.75,1253438
2026-08-07,ES,7779.75,1236073
2026-08-10,ES,7776.75,923190
2026-08-11,ES,7747.5,1010336
2026-08-12,ES,7770.5,944743
2026-08-13,ES,7822.5,1106913
2026-08-14,ES,7805.0,917625
2026-08-17,ES,7768.75,992564
2026-08-18,ES,7714.0,1277258
2026-08-19,ES,7729.0,1437865
2026-08-20,ES,7662.5,1468662
2026-08-21,ES,7691.25,1194104
2026-08-24,ES,7669.75,1088482
2026-08-25,ES,7692.0,1003461
2026-08-26,ES,7690.0,1083071
2026-08-27,ES,7742.5,1347688
2026-08-28,ES,7722.0,1520831
2026-08-31,ES,7699.0,1247996
2026-09-01,ES,7642.75,1599408
2026-09-02,ES,7676.5,1312751
2026-09-03,ES,7754.75,1466815
2026-09-04,ES,7722.0,1266711
2026-09-08,ES,7680.5,1541813
2026-09-09,ES,7643.75,1432203
2026-09-10,ES,7598.5,1713441
2026-09-11,ES,7659.5,2084922
2026-09-14,ES,7625.0,1925420
2026-09-15,ES,7589.25,943078
2026-09-16,ES,7556.5,487789
2026-09-17,ES,7640.0,285399
2026-09-18,ES,7712.5,1288568
2021-09-20,NQ,15009.5,845911
2021-09-21,NQ,15024.0,659780
2021-09-22,NQ,15163.5,601005
2021-09-23,NQ,15303.5,514535
2021-09-24,NQ,15318.75,470511
2021-09-27,NQ,15194.75,543381
2021-09-28,NQ,14764.75,836785
2021-09-29,NQ,14739.75,649554
2021-09-30,NQ,14682.5,699372
2021-10-01,NQ,14761.75,663413
2021-10-04,NQ,14462.25,802849
2021-10-05,NQ,14655.25,574640
2021-10-06,NQ,14759.0,756883
2021-10-07,NQ,14881.25,492756
2021-10-08,NQ,14808.25,550607
2021-10-11,NQ,14700.5,510490
2021-10-12,NQ,14653.25,599367
2021-10-13,NQ,14764.25,556059
2021-10-14,NQ,15037.25,425055
2021-10-15,NQ,15134.5,442893
2021-10-18,NQ,15290.5,423424
2021-10-19,NQ,15398.5,384792
2021-10-20,NQ,15377.5,451735
2021-10-21,NQ,15478.75,436644
2021-10-22,NQ,15341.0,545390
2021-10-25,NQ,15495.75,456009
2021-10-26,NQ,15545.0,586099
2021-10-27,NQ,15587.25,534474
2021-10-28,NQ,15764.75,498210
2021-10-29,NQ,15838.5,484693
2021-11-01,NQ,15894.25,411507
2021-11-02,NQ,15961.25,418550
2021-11-03,NQ,16129.75,448135
2021-11-04,NQ,16330.75,524361
2021-11-05,NQ,16351.75,525824
2021-11-08,NQ,16327.75,414326
2021-11-09,NQ,16212.75,560749
2021-11-10,NQ,15980.5,658266
2021-11-11,NQ,16022.75,434778
2021-11-12,NQ,16192.75,422493
2021-11-15,NQ,16187.75,483873
2021-11-16,NQ,16300.75,424380
2021-11-17,NQ,16311.5,455992
2021-11-18,NQ,16481.25,602241
2021-11-19,NQ,16575.0,549031
2021-11-22,NQ,16382.0,770668
2021-11-23,NQ,16312.0,901449
2021-11-24,NQ,16366.0,656267
2021-11-26,NQ,16051.0,680753
2021-11-29,NQ,16390.75,597936
2021-11-30,NQ,16150.5,854651
2021-12-01,NQ,15869.75,861888
2021-12-02,NQ,15988.5,853707
2021-12-03,NQ,15717.75,898849
2021-12-06,NQ,15842.75,695515
2021-12-07,NQ,16318.0,594627
2021-12-08,NQ,16392.25,494849
2021-12-09,NQ,16148.75,612576
2021-12-10,NQ,16329.75,395288
2021-12-13,NQ,16082.0,286177
2021-12-14,NQ,15924.75,274758
2021-12-15,NQ,16288.0,161710
2021-12-16,NQ,15870.5,143255
2021-12-17,NQ,15717.3203125,800579
2021-12-20,NQ,15621.25,676197
2021-12-21,NQ,15980.0,530228
2021-12-22,NQ,16169.75,476670
2021-12-23,NQ,16299.0,349182
2021-12-27,NQ,16560.0,351308
2021-12-28,NQ,16488.0,454633
2021-12-29,NQ,16490.5,354985
2021-12-30,NQ,16430.25,304259
2021-12-31,NQ,16320.75,363720
2022-01-03,NQ,16485.5,513549
2022-01-04,NQ,16275.75,669527
2022-01-05,NQ,15766.5,769790
2022-01-06,NQ,15759.0,802950
2022-01-07,NQ,15581.0,704406
2022-01-10,NQ,15608.0,888780
2022-01-11,NQ,15831.0,709363
2022-01-12,NQ,15887.25,671265
2022-01-13,NQ,15490.25,763018
2022-01-14,NQ,15595.75,795897
2022-01-18,NQ,15206.0,868066
2022-01-19,NQ,15033.5,776612
2022-01-20,NQ,14841.0,771410
2022-01-21,NQ,14426.5,1041723
2022-01-24,NQ,14501.0,1323080
2022-01-25,NQ,14140.75,957800
2022-01-26,NQ,14158.5,908549
2022-01-27,NQ,13986.75,866647
2022-01-28,NQ,14433.0,878243
2022-01-31,NQ,14905.0,654278
2022-02-01,NQ,14994.75,597305
2022-02-02,NQ,15114.5,645396
2022-02-03,NQ,14492.25,731581
2022-02-04,NQ,14685.5,763735
2022-02-07,NQ,14559.75,562312
2022-02-08,NQ,14734.5,611858
2022-02-09,NQ,15038.25,529886
2022-02-10,NQ,14701.0,834478
2022-02-11,NQ,14240.5,835981
2022-02-14,NQ,14253.0,734224
2022-02-15,NQ,14609.5,558472
2022-02-16,NQ,14600.0,594304
2022-02-17,NQ,14164.75,631084
2022-02-18,NQ,13996.0,760914
2022-02-22,NQ,13862.75,1114720
2022-02-23,NQ,13507.5,713187
2022-02-24,NQ,13966.5,1122732
2022-02-25,NQ,14180.5,784997
2022-02-28,NQ,14228.0,753711
2022-03-01,NQ,14005.5,645171
2022-03-02,NQ,14239.25,629022
2022-03-03,NQ,14030.5,596925
2022-03-04,NQ,13839.75,725774
2022-03-07,NQ,13320.75,717846
2022-03-08,NQ,13267.0,841407
2022-03-09,NQ,13734.75,650826
2022-03-10,NQ,13586.0,611077
2022-03-11,NQ,13292.0,439890
2022-03-14,NQ,13045.5,402608
2022-03-15,NQ,13451.75,284955
2022-03-16,NQ,13953.0,274498
2022-03-17,NQ,14111.75,125160
2022-03-18,NQ,14095.3095703125,558776
2022-03-21,NQ,14370.5,589629
2022-03-22,NQ,14654.0,509918
2022-03-23,NQ,14447.0,555130
2022-03-24,NQ,14763.75,512267
2022-03-25,NQ,14755.75,553931
2022-03-28,NQ,14985.25,532125
2022-03-29,NQ,15237.75,552951
2022-03-30,NQ,15071.5,513516
2022-03-31,NQ,14868.75,560785
2022-04-01,NQ,14863.75,539029
2022-04-04,NQ,15164.25,460171
2022-04-05,NQ,14828.0,563198
2022-04-06,NQ,14505.25,783213
2022-04-07,NQ,14536.0,645737
2022-04-08,NQ,14327.0,640156
2022-04-11,NQ,14000.0,577477
2022-04-12,NQ,13945.0,704351
2022-04-13,NQ,14221.5,530164
2022-04-14,NQ,13893.75,548400
2022-04-18,NQ,13907.75,492103
2022-04-19,NQ,14217.25,556357
2022-04-20,NQ,14004.75,604344
2022-04-21,NQ,13728.25,685788
2022-04-22,NQ,13353.5,732255
2022-04-25,NQ,13535.75,749649
2022-04-26,NQ,13016.0,755330
2022-04-27,NQ,13009.0,817196
2022-04-28,NQ,13454.75,756360
2022-04-29,NQ,12852.0,723386
2022-05-02,NQ,13073.0,763818
2022-05-03,NQ,13087.5,662216
2022-05-04,NQ,13531.25,703191
2022-05-05,NQ,12858.0,877795
2022-05-06,NQ,12695.75,852234
2022-05-09,NQ,12193.75,816033
2022-05-10,NQ,12349.0,853859
2022-05-11,NQ,11969.75,865890
2022-05-12,NQ,11947.25,878238
2022-05-13,NQ,12382.75,663517
2022-05-16,NQ,12244.75,623715
2022-05-17,NQ,12560.25,653222
2022-05-18,NQ,11935.5,735386
2022-05-19,NQ,11878.25,827741
2022-05-20,NQ,11840.75,806781
2022-05-23,NQ,12035.25,660213
2022-05-24,NQ,11771.0,717429
2022-05-25,NQ,11942.25,671096
2022-05-26,NQ,12279.25,611884
2022-05-27,NQ,12677.75,615992
2022-05-31,NQ,12646.5,832388
2022-06-01,NQ,12551.0,682211
2022-06-02,NQ,12893.75,620008
2022-06-03,NQ,12551.0,652955
2022-06-06,NQ,12605.0,536936
2022-06-07,NQ,12711.5,577970
2022-06-08,NQ,12615.75,583652
2022-06-09,NQ,12275.0,690155
2022-06-10,NQ,11840.0,617395
2022-06-13,NQ,11296.5,530220
2022-06-14,NQ,11314.25,378134
2022-06-15,NQ,11593.75,265812
2022-06-16,NQ,11124.75,146538
2022-06-17,NQ,11130.3896484375,731831
2022-06-21,NQ,11577.25,657209
2022-06-22,NQ,11565.75,638960
2022-06-23,NQ,11737.5,630125
2022-06-24,NQ,12140.5,563303
2022-06-27,NQ,12040.5,565803
2022-06-28,NQ,11674.25,634694
2022-06-29,NQ,11691.0,590173
2022-06-30,NQ,11529.5,738071
2022-07-01,NQ,11611.25,605401
2022-07-05,NQ,11808.5,790937
2022-07-06,NQ,11880.25,649912
2022-07-07,NQ,12138.5,550463
2022-07-08,NQ,12152.0,640445
2022-07-11,NQ,11884.25,578336
2022-07-12,NQ,11779.0,607949
2022-07-13,NQ,11762.25,732270
2022-07-14,NQ,11797.5,654560
2022-07-15,NQ,12007.5,560980
2022-07-18,NQ,11907.0,553676
2022-07-19,NQ,12274.0,585591
2022-07-20,NQ,12465.25,643607
2022-07-21,NQ,12640.0,605066
2022-07-22,NQ,12423.5,634548
2022-07-25,NQ,12354.5,491612
2022-07-26,NQ,12112.5,536287
2022-07-27,NQ,12619.0,634889
2022-07-28,NQ,12737.5,645261
2022-07-29,NQ,12971.5,592416
2022-08-01,NQ,12962.5,622511
2022-08-02,NQ,12924.5,674564
2022-08-03,NQ,13271.5,690056
2022-08-04,NQ,13327.0,542680
2022-08-05,NQ,13228.75,687792
2022-08-08,NQ,13183.25,597182
2022-08-09,NQ,13031.5,553704
2022-08-10,NQ,13392.0,602069
2022-08-11,NQ,13311.25,614816
2022-08-12,NQ,13577.75,500647
2022-08-15,NQ,13681.25,463768
2022-08-16,NQ,13658.25,555979
2022-08-17,NQ,13493.25,610667
2022-08-18,NQ,13523.25,530513
2022-08-19,NQ,13268.5,618758
2022-08-22,NQ,12909.75,599946
2022-08-23,NQ,12896.5,570278
2022-08-24,NQ,12929.75,503227
2022-08-25,NQ,13156.0,543666
2022-08-26,NQ,12620.5,753862
2022-08-29,NQ,12492.75,693093
2022-08-30,NQ,12358.75,797462
2022-08-31,NQ,12285.25,672068
2022-09-01,NQ,12292.25,820606
2022-09-02,NQ,12104.25,835870
2022-09-06,NQ,12019.0,895450
2022-09-07,NQ,12263.25,677159
2022-09-08,NQ,12321.75,737024
2022-09-09,NQ,12592.5,535984
2022-09-12,NQ,12740.75,444255
2022-09-13,NQ,12036.5,463841
2022-09-14,NQ,12142.0,270232
2022-09-15,NQ,11934.75,169928
2022-09-16,NQ,11814.580078125,754923
2022-09-19,NQ,12024.0,632663
2022-09-20,NQ,11922.25,704882
2022-09-21,NQ,11710.0,822965
2022-09-22,NQ,11565.5,786180
2022-09-23,NQ,11376.75,799378
2022-09-26,NQ,11316.25,809853
2022-09-27,NQ,11333.75,841073
2022-09-28,NQ,11555.75,897742
2022-09-29,NQ,11228.25,891823
2022-09-30,NQ,11035.5,878168
2022-10-03,NQ,11285.75,757581
2022-10-04,NQ,11640.75,772885
2022-10-05,NQ,11623.75,700889
2022-10-06,NQ,11541.75,773914
2022-10-07,NQ,11101.5,759141
2022-10-10,NQ,10984.5,757732
2022-10-11,NQ,10845.0,833906
2022-10-12,NQ,10840.5,731214
2022-10-13,NQ,11083.75,1050244
2022-10-14,NQ,10744.0,843525
2022-10-17,NQ,11110.25,638720
2022-10-18,NQ,11198.75,832215
2022-10-19,NQ,11153.25,733776
2022-10-20,NQ,11090.75,739672
2022-10-21,NQ,11358.5,840952
2022-10-24,NQ,11478.75,715016
2022-10-25,NQ,11713.5,660210
2022-10-26,NQ,11446.0,784638
2022-10-27,NQ,11235.25,769071
2022-10-28,NQ,11587.0,728261
2022-10-31,NQ,11447.25,607680
2022-11-01,NQ,11332.0,605362
2022-11-02,NQ,10944.5,770983
2022-11-03,NQ,10728.0,705050
2022-11-04,NQ,10890.25,881129
2022-11-07,NQ,11014.25,554692
2022-11-08,NQ,11094.25,728868
2022-11-09,NQ,10830.75,669071
2022-11-10,NQ,11632.25,862147
2022-11-11,NQ,11848.0,682257
2022-11-14,NQ,11734.75,576678
2022-11-15,NQ,11904.25,771822
2022-11-16,NQ,11739.5,577864
2022-11-17,NQ,11710.5,658469
2022-11-18,NQ,11708.0,585873
2022-11-21,NQ,11588.0,477970
2022-11-22,NQ,11754.5,531087
2022-11-23,NQ,11862.75,474645
2022-11-25,NQ,11782.75,252366
2022-11-28,NQ,11616.25,506250
2022-11-29,NQ,11524.75,555859
2022-11-30,NQ,12042.25,769082
2022-12-01,NQ,12062.75,629297
2022-12-02,NQ,12010.25,588295
2022-12-05,NQ,11805.75,537924
2022-12-06,NQ,11566.0,657271
2022-12-07,NQ,11509.5,634691
2022-12-08,NQ,11645.5,600826
2022-12-09,NQ,11569.75,504052
2022-12-12,NQ,11711.75,354886
2022-12-13,NQ,11839.75,407612
2022-12-14,NQ,11750.75,197122
2022-12-15,NQ,11347.25,182838
2022-12-16,NQ,11327.0400390625,665526
2022-12-19,NQ,11193.25,562529
2022-12-20,NQ,11175.75,625090
2022-12-21,NQ,11334.5,631322
2022-12-22,NQ,11054.25,714500
2022-12-23,NQ,11075.25,534525
2022-12-27,NQ,10915.5,499799
2022-12-28,NQ,10772.75,635572
2022-12-29,NQ,11032.75,470004
2022-12-30,NQ,11022.25,462484
2023-01-03,NQ,10945.5,657681
2023-01-04,NQ,10999.25,758003
2023-01-05,NQ,10820.25,694452
2023-01-06,NQ,11113.5,736332
2023-01-09,NQ,11185.5,646318
2023-01-10,NQ,11282.0,559281
2023-01-11,NQ,11476.5,500153
2023-01-12,NQ,11534.25,754571
2023-01-13,NQ,11608.0,482002
2023-01-17,NQ,11624.5,576141
2023-01-18,NQ,11475.75,619614
2023-01-19,NQ,11356.5,594769
2023-01-20,NQ,11677.0,577769
2023-01-23,NQ,11934.0,593978
2023-01-24,NQ,11909.5,511370
2023-01-25,NQ,11873.25,633473
2023-01-26,NQ,12106.75,621434
2023-01-27,NQ,12222.25,588072
2023-01-30,NQ,11968.0,634667
2023-01-31,NQ,12152.0,585202
2023-02-01,NQ,12414.25,668515
2023-02-02,NQ,12846.75,817822
2023-02-03,NQ,12624.0,824209
2023-02-06,NQ,12515.5,535147
2023-02-07,NQ,12776.75,744996
2023-02-08,NQ,12545.25,590355
2023-02-09,NQ,12425.5,612404
2023-02-10,NQ,12346.25,600244
2023-02-13,NQ,12540.5,467840
2023-02-14,NQ,12631.0,719204
2023-02-15,NQ,12730.0,568579
2023-02-16,NQ,12482.5,682325
2023-02-17,NQ,12390.0,629355
2023-02-21,NQ,12096.75,609494
2023-02-22,NQ,12097.5,640711
2023-02-23,NQ,12207.5,640962
2023-02-24,NQ,11997.0,643618
2023-02-27,NQ,12083.25,578952
2023-02-28,NQ,12072.25,646026
2023-03-01,NQ,11961.75,759645
2023-03-02,NQ,12062.0,752009
2023-03-03,NQ,12311.25,675472
2023-03-06,NQ,12323.5,612506
2023-03-07,NQ,12169.0,685006
2023-03-08,NQ,12228.25,633419
2023-03-09,NQ,12007.25,816838
2023-03-10,NQ,11840.25,871209
2023-03-13,NQ,11931.75,694438
2023-03-14,NQ,12207.0,364395
2023-03-15,NQ,12247.75,261341
2023-03-16,NQ,12583.0,181754
2023-03-17,NQ,12594.650390625,734052
2023-03-20,NQ,12688.5,694471
2023-03-21,NQ,12867.25,565860
2023-03-22,NQ,12707.0,713083
2023-03-23,NQ,12854.0,838385
2023-03-24,NQ,12890.25,676547
2023-03-27,NQ,12788.5,562634
2023-03-28,NQ,12732.5,537965
2023-03-29,NQ,12965.0,566316
2023-03-30,NQ,13082.0,583151
2023-03-31,NQ,13301.75,624955
2023-04-03,NQ,13270.0,542896
2023-04-04,NQ,13219.0,577032
2023-04-05,NQ,13079.75,594608
2023-04-06,NQ,13170.75,41224
2023-04-10,NQ,13158.0,553003
2023-04-11,NQ,13074.75,549047
2023-04-12,NQ,12952.25,684779
2023-04-13,NQ,13209.75,558233
2023-04-14,NQ,13181.25,627824
2023-04-17,NQ,13186.5,540742
2023-04-18,NQ,13193.0,576668
2023-04-19,NQ,13183.0,529506
2023-04-20,NQ,13074.25,680299
2023-04-21,NQ,13090.5,593982
2023-04-24,NQ,13056.5,582286
2023-04-25,NQ,12809.5,694266
2023-04-26,NQ,12887.75,755124
2023-04-27,NQ,13231.25,728241
2023-04-28,NQ,13320.25,671058
2023-05-01,NQ,13306.75,487908
2023-05-02,NQ,13184.5,664855
2023-05-03,NQ,13100.75,648753
2023-05-04,NQ,13043.75,656440
2023-05-05,NQ,13317.75,573291
2023-05-08,NQ,13352.25,506054
2023-05-09,NQ,13264.75,552248
2023-05-10,NQ,13409.5,839699
2023-05-11,NQ,13446.5,653399
2023-05-12,NQ,13396.25,628035
2023-05-15,NQ,13468.0,495940
2023-05-16,NQ,13483.25,561834
2023-05-17,NQ,13643.5,621137
2023-05-18,NQ,13894.0,749496
2023-05-19,NQ,13858.0,659819
2023-05-22,NQ,13902.5,538203
2023-05-23,NQ,13728.75,658680
2023-05-24,NQ,13650.25,704804
2023-05-25,NQ,13976.5,819148
2023-05-26,NQ,14332.5,729047
2023-05-30,NQ,14396.75,882198
2023-05-31,NQ,14300.5,680429
2023-06-01,NQ,14472.25,622329
2023-06-02,NQ,14575.25,623290
2023-06-05,NQ,14588.75,619089
2023-06-06,NQ,14586.5,572806
2023-06-07,NQ,14331.5,770555
2023-06-08,NQ,14503.0,631769
2023-06-09,NQ,14556.25,581386
2023-06-12,NQ,14800.5,397388
2023-06-13,NQ,14914.25,347119
2023-06-14,NQ,15012.75,204099
2023-06-15,NQ,15188.0,139777
2023-06-16,NQ,15316.6103515625,636907
2023-06-20,NQ,15256.5,652883
2023-06-21,NQ,15044.0,640702
2023-06-22,NQ,15214.75,611017
2023-06-23,NQ,15058.25,620593
2023-06-26,NQ,14856.5,649993
2023-06-27,NQ,15111.5,569198
2023-06-28,NQ,15130.0,662146
2023-06-29,NQ,15100.25,594134
2023-06-30,NQ,15337.0,529455
2023-07-03,NQ,15364.75,265064
2023-07-05,NQ,15360.75,519857
2023-07-06,NQ,15238.0,574681
2023-07-07,NQ,15181.75,555119
2023-07-10,NQ,15187.0,609953
2023-07-11,NQ,15260.0,552637
2023-07-12,NQ,15444.75,649433
2023-07-13,NQ,15711.5,563935
2023-07-14,NQ,15694.25,629943
2023-07-17,NQ,15840.75,522129
2023-07-18,NQ,15974.75,633272
2023-07-19,NQ,15959.25,682279
2023-07-20,NQ,15592.25,810475
2023-07-21,NQ,15540.0,704413
2023-07-24,NQ,15561.25,561877
2023-07-25,NQ,15673.0,554880
2023-07-26,NQ,15610.75,683826
2023-07-27,NQ,15571.0,846437
2023-07-28,NQ,15847.5,689386
2023-07-31,NQ,15857.5,523896
2023-08-01,NQ,15817.25,529660
2023-08-02,NQ,15473.0,773499
2023-08-03,NQ,15438.75,658841
2023-08-04,NQ,15354.0,773229
2023-08-07,NQ,15485.5,578299
2023-08-08,NQ,15354.25,638813
2023-08-09,NQ,15178.25,652732
2023-08-10,NQ,15201.25,807104
2023-08-11,NQ,15095.75,613959
2023-08-14,NQ,15270.25,554628
2023-08-15,NQ,15106.5,593602
2023-08-16,NQ,14942.25,641607
2023-08-17,NQ,14778.0,681399
2023-08-18,NQ,14744.0,731241
2023-08-21,NQ,14985.75,641685
2023-08-22,NQ,14958.5,623728
2023-08-23,NQ,15195.5,606168
2023-08-24,NQ,14862.0,847308
2023-08-25,NQ,14979.25,823889
2023-08-28,NQ,15092.5,586342
2023-08-29,NQ,15415.75,616223
2023-08-30,NQ,15501.25,590194
2023-08-31,NQ,15538.5,584743
2023-09-01,NQ,15516.25,572689
2023-09-05,NQ,15534.5,604891
2023-09-06,NQ,15399.5,596503
2023-09-07,NQ,15282.25,644887
2023-09-08,NQ,15297.5,598477
2023-09-11,NQ,15475.75,411385
2023-09-12,NQ,15304.75,253049
2023-09-13,NQ,15356.25,190166
2023-09-14,NQ,15478.0,110435
2023-09-15,NQ,15435.2001953125,708762
2023-09-18,NQ,15414.5,509746
2023-09-19,NQ,15375.25,552065
2023-09-20,NQ,15152.0,605256
2023-09-21,NQ,14862.75,702742
2023-09-22,NQ,14869.5,624056
2023-09-25,NQ,14935.25,568859
2023-09-26,NQ,14715.0,667617
2023-09-27,NQ,14739.0,716200
2023-09-28,NQ,14859.75,734472
2023-09-29,NQ,14866.5,745541
2023-10-02,NQ,14984.75,762896
2023-10-03,NQ,14714.5,762964
2023-10-04,NQ,14923.75,803257
2023-10-05,NQ,14861.75,676461
2023-10-06,NQ,15112.0,840602
2023-10-09,NQ,15187.0,617072
2023-10-10,NQ,15270.75,648613
2023-10-11,NQ,15380.0,614965
2023-10-12,NQ,15315.0,747494
2023-10-13,NQ,15120.25,777005
2023-10-16,NQ,15289.5,641294
2023-10-17,NQ,15240.75,781599
2023-10-18,NQ,15025.25,853599
2023-10-19,NQ,14890.0,1019700
2023-10-20,NQ,14664.0,846675
2023-10-23,NQ,14712.0,765733
2023-10-24,NQ,14846.5,703058
2023-10-25,NQ,14478.25,820677
2023-10-26,NQ,14194.0,987597
2023-10-27,NQ,14265.25,782097
2023-10-30,NQ,14416.5,704860
2023-10-31,NQ,14490.25,712605
2023-11-01,NQ,14744.5,741817
2023-11-02,NQ,14998.0,652481
2023-11-03,NQ,15178.75,633835
2023-11-06,NQ,15232.5,496129
2023-11-07,NQ,15374.25,585124
2023-11-08,NQ,15386.5,547842
2023-11-09,NQ,15256.0,710427
2023-11-10,NQ,15596.25,679633
2023-11-13,NQ,15547.0,532937
2023-11-14,NQ,15879.75,656099
2023-11-15,NQ,15889.25,685072
2023-11-16,NQ,15897.5,634456
2023-11-17,NQ,15895.75,562424
2023-11-20,NQ,16086.5,559493
2023-11-21,NQ,15990.25,575452
2023-11-22,NQ,16049.25,624552
2023-11-23,NQ,16062.5,624552
2023-11-24,NQ,16021.0,296604
2023-11-27,NQ,16008.75,502555
2023-11-28,NQ,16048.0,598224
2023-11-29,NQ,16023.75,634326
2023-11-30,NQ,15985.5,694118
2023-12-01,NQ,16023.75,621710
2023-12-04,NQ,15869.0,721019
2023-12-05,NQ,15908.75,683586
2023-12-06,NQ,15815.25,675482
2023-12-07,NQ,16038.75,632326
2023-12-08,NQ,16098.25,588926
2023-12-11,NQ,16237.0,394184
2023-12-12,NQ,16362.75,253666
2023-12-13,NQ,16563.75,155141
2023-12-14,NQ,16541.5,131883
2023-12-15,NQ,16530.23046875,668578
2023-12-18,NQ,16939.75,463438
2023-12-19,NQ,17023.0,496518
2023-12-20,NQ,16766.25,654329
2023-12-21,NQ,16956.5,639818
2023-12-22,NQ,16980.0,486853
2023-12-26,NQ,17083.5,292090
2023-12-27,NQ,17113.25,424302
2023-12-28,NQ,17090.5,357702
2023-12-29,NQ,17023.5,470864
2024-01-02,NQ,16720.0,652714
2024-01-03,NQ,16538.0,677219
2024-01-04,NQ,16445.0,559464
2024-01-05,NQ,16460.25,627475
2024-01-08,NQ,16803.75,549900
2024-01-09,NQ,16830.25,605921
2024-01-10,NQ,16945.25,550703
2024-01-11,NQ,16966.25,756441
2024-01-12,NQ,16969.25,593445
2024-01-16,NQ,16966.5,816021
2024-01-17,NQ,16869.75,722784
2024-01-18,NQ,17110.0,852229
2024-01-19,NQ,17438.5,758132
2024-01-22,NQ,17458.5,637245
2024-01-23,NQ,17531.25,508078
2024-01-24,NQ,17621.0,721605
2024-01-25,NQ,17634.5,710822
2024-01-26,NQ,17527.0,631481
2024-01-29,NQ,17706.0,568739
2024-01-30,NQ,17588.5,554146
2024-01-31,NQ,17242.25,816119
2024-02-01,NQ,17436.75,705238
2024-02-02,NQ,17732.75,761167
2024-02-05,NQ,17700.0,621645
2024-02-06,NQ,17660.0,623168
2024-02-07,NQ,17841.75,613340
2024-02-08,NQ,17868.25,471370
2024-02-09,NQ,18039.25,499282
2024-02-12,NQ,17965.0,538132
2024-02-13,NQ,17676.75,858230
2024-02-14,NQ,17881.0,688088
2024-02-15,NQ,17912.75,657768
2024-02-16,NQ,17744.0,744628
2024-02-20,NQ,17607.25,889292
2024-02-21,NQ,17536.75,731450
2024-02-22,NQ,18047.5,759232
2024-02-23,NQ,17991.0,659725
2024-02-26,NQ,17977.0,526169
2024-02-27,NQ,18021.0,567818
2024-02-28,NQ,17915.25,553731
2024-02-29,NQ,18082.75,680147
2024-03-01,NQ,18338.25,639153
2024-03-04,NQ,18262.0,569342
2024-03-05,NQ,17930.25,803857
2024-03-06,NQ,18044.25,806131
2024-03-07,NQ,18316.25,758499
2024-03-08,NQ,18046.75,1048847
2024-03-11,NQ,17971.0,472517
2024-03-12,NQ,18227.75,281274
2024-03-13,NQ,18078.5,179714
2024-03-14,NQ,18024.5,110277
2024-03-15,NQ,17854.75,705711
2024-03-18,NQ,18231.5,656629
2024-03-19,NQ,18270.0,660394
2024-03-20,NQ,18479.75,618809
2024-03-21,NQ,18561.75,606959
2024-03-22,NQ,18574.75,511962
2024-03-25,NQ,18513.5,456250
2024-03-26,NQ,18449.0,516507
2024-03-27,NQ,18503.75,605634
2024-03-28,NQ,18475.0,515193
2024-04-01,NQ,18497.25,572133
2024-04-02,NQ,18330.0,618982
2024-04-03,NQ,18373.25,597987
2024-04-04,NQ,18076.75,777140
2024-04-05,NQ,18300.75,809193
2024-04-08,NQ,18295.0,524203
2024-04-09,NQ,18359.75,696069
2024-04-10,NQ,18196.75,880504
2024-04-11,NQ,18485.0,728802
2024-04-12,NQ,18179.25,787334
2024-04-15,NQ,17876.25,797316
2024-04-16,NQ,17881.25,766364
2024-04-17,NQ,17658.5,844749
2024-04-18,NQ,17547.25,756158
2024-04-19,NQ,17180.75,1023135
2024-04-22,NQ,17350.0,646130
2024-04-23,NQ,17606.75,601826
2024-04-24,NQ,17664.5,667402
2024-04-25,NQ,17567.5,820011
2024-04-26,NQ,17845.75,628227
2024-04-29,NQ,17904.25,528891
2024-04-30,NQ,17571.25,677704
2024-05-01,NQ,17438.25,791170
2024-05-02,NQ,17649.75,635300
2024-05-03,NQ,18000.75,556949
2024-05-06,NQ,18195.5,395489
2024-05-07,NQ,18199.5,469722
2024-05-08,NQ,18186.5,453714
2024-05-09,NQ,18214.5,471196
2024-05-10,NQ,18255.0,473881
2024-05-13,NQ,18295.5,411036
2024-05-14,NQ,18415.0,555369
2024-05-15,NQ,18691.75,605869
2024-05-16,NQ,18650.0,548582
2024-05-17,NQ,18635.25,489227
2024-05-20,NQ,18763.0,470381
2024-05-21,NQ,18799.25,426117
2024-05-22,NQ,18786.75,578439
2024-05-23,NQ,18696.25,851576
2024-05-24,NQ,18876.0,552083
2024-05-28,NQ,18940.5,642954
2024-05-29,NQ,18802.75,573938
2024-05-30,NQ,18606.5,619548
2024-05-31,NQ,18591.0,834003
2024-06-03,NQ,18646.25,669104
2024-06-04,NQ,18701.0,616703
2024-06-05,NQ,19074.25,575227
2024-06-06,NQ,19060.25,524900
2024-06-07,NQ,19037.75,612033
2024-06-10,NQ,19109.75,571666
2024-06-11,NQ,19242.25,564706
2024-06-12,NQ,19496.5,691079
2024-06-13,NQ,19602.5,584725
2024-06-14,NQ,19685.5,584288
2024-06-17,NQ,19921.25,423232
2024-06-18,NQ,19919.25,201834
2024-06-20,NQ,19763.25,157046
2024-06-21,NQ,19747.2890625,590839
2024-06-24,NQ,19750.75,683900
2024-06-25,NQ,19972.25,574518
2024-06-26,NQ,20012.5,590175
2024-06-27,NQ,20039.5,589649
2024-06-28,NQ,19927.25,750324
2024-07-01,NQ,20052.0,639341
2024-07-02,NQ,20255.25,621477
2024-07-03,NQ,20411.5,395129
2024-07-05,NQ,20620.75,600207
2024-07-08,NQ,20659.75,497107
2024-07-09,NQ,20678.5,569689
2024-07-10,NQ,20899.75,576694
2024-07-11,NQ,20441.75,906128
2024-07-12,NQ,20524.0,724343
2024-07-15,NQ,20583.75,703410
2024-07-16,NQ,20598.0,629745
2024-07-17,NQ,19997.5,854323
2024-07-18,NQ,19899.25,964287
2024-07-19,NQ,19713.0,774109
2024-07-22,NQ,20001.0,657854
2024-07-23,NQ,19925.0,601990
2024-07-24,NQ,19203.25,846812
2024-07-25,NQ,18992.25,992015
2024-07-26,NQ,19174.5,694702
2024-07-29,NQ,19209.25,600017
2024-07-30,NQ,18936.25,745002
2024-07-31,NQ,19505.25,762246
2024-08-01,NQ,19023.25,920616
2024-08-02,NQ,18556.25,842228
2024-08-05,NQ,18013.25,937137
2024-08-06,NQ,18179.0,697089
2024-08-07,NQ,17966.5,725244
2024-08-08,NQ,18525.25,663957
2024-08-09,NQ,18616.0,501761
2024-08-12,NQ,18639.5,469892
2024-08-13,NQ,19104.25,497670
2024-08-14,NQ,19115.0,553997
2024-08-15,NQ,19581.25,522322
2024-08-16,NQ,19605.75,458933
2024-08-19,NQ,19857.75,429305
2024-08-20,NQ,19809.5,485435
2024-08-21,NQ,19909.5,479077
2024-08-22,NQ,19578.25,630179
2024-08-23,NQ,19790.75,581201
2024-08-26,NQ,19591.25,473540
2024-08-27,NQ,19653.75,441146
2024-08-28,NQ,19415.75,537278
2024-08-29,NQ,19393.25,669705
2024-08-30,NQ,19623.0,495609
2024-09-03,NQ,19006.5,698442
2024-09-04,NQ,18962.5,582116
2024-09-05,NQ,18963.5,585125
2024-09-06,NQ,18458.25,726350
2024-09-09,NQ,18692.25,726350
2024-09-10,NQ,18864.0,536220
2024-09-11,NQ,19271.0,729344
2024-09-12,NQ,19447.25,581032
2024-09-13,NQ,19530.25,467948
2024-09-16,NQ,19433.0,339781
2024-09-17,NQ,19439.25,254059
2024-09-18,NQ,19349.25,138848
2024-09-19,NQ,19850.25,134917
2024-09-20,NQ,19808.009765625,479646
2024-09-23,NQ,20080.0,394947
2024-09-24,NQ,20167.75,457126
2024-09-25,NQ,20192.0,405050
2024-09-26,NQ,20346.25,509755
2024-09-27,NQ,20221.5,435634
2024-09-30,NQ,20261.25,510434
2024-10-01,NQ,19975.0,662776
2024-10-02,NQ,20009.75,475599
2024-10-03,NQ,19990.25,526765
2024-10-04,NQ,20227.25,560070
2024-10-07,NQ,19992.75,450371
2024-10-08,NQ,20298.5,444750
2024-10-09,NQ,20463.5,421249
2024-10-10,NQ,20429.75,450569
2024-10-11,NQ,20450.0,385312
2024-10-14,NQ,20619.25,395756
2024-10-15,NQ,20342.0,522391
2024-10-16,NQ,20349.5,417571
2024-10-17,NQ,20368.0,535486
2024-10-18,NQ,20483.5,385566
2024-10-21,NQ,20519.5,456078
2024-10-22,NQ,20542.0,476324
2024-10-23,NQ,20220.5,619162
2024-10-24,NQ,20380.25,462552
2024-10-25,NQ,20498.75,585929
2024-10-28,NQ,20497.0,430120
2024-10-29,NQ,20696.5,498020
2024-10-30,NQ,20534.75,519409
2024-10-31,NQ,20021.75,686677
2024-11-01,NQ,20153.25,554025
2024-11-04,NQ,20086.0,520521
2024-11-05,NQ,20341.75,450115
2024-11-06,NQ,20894.0,632408
2024-11-07,NQ,21224.75,462805
2024-11-08,NQ,21231.25,401943
2024-11-11,NQ,21217.75,456006
2024-11-12,NQ,21189.5,511372
2024-11-13,NQ,21159.5,533739
2024-11-14,NQ,21011.75,561950
2024-11-15,NQ,20493.75,691851
2024-11-18,NQ,20633.5,525474
2024-11-19,NQ,20767.75,553617
2024-11-20,NQ,20749.0,619493
2024-11-21,NQ,20829.5,698342
2024-11-22,NQ,20849.75,541554
2024-11-25,NQ,20880.25,544568
2024-11-26,NQ,20993.5,505254
2024-11-27,NQ,20813.0,520026
2024-11-29,NQ,20993.5,339955
2024-12-02,NQ,21218.0,475464
2024-12-03,NQ,21281.5,444143
2024-12-04,NQ,21536.5,461922
2024-12-05,NQ,21473.25,421035
2024-12-06,NQ,21656.75,459878
2024-12-09,NQ,21483.75,517123
2024-12-10,NQ,21405.25,544406
2024-12-11,NQ,21793.5,547213
2024-12-12,NQ,21651.25,510307
2024-12-13,NQ,21795.75,639403
2024-12-16,NQ,22110.25,482433
2024-12-17,NQ,22014.75,277298
2024-12-18,NQ,21218.75,209588
2024-12-19,NQ,21112.75,124728
2024-12-20,NQ,20947.98046875,864714
2024-12-23,NQ,21753.25,508598
2024-12-24,NQ,22028.5,261201
2024-12-26,NQ,22008.0,407116
2024-12-27,NQ,21698.5,572604
2024-12-30,NQ,21416.25,530975
2024-12-31,NQ,21226.5,477280
2025-01-02,NQ,21167.5,664742
2025-01-03,NQ,21516.5,488243
2025-01-06,NQ,21744.5,574300
2025-01-07,NQ,21359.75,645144
2025-01-08,NQ,21360.75,637114
2025-01-09,NQ,21301.5,77170
2025-01-10,NQ,21016.0,703964
2025-01-13,NQ,20947.25,617059
2025-01-14,NQ,20919.5,676188
2025-01-15,NQ,21400.25,551806
2025-01-16,NQ,21249.75,598631
2025-01-17,NQ,21594.75,594110
2025-01-21,NQ,21709.5,662316
2025-01-22,NQ,22000.5,508606
2025-01-23,NQ,22038.25,476286
2025-01-24,NQ,21911.25,522901
2025-01-27,NQ,21258.5,1056136
2025-01-28,NQ,21581.75,663336
2025-01-29,NQ,21523.25,629631
2025-01-30,NQ,21624.75,618073
2025-01-31,NQ,21589.25,655811
2025-02-03,NQ,21405.0,728140
2025-02-04,NQ,21670.25,497143
2025-02-05,NQ,21763.0,497655
2025-02-06,NQ,21871.75,438729
2025-02-07,NQ,21590.75,598869
2025-02-10,NQ,21846.5,391625
2025-02-11,NQ,21786.75,423200
2025-02-12,NQ,21804.75,545408
2025-02-13,NQ,22113.25,536739
2025-02-14,NQ,22196.25,433212
2025-02-18,NQ,22232.25,567203
2025-02-19,NQ,22250.5,496442
2025-02-20,NQ,22141.75,563585
2025-02-21,NQ,21679.25,708349
2025-02-24,NQ,21420.25,670634
2025-02-25,NQ,21149.0,805678
2025-02-26,NQ,21187.0,646236
2025-02-27,NQ,20605.75,854180
2025-02-28,NQ,20919.5,845890
2025-03-03,NQ,20468.25,833041
2025-03-04,NQ,20399.0,958071
2025-03-05,NQ,20665.0,783638
2025-03-06,NQ,20089.25,763150
2025-03-07,NQ,20229.75,763257
2025-03-10,NQ,19452.75,798366
2025-03-11,NQ,19399.0,857876
2025-03-12,NQ,19618.5,702688
2025-03-13,NQ,19249.0,761160
2025-03-14,NQ,19712.0,742663
2025-03-17,NQ,19831.75,584953
2025-03-18,NQ,19496.75,360195
2025-03-19,NQ,19746.75,210518
2025-03-20,NQ,19678.5,116159
2025-03-21,NQ,19450.810546875,605235
2025-03-24,NQ,20374.25,555043
2025-03-25,NQ,20488.5,470886
2025-03-26,NQ,20116.5,620685
2025-03-27,NQ,19990.25,634738
2025-03-28,NQ,19457.0,696397
2025-03-31,NQ,19439.5,842547
2025-04-01,NQ,19604.5,790964
2025-04-02,NQ,19758.0,835319
2025-04-03,NQ,18675.5,893793
2025-04-04,NQ,17539.0,1199851
2025-04-07,NQ,17563.25,1140389
2025-04-08,NQ,17243.75,956641
2025-04-09,NQ,19288.75,1086917
2025-04-10,NQ,18484.5,975104
2025-04-11,NQ,18807.5,667630
2025-04-14,NQ,18934.75,570510
2025-04-15,NQ,18960.25,525790
2025-04-16,NQ,18385.25,683175
2025-04-17,NQ,18380.75,629368
2025-04-21,NQ,17922.25,484750
2025-04-22,NQ,18385.0,619146
2025-04-23,NQ,18804.0,733977
2025-04-24,NQ,19322.0,599457
2025-04-25,NQ,19535.25,587589
2025-04-28,NQ,19528.0,514474
2025-04-29,NQ,19642.0,565539
2025-04-30,NQ,19658.5,713642
2025-05-01,NQ,19870.75,588901
2025-05-02,NQ,20195.25,517806
2025-05-05,NQ,20055.5,418875
2025-05-06,NQ,19876.5,514526
2025-05-07,NQ,19961.0,597360
2025-05-08,NQ,20148.0,567597
2025-05-09,NQ,20136.75,453686
2025-05-12,NQ,20948.75,638564
2025-05-13,NQ,21278.0,526706
2025-05-14,NQ,21392.5,513593
2025-05-15,NQ,21400.25,542990
2025-05-16,NQ,21506.0,419242
2025-05-19,NQ,21527.0,520282
2025-05-20,NQ,21447.25,437865
2025-05-21,NQ,21156.75,605668
2025-05-22,NQ,21178.25,512634
2025-05-23,NQ,20975.0,528055
2025-05-27,NQ,21460.5,531358
2025-05-28,NQ,21379.75,421653
2025-05-29,NQ,21408.5,563888
2025-05-30,NQ,21376.75,551092
2025-06-02,NQ,21534.5,434593
2025-06-03,NQ,21706.0,427859
2025-06-04,NQ,21766.5,403012
2025-06-05,NQ,21582.25,0
2025-06-06,NQ,21789.5,466591
2025-06-09,NQ,21821.5,354827
2025-06-10,NQ,21962.5,439539
2025-06-11,NQ,21887.5,523556
2025-06-12,NQ,21932.5,397839
2025-06-13,NQ,21644.25,556189
2025-06-16,NQ,21941.5,336301
2025-06-17,NQ,21730.5,173026
2025-06-18,NQ,21720.25,0
2025-06-20,NQ,21889.890625,649884
2025-06-23,NQ,22073.5,549766
2025-06-24,NQ,22412.75,447975
2025-06-25,NQ,22461.0,397611
2025-06-26,NQ,22669.25,422397
2025-06-27,NQ,22751.5,487835
2025-06-30,NQ,22893.25,434250
2025-07-01,NQ,22692.75,495079
2025-07-02,NQ,22843.0,408882
2025-07-03,NQ,23062.5,0
2025-07-04,NQ,22906.75,0
2025-07-07,NQ,22884.75,537930
2025-07-08,NQ,22896.75,420913
2025-07-09,NQ,23052.75,450523
2025-07-10,NQ,23013.25,391782
2025-07-11,NQ,22959.0,461057
2025-07-14,NQ,23035.5,414465
2025-07-15,NQ,23056.75,524056
2025-07-16,NQ,23076.5,548602
2025-07-17,NQ,23251.0,445290
2025-07-18,NQ,23224.25,450704
2025-07-21,NQ,23342.0,398833
2025-07-22,NQ,23226.25,537829
2025-07-23,NQ,23310.75,512963
2025-07-24,NQ,23377.5,435559
2025-07-25,NQ,23421.25,395469
2025-07-28,NQ,23491.25,424393
2025-07-29,NQ,23452.0,538169
2025-07-30,NQ,23480.5,538732
2025-07-31,NQ,23365.0,739642
2025-08-01,NQ,22883.75,803558
2025-08-04,NQ,23296.5,472671
2025-08-05,NQ,23132.0,542676
2025-08-06,NQ,23422.75,527514
2025-08-07,NQ,23496.25,561716
2025-08-08,NQ,23713.75,454190
2025-08-11,NQ,23637.5,443981
2025-08-12,NQ,23938.0,488577
2025-08-13,NQ,23946.5,453506
2025-08-14,NQ,23930.5,492051
2025-08-15,NQ,23804.0,441888
2025-08-18,NQ,23797.75,399622
2025-08-19,NQ,23469.5,557582
2025-08-20,NQ,23324.0,713574
2025-08-21,NQ,23219.75,525924
2025-08-22,NQ,23569.75,490867
2025-08-25,NQ,23498.25,399485
2025-08-26,NQ,23591.5,443746
2025-08-27,NQ,23628.75,436560
2025-08-28,NQ,23769.0,486265
2025-08-29,NQ,23461.75,0
2025-09-02,NQ,23275.0,744115
2025-09-03,NQ,23448.75,563651
2025-09-04,NQ,23668.0,484986
2025-09-05,NQ,23684.0,674088
2025-09-08,NQ,23799.75,457632
2025-09-09,NQ,23874.0,473187
2025-09-10,NQ,23877.75,521709
2025-09-11,NQ,24017.75,445071
2025-09-12,NQ,24113.25,425565
2025-09-15,NQ,24309.25,366064
2025-09-16,NQ,24284.0,211077
2025-09-17,NQ,24222.5,171533
2025-09-18,NQ,24460.25,106669
2025-09-19,NQ,24568.0703125,505600
2025-09-22,NQ,25003.0,481197
2025-09-23,NQ,24827.25,564182
2025-09-24,NQ,24739.25,530441
2025-09-25,NQ,24629.25,710112
2025-09-26,NQ,24726.75,548790
2025-09-29,NQ,24837.75,508361
2025-09-30,NQ,24901.75,513254
2025-10-01,NQ,25017.5,474674
2025-10-02,NQ,25110.0,460294
2025-10-03,NQ,24992.0,490721
2025-10-06,NQ,25184.75,414908
2025-10-07,NQ,25039.25,539431
2025-10-08,NQ,25331.0,451309
2025-10-09,NQ,25289.25,500933
2025-10-10,NQ,24397.0,934374
2025-10-13,NQ,24922.25,934374
2025-10-14,NQ,24762.5,729059
2025-10-15,NQ,24924.5,637036
2025-10-16,NQ,24831.25,738759
2025-10-17,NQ,24986.5,743681
2025-10-20,NQ,25305.25,437206
2025-10-21,NQ,25294.75,441490
2025-10-22,NQ,25039.25,695128
2025-10-23,NQ,25254.0,527352
2025-10-24,NQ,25509.25,467727
2025-10-27,NQ,25963.75,435230
2025-10-28,NQ,26163.5,452121
2025-10-29,NQ,26262.5,557797
2025-10-30,NQ,25882.75,665782
2025-10-31,NQ,26004.0,597984
2025-11-03,NQ,26103.25,0
2025-11-04,NQ,25575.25,669483
2025-11-05,NQ,25746.25,618171
2025-11-06,NQ,25244.25,754444
2025-11-07,NQ,25166.25,765092
2025-11-10,NQ,25714.5,626203
2025-11-11,NQ,25640.75,537967
2025-11-12,NQ,25623.75,606259
2025-11-13,NQ,25094.75,775125
2025-11-14,NQ,25094.0,862322
2025-11-17,NQ,24879.0,738978
2025-11-18,NQ,24595.75,871074
2025-11-19,NQ,24721.75,770449
2025-11-20,NQ,24131.5,995836
2025-11-21,NQ,24305.5,918728
2025-11-24,NQ,24948.25,604148
2025-11-25,NQ,25085.5,629575
2025-11-26,NQ,25302.25,522196
2025-11-28,NQ,25482.0,199445
2025-12-01,NQ,25391.25,574734
2025-12-02,NQ,25606.0,561951
2025-12-03,NQ,25657.5,494194
2025-12-04,NQ,25622.75,509526
2025-12-05,NQ,25732.0,498264
2025-12-08,NQ,25664.0,473150
2025-12-09,NQ,25699.75,407387
2025-12-10,NQ,25798.0,556710
2025-12-11,NQ,25713.5,637723
2025-12-12,NQ,25213.5,760749
2025-12-15,NQ,25093.25,448073
2025-12-16,NQ,25139.0,247876
2025-12-17,NQ,24668.75,139991
2025-12-18,NQ,25028.25,111598
2025-12-19,NQ,25132.7890625,502611
2025-12-22,NQ,25692.25,367322
2025-12-23,NQ,25812.25,336346
2025-12-24,NQ,25880.5,163037
2025-12-26,NQ,25863.25,240485
2025-12-29,NQ,25739.75,347055
2025-12-30,NQ,25675.25,300558
2025-12-31,NQ,25456.75,329352
2026-01-02,NQ,25385.25,554838
2026-01-05,NQ,25577.75,461305
2026-01-06,NQ,25822.0,445573
2026-01-07,NQ,25838.75,477861
2026-01-08,NQ,25687.5,510805
2026-01-09,NQ,25938.25,509669
2026-01-12,NQ,25956.75,452996
2026-01-13,NQ,25906.0,560438
2026-01-14,NQ,25631.0,647871
2026-01-15,NQ,25705.75,591058
2026-01-16,NQ,25689.0,490573
2026-01-20,NQ,25129.25,864568
2026-01-21,NQ,25471.0,810753
2026-01-22,NQ,25658.25,533607
2026-01-23,NQ,25738.25,504901
2026-01-26,NQ,25848.5,450290
2026-01-27,NQ,26073.0,429460
2026-01-28,NQ,26156.25,511937
2026-01-29,NQ,25999.25,699097
2026-01-30,NQ,25670.0,712197
2026-02-02,NQ,25850.0,578865
2026-02-03,NQ,25452.0,696150
2026-02-04,NQ,24999.25,742646
2026-02-05,NQ,24651.0,774469
2026-02-06,NQ,25163.25,653956
2026-02-09,NQ,25354.0,492306
2026-02-10,NQ,25218.25,477554
2026-02-11,NQ,25288.5,531730
2026-02-12,NQ,24768.0,668338
2026-02-13,NQ,24803.25,688226
2026-02-17,NQ,24767.75,752646
2026-02-18,NQ,24956.0,540796
2026-02-19,NQ,24858.75,515038
2026-02-20,NQ,25067.5,615358
2026-02-23,NQ,24762.75,594568
2026-02-24,NQ,25028.75,520239
2026-02-25,NQ,25382.0,417621
2026-02-26,NQ,25081.0,605581
2026-02-27,NQ,25004.75,561211
2026-03-02,NQ,25025.25,627650
2026-03-03,NQ,24755.75,719421
2026-03-04,NQ,25128.25,603596
2026-03-05,NQ,25049.5,683962
2026-03-06,NQ,24670.25,645082
2026-03-09,NQ,24991.0,708630
2026-03-10,NQ,24982.5,564644
2026-03-11,NQ,24983.5,476593
2026-03-12,NQ,24560.0,565145
2026-03-13,NQ,24394.25,609146
2026-03-16,NQ,24675.75,413547
2026-03-17,NQ,24795.5,204810
2026-03-18,NQ,24434.5,126918
2026-03-19,NQ,24364.0,69553
2026-03-20,NQ,24291.779296875,611673
2026-03-23,NQ,24408.25,683625
2026-03-24,NQ,24213.75,544209
2026-03-25,NQ,24367.75,525449
2026-03-26,NQ,23794.25,557306
2026-03-27,NQ,23328.5,559271
2026-03-30,NQ,23139.75,559453
2026-03-31,NQ,23915.0,755160
2026-04-01,NQ,24194.75,579693
2026-04-02,NQ,24218.0,576893
2026-04-06,NQ,24358.5,444473
2026-04-07,NQ,24371.0,575961
2026-04-08,NQ,25074.25,644388
2026-04-09,NQ,25251.5,514186
2026-04-10,NQ,25281.25,430719
2026-04-13,NQ,25543.5,507117
2026-04-14,NQ,25996.75,477724
2026-04-15,NQ,26365.5,521771
2026-04-16,NQ,26487.25,590117
2026-04-17,NQ,26825.5,599136
2026-04-20,NQ,26748.75,502901
2026-04-21,NQ,26634.75,610696
2026-04-22,NQ,27083.0,512026
2026-04-23,NQ,26934.0,644095
2026-04-24,NQ,27435.0,545525
2026-04-27,NQ,27440.5,444514
2026-04-28,NQ,27168.75,603738
2026-04-29,NQ,27325.25,516846
2026-04-30,NQ,27596.0,701348
2026-05-01,NQ,27835.75,509821
2026-05-04,NQ,27776.0,576727
2026-05-05,NQ,28136.0,458058
2026-05-06,NQ,28716.75,637911
2026-05-07,NQ,28682.25,657049
2026-05-08,NQ,29332.5,543817
2026-05-11,NQ,29424.0,558723
2026-05-12,NQ,29170.0,719824
2026-05-13,NQ,29479.25,570739
2026-05-14,NQ,29687.75,611771
2026-05-15,NQ,29231.75,750779
2026-05-18,NQ,29096.0,854443
2026-05-19,NQ,28924.25,717466
2026-05-20,NQ,29390.5,606377
2026-05-21,NQ,29447.25,612220
2026-05-22,NQ,29558.75,495134
2026-05-26,NQ,30073.5,668516
2026-05-27,NQ,30047.25,637375
2026-05-28,NQ,30307.0,564551
2026-05-29,NQ,30405.25,578992
2026-06-01,NQ,30566.25,568793
2026-06-02,NQ,30712.75,525212
2026-06-03,NQ,30633.25,638765
2026-06-04,NQ,30488.25,684303
2026-06-05,NQ,29026.5,1044741
2026-06-08,NQ,29454.75,846024
2026-06-09,NQ,29117.0,1082950
2026-06-10,NQ,28554.0,772662
2026-06-11,NQ,29464.75,738252
2026-06-12,NQ,29662.0,499151
2026-06-15,NQ,30559.25,344999
2026-06-16,NQ,29995.0,215042
2026-06-17,NQ,29687.5,92564
2026-06-18,NQ,30263.349609375,563315
2026-06-22,NQ,30653.5,644848
2026-06-23,NQ,29666.0,727043
2026-06-24,NQ,29514.25,682714
2026-06-25,NQ,29724.75,657543
2026-06-26,NQ,29368.25,582809
2026-06-29,NQ,30052.75,531640
2026-06-30,NQ,30523.5,482570
2026-07-01,NQ,30094.25,525442
2026-07-02,NQ,29556.0,651643
2026-07-06,NQ,29941.0,547644
2026-07-07,NQ,29391.5,587510
2026-07-08,NQ,29468.5,553586
2026-07-09,NQ,29937.0,472581
2026-07-10,NQ,30032.25,431679
2026-07-13,NQ,29475.75,516287
2026-07-14,NQ,29790.25,472860
2026-07-15,NQ,29693.25,504329
2026-07-16,NQ,29225.75,506282
2026-07-17,NQ,28773.25,635199
2026-07-20,NQ,28778.75,502826
2026-07-21,NQ,29316.0,457614
2026-07-22,NQ,29181.25,456902
2026-07-23,NQ,28620.75,667509
2026-07-24,NQ,28282.25,599439
2026-07-27,NQ,28190.0,596053
2026-07-28,NQ,27922.0,668434
2026-07-29,NQ,27342.0,815515
2026-07-30,NQ,28237.75,737532
2026-07-31,NQ,28404.25,679547
2026-08-03,NQ,28891.75,550089
2026-08-04,NQ,29863.5,643753
2026-08-05,NQ,29615.0,567073
2026-08-06,NQ,29488.25,556323
2026-08-07,NQ,29834.75,531146
2026-08-10,NQ,29737.0,394392
2026-08-11,NQ,29626.0,454357
2026-08-12,NQ,29853.25,412530
2026-08-13,NQ,30188.5,460408
2026-08-14,NQ,30141.75,405685
2026-08-17,NQ,30096.0,404828
2026-08-18,NQ,29586.0,577517
2026-08-19,NQ,29512.75,577168
2026-08-20,NQ,29300.5,559747
2026-08-21,NQ,29387.75,493893
2026-08-24,NQ,29105.75,536026
2026-08-25,NQ,29276.75,487191
2026-08-26,NQ,29289.5,456602
2026-08-27,NQ,29695.75,570995
2026-08-28,NQ,29491.75,583609
2026-08-31,NQ,29513.0,468460
2026-09-01,NQ,29125.5,556412
2026-09-02,NQ,29186.25,442250
2026-09-03,NQ,29524.75,539285
2026-09-04,NQ,29565.25,472983
2026-09-08,NQ,29538.75,613787
2026-09-09,NQ,29448.75,497007
2026-09-10,NQ,29135.25,568263
2026-09-11,NQ,29387.0,563849
2026-09-14,NQ,29152.25,511803
2026-09-15,NQ,28955.0,197428
2026-09-16,NQ,28963.5,167542
2026-09-17,NQ,29446.75,74615
2026-09-18,NQ,29917.25,495894
2021-09-20,ZN,133.84375,2727
2021-09-21,ZN,133.859375,1259839
2021-09-22,ZN,132.984375,1694167
2021-09-23,ZN,132.375,2148141
2021-09-24,ZN,132.015625,1813289
2021-09-27,ZN,131.796875,1856758
2021-09-28,ZN,131.46875,2477404
2021-09-29,ZN,131.46875,2067859
2021-09-30,ZN,131.609375,2058886
2021-10-01,ZN,132.171875,2027570
2021-10-04,ZN,132.078125,1471686
2021-10-05,ZN,131.734375,1485058
2021-10-06,ZN,131.71875,1715889
2021-10-07,ZN,131.390625,1404808
2021-10-08,ZN,131.140625,2286634
2021-10-11,ZN,130.84375,527137
2021-10-12,ZN,131.140625,1701981
2021-10-13,ZN,131.21875,2329391
2021-10-14,ZN,131.5,1591700
2021-10-15,ZN,130.96875,1579499
2021-10-18,ZN,130.765625,2074254
2021-10-19,ZN,130.5625,1437829
2021-10-20,ZN,130.640625,1709628
2021-10-21,ZN,130.1875,1769979
2021-10-22,ZN,130.34375,1938170
2021-10-25,ZN,130.5625,1252112
2021-10-26,ZN,130.609375,1273679
2021-10-27,ZN,131.171875,2427913
2021-10-28,ZN,130.75,2495837
2021-10-29,ZN,130.703125,2686126
2021-11-01,ZN,130.65625,1479047
2021-11-02,ZN,130.96875,1502792
2021-11-03,ZN,130.765625,1821995
2021-11-04,ZN,131.3125,1713598
2021-11-05,ZN,131.828125,2046414
2021-11-08,ZN,131.296875,1179373
2021-11-09,ZN,131.84375,1633463
2021-11-10,ZN,130.734375,2295387
2021-11-11,ZN,130.328125,525839
2021-11-12,ZN,130.53125,1363018
2021-11-15,ZN,130.296875,1183106
2021-11-16,ZN,130.171875,1407795
2021-11-17,ZN,130.453125,1289899
2021-11-18,ZN,130.578125,1363815
2021-11-19,ZN,130.875,2136578
2021-11-22,ZN,130.0,3135163
2021-11-23,ZN,129.78125,3340651
2021-11-24,ZN,129.828125,3184097
2021-11-26,ZN,131.171875,2089384
2021-11-29,ZN,131.046875,908346
2021-11-30,ZN,131.546875,231969
2021-12-01,ZN,131.640625,55985
2021-12-02,ZN,131.3125,30328
2021-12-03,ZN,132.125,21444
2021-12-06,ZN,131.34375,10647
2021-12-07,ZN,131.03125,7628
2021-12-08,ZN,130.921875,8456
2021-12-09,ZN,131.078125,7912
2021-12-10,ZN,131.09375,3295
2021-12-13,ZN,131.515625,4719
2021-12-14,ZN,131.296875,4976
2021-12-15,ZN,131.15625,4319
2021-12-16,ZN,131.765625,3297
2021-12-17,ZN,131.828125,1109
2021-12-20,ZN,131.828125,1598
2021-12-21,ZN,131.21875,1027368
2021-12-22,ZN,130.734375,760008
2021-12-23,ZN,130.546875,557414
2021-12-27,ZN,130.5625,471863
2021-12-28,ZN,130.609375,550228
2021-12-29,ZN,130.21875,971676
2021-12-30,ZN,130.40625,810924
2021-12-31,ZN,130.46875,759832
2022-01-03,ZN,129.4375,1428084
2022-01-04,ZN,129.28125,1703196
2022-01-05,ZN,128.84375,1696842
2022-01-06,ZN,128.53125,1793082
2022-01-07,ZN,128.296875,1964516
2022-01-10,ZN,128.140625,1564056
2022-01-11,ZN,128.390625,1676788
2022-01-12,ZN,128.578125,1518137
2022-01-13,ZN,128.71875,1330020
2022-01-14,ZN,128.1875,1628936
2022-01-18,ZN,127.375,2515636
2022-01-19,ZN,127.671875,1962013
2022-01-20,ZN,127.703125,1482619
2022-01-21,ZN,128.3125,2108462
2022-01-24,ZN,128.515625,2158245
2022-01-25,ZN,128.125,1738476
2022-01-26,ZN,127.515625,1963794
2022-01-27,ZN,127.65625,2216921
2022-01-28,ZN,127.953125,1887669
2022-01-31,ZN,127.96875,1853973
2022-02-01,ZN,127.875,1703462
2022-02-02,ZN,128.125,1358564
2022-02-03,ZN,127.640625,1654216
2022-02-04,ZN,126.765625,2145743
2022-02-07,ZN,126.90625,1278721
2022-02-08,ZN,126.578125,1564968
2022-02-09,ZN,126.75,1684111
2022-02-10,ZN,125.796875,3162240
2022-02-11,ZN,126.390625,3004129
2022-02-14,ZN,125.984375,2318254
2022-02-15,ZN,125.734375,1816955
2022-02-16,ZN,125.8125,1812339
2022-02-17,ZN,126.421875,2028872
2022-02-18,ZN,126.671875,1757647
2022-02-22,ZN,126.46875,4427866
2022-02-23,ZN,126.28125,3837304
2022-02-24,ZN,126.46875,3766786
2022-02-25,ZN,126.25,829641
2022-02-28,ZN,127.453125,142954
2022-03-01,ZN,128.71875,113466
2022-03-02,ZN,127.3125,47423
2022-03-03,ZN,127.5625,29591
2022-03-04,ZN,128.53125,17361
2022-03-07,ZN,128.078125,13565
2022-03-08,ZN,127.171875,8898
2022-03-09,ZN,126.59375,4903
2022-03-10,ZN,126.09375,7195
2022-03-11,ZN,126.015625,1262
2022-03-14,ZN,124.953125,2053
2022-03-15,ZN,124.8125,3928
2022-03-16,ZN,124.453125,3439
2022-03-17,ZN,124.515625,623
2022-03-18,ZN,124.8125,892
2022-03-21,ZN,123.4375,904
2022-03-22,ZN,122.921875,1600511
2022-03-23,ZN,123.140625,1632991
2022-03-24,ZN,122.921875,1435544
2022-03-25,ZN,121.546875,1825165
2022-03-28,ZN,121.703125,1775927
2022-03-29,ZN,122.328125,2067157
2022-03-30,ZN,122.625,1760127
2022-03-31,ZN,122.875,2192637
2022-04-01,ZN,122.234375,1923816
2022-04-04,ZN,122.09375,1216702
2022-04-05,ZN,120.921875,1769170
2022-04-06,ZN,120.6875,2146915
2022-04-07,ZN,120.546875,1743647
2022-04-08,ZN,120.125,1477697
2022-04-11,ZN,119.75,1441742
2022-04-12,ZN,120.5,2176907
2022-04-13,ZN,120.796875,1835432
2022-04-14,ZN,119.9375,1780161
2022-04-18,ZN,119.640625,889306
2022-04-19,ZN,119.109375,1602021
2022-04-20,ZN,119.5,1770234
2022-04-21,ZN,118.75,1597287
2022-04-22,ZN,118.9375,1541396
2022-04-25,ZN,119.609375,1800272
2022-04-26,ZN,120.046875,1562018
2022-04-27,ZN,119.796875,1599187
2022-04-28,ZN,119.359375,1938440
2022-04-29,ZN,119.15625,2139536
2022-05-02,ZN,118.34375,1282256
2022-05-03,ZN,118.515625,1389133
2022-05-04,ZN,119.15625,1775883
2022-05-05,ZN,118.0625,2047770
2022-05-06,ZN,117.796875,1750115
2022-05-09,ZN,118.1875,1713326
2022-05-10,ZN,118.78125,1812986
2022-05-11,ZN,119.265625,2222622
2022-05-12,ZN,120.0,1997731
2022-05-13,ZN,119.171875,1200488
2022-05-16,ZN,119.671875,1165327
2022-05-17,ZN,118.859375,1395521
2022-05-18,ZN,119.4375,1740614
2022-05-19,ZN,119.703125,2264358
2022-05-20,ZN,120.125,1496733
2022-05-23,ZN,119.578125,1634748
2022-05-24,ZN,120.375,3479511
2022-05-25,ZN,120.59375,3366992
2022-05-26,ZN,120.59375,1859472
2022-05-27,ZN,120.484375,644383
2022-05-31,ZN,119.84375,144727
2022-06-01,ZN,119.046875,54580
2022-06-02,ZN,119.28125,24637
2022-06-03,ZN,119.046875,16495
2022-06-06,ZN,118.453125,17276
2022-06-07,ZN,118.953125,7173
2022-06-08,ZN,118.609375,6252
2022-06-09,ZN,118.421875,3176
2022-06-10,ZN,117.3125,6902
2022-06-13,ZN,115.796875,7455
2022-06-14,ZN,114.96875,2242
2022-06-15,ZN,115.6875,3367
2022-06-16,ZN,116.34375,1857
2022-06-17,ZN,116.6875,720
2022-06-21,ZN,116.34375,1274461
2022-06-22,ZN,116.953125,1702409
2022-06-23,ZN,117.65625,2222245
2022-06-24,ZN,117.34375,1330462
2022-06-27,ZN,116.8125,1191859
2022-06-28,ZN,116.703125,1280037
2022-06-29,ZN,117.515625,1235032
2022-06-30,ZN,118.53125,1849397
2022-07-01,ZN,119.265625,1991276
2022-07-05,ZN,119.921875,1761880
2022-07-06,ZN,119.046875,1618742
2022-07-07,ZN,118.265625,1401151
2022-07-08,ZN,117.625,1354657
2022-07-11,ZN,118.375,1098384
2022-07-12,ZN,118.65625,1473376
2022-07-13,ZN,118.921875,2141891
2022-07-14,ZN,118.5,1657510
2022-07-15,ZN,118.640625,1206554
2022-07-18,ZN,118.46875,934835
2022-07-19,ZN,117.96875,1036276
2022-07-20,ZN,117.78125,1151592
2022-07-21,ZN,118.90625,1814052
2022-07-22,ZN,119.890625,1799046
2022-07-25,ZN,119.65625,1031506
2022-07-26,ZN,119.859375,1126477
2022-07-27,ZN,120.421875,1309166
2022-07-28,ZN,120.984375,1861248
2022-07-29,ZN,121.140625,1992752
2022-08-01,ZN,121.359375,1352861
2022-08-02,ZN,120.125,1984438
2022-08-03,ZN,120.09375,1860557
2022-08-04,ZN,120.734375,1335255
2022-08-05,ZN,119.375,1540474
2022-08-08,ZN,119.859375,973724
2022-08-09,ZN,119.484375,961364
2022-08-10,ZN,119.75,1694075
2022-08-11,ZN,119.09375,1468557
2022-08-12,ZN,119.265625,1105804
2022-08-15,ZN,119.703125,970926
2022-08-16,ZN,119.390625,967317
2022-08-17,ZN,118.765625,1254160
2022-08-18,ZN,118.84375,1155689
2022-08-19,ZN,118.109375,1173347
2022-08-22,ZN,117.71875,1321186
2022-08-23,ZN,117.625,1884881
2022-08-24,ZN,117.25,2864145
2022-08-25,ZN,117.78125,2847872
2022-08-26,ZN,117.578125,2032906
2022-08-29,ZN,117.03125,1033735
2022-08-30,ZN,117.0,517092
2022-08-31,ZN,116.875,143296
2022-09-01,ZN,115.984375,69501
2022-09-02,ZN,116.65625,39999
2022-09-06,ZN,115.609375,33570
2022-09-07,ZN,116.171875,13056
2022-09-08,ZN,115.96875,13342
2022-09-09,ZN,115.734375,4911
2022-09-12,ZN,115.59375,9642
2022-09-13,ZN,114.921875,10484
2022-09-14,ZN,114.953125,3772
2022-09-15,ZN,114.484375,4011
2022-09-16,ZN,114.75,4915
2022-09-19,ZN,114.359375,956
2022-09-20,ZN,113.84375,2478
2022-09-21,ZN,113.625,1791263
2022-09-22,ZN,112.75,2281428
2022-09-23,ZN,112.625,2155629
2022-09-26,ZN,111.359375,2126534
2022-09-27,ZN,110.890625,2340232
2022-09-28,ZN,112.859375,2908370
2022-09-29,ZN,112.453125,1953819
2022-09-30,ZN,112.0625,2037126
2022-10-03,ZN,113.203125,1869420
2022-10-04,ZN,113.5,1769493
2022-10-05,ZN,112.53125,1611470
2022-10-06,ZN,111.9375,1481654
2022-10-07,ZN,111.484375,1333196
2022-10-10,ZN,111.015625,472366
2022-10-11,ZN,111.140625,1640605
2022-10-12,ZN,111.484375,1395612
2022-10-13,ZN,111.015625,2273852
2022-10-14,ZN,110.59375,1731123
2022-10-17,ZN,110.703125,1042028
2022-10-18,ZN,110.90625,1330805
2022-10-19,ZN,110.0,1487367
2022-10-20,ZN,109.359375,1637008
2022-10-21,ZN,109.796875,2475242
2022-10-24,ZN,109.734375,1547877
2022-10-25,ZN,110.5625,1943598
2022-10-26,ZN,111.09375,1707764
2022-10-27,ZN,111.6875,2359431
2022-10-28,ZN,111.0,1799079
2022-10-31,ZN,110.59375,1866622
2022-11-01,ZN,110.578125,1837010
2022-11-02,ZN,110.625,1606698
2022-11-03,ZN,110.03125,1582083
2022-11-04,ZN,110.046875,1604687
2022-11-07,ZN,109.640625,1045572
2022-11-08,ZN,110.28125,1249958
2022-11-09,ZN,110.328125,1452703
2022-11-10,ZN,112.515625,2595697
2022-11-11,ZN,112.3125,701232
2022-11-14,ZN,112.125,1444981
2022-11-15,ZN,112.5625,1777674
2022-11-16,ZN,113.203125,1631687
2022-11-17,ZN,112.625,1467726
2022-11-18,ZN,112.296875,1127239
2022-11-21,ZN,112.3125,1762759
2022-11-22,ZN,112.609375,3180523
2022-11-23,ZN,112.953125,3103710
2022-11-25,ZN,113.03125,1362564
2022-11-28,ZN,112.921875,1819031
2022-11-29,ZN,112.71875,621288
2022-11-30,ZN,113.21875,132675
2022-12-01,ZN,114.296875,43465
2022-12-02,ZN,114.359375,29400
2022-12-05,ZN,113.59375,14387
2022-12-06,ZN,114.09375,5657
2022-12-07,ZN,114.859375,7373
2022-12-08,ZN,114.1875,3251
2022-12-09,ZN,113.828125,2477
2022-12-12,ZN,113.59375,1817
2022-12-13,ZN,114.53125,1737
2022-12-14,ZN,114.453125,2090
2022-12-15,ZN,114.703125,790
2022-12-16,ZN,114.671875,576
2022-12-19,ZN,114.046875,470
2022-12-20,ZN,113.453125,1401157
2022-12-21,ZN,113.5625,981158
2022-12-22,ZN,113.546875,795954
2022-12-23,ZN,113.078125,752313
2022-12-27,ZN,112.328125,691957
2022-12-28,ZN,112.1875,759767
2022-12-29,ZN,112.4375,810811
2022-12-30,ZN,112.296875,1314511
2023-01-03,ZN,112.640625,1471344
2023-01-04,ZN,113.1875,1520223
2023-01-05,ZN,113.015625,1375647
2023-01-06,ZN,114.21875,2171557
2023-01-09,ZN,114.625,1491031
2023-01-10,ZN,114.0,1363124
2023-01-11,ZN,114.4375,1393845
2023-01-12,ZN,115.234375,2373580
2023-01-13,ZN,114.765625,1468528
2023-01-17,ZN,114.671875,1568077
2023-01-18,ZN,115.90625,2306893
2023-01-19,ZN,115.640625,1712227
2023-01-20,ZN,115.0625,1364331
2023-01-23,ZN,114.6875,1053149
2023-01-24,ZN,115.03125,1278470
2023-01-25,ZN,115.140625,1300044
2023-01-26,ZN,114.859375,1274095
2023-01-27,ZN,114.609375,1143961
2023-01-30,ZN,114.28125,1185210
2023-01-31,ZN,114.515625,2074922
2023-02-01,ZN,115.484375,2129670
2023-02-02,ZN,115.546875,1955041
2023-02-03,ZN,114.421875,2558318
2023-02-06,ZN,113.5,1911414
2023-02-07,ZN,113.234375,2036895
2023-02-08,ZN,113.40625,1582789
2023-02-09,ZN,113.03125,1498491
2023-02-10,ZN,112.6875,1579627
2023-02-13,ZN,112.78125,1189982
2023-02-14,ZN,112.328125,2453173
2023-02-15,ZN,112.046875,1855646
2023-02-16,ZN,111.890625,2097321
2023-02-17,ZN,112.0,1656139
2023-02-21,ZN,111.0625,2819904
2023-02-22,ZN,111.203125,4135478
2023-02-23,ZN,111.4375,3909824
2023-02-24,ZN,110.921875,2328540
2023-02-27,ZN,111.140625,814223
2023-02-28,ZN,111.171875,114262
2023-03-01,ZN,110.5625,39659
2023-03-02,ZN,110.09375,27195
2023-03-03,ZN,110.65625,16855
2023-03-06,ZN,110.5625,9249
2023-03-07,ZN,110.515625,5216
2023-03-08,ZN,110.453125,4166
2023-03-09,ZN,111.015625,3849
2023-03-10,ZN,112.625,11578
2023-03-13,ZN,114.140625,5577
2023-03-14,ZN,113.34375,673
2023-03-15,ZN,114.53125,4190
2023-03-16,ZN,113.65625,2407
2023-03-17,ZN,115.125,513
2023-03-20,ZN,114.59375,316
2023-03-21,ZN,113.640625,513
2023-03-22,ZN,113.71875,1836083
2023-03-23,ZN,115.984375,1893877
2023-03-24,ZN,116.109375,2090833
2023-03-27,ZN,114.984375,1348508
2023-03-28,ZN,114.640625,1347202
2023-03-29,ZN,114.53125,1409929
2023-03-30,ZN,114.578125,1135333
2023-03-31,ZN,114.921875,1781669
2023-04-03,ZN,115.453125,1538280
2023-04-04,ZN,116.25,1438906
2023-04-05,ZN,116.578125,1514272
2023-04-06,ZN,116.546875,1278514
2023-04-10,ZN,115.515625,795164
2023-04-11,ZN,115.375,1044936
2023-04-12,ZN,115.703125,1622587
2023-04-13,ZN,115.453125,1212125
2023-04-14,ZN,114.859375,1508808
2023-04-17,ZN,114.359375,1067311
2023-04-18,ZN,114.484375,1146560
2023-04-19,ZN,114.1875,1356814
2023-04-20,ZN,114.65625,1148900
2023-04-21,ZN,114.46875,1082259
2023-04-24,ZN,114.875,840959
2023-04-25,ZN,115.796875,1770793
2023-04-26,ZN,115.546875,1698122
2023-04-27,ZN,114.734375,1522224
2023-04-28,ZN,115.203125,2075086
2023-05-01,ZN,114.5,1019434
2023-05-02,ZN,115.5625,1712580
2023-05-03,ZN,115.90625,1531941
2023-05-04,ZN,116.5625,2155476
2023-05-05,ZN,115.71875,1264531
2023-05-08,ZN,115.171875,972862
2023-05-09,ZN,115.1875,1004781
2023-05-10,ZN,115.90625,1433425
2023-05-11,ZN,116.046875,1686585
2023-05-12,ZN,115.4375,1170806
2023-05-15,ZN,115.234375,1116051
2023-05-16,ZN,114.921875,1827549
2023-05-17,ZN,114.578125,1415912
2023-05-18,ZN,113.921875,1742318
2023-05-19,ZN,113.5625,2022072
2023-05-22,ZN,113.46875,1744930
2023-05-23,ZN,113.609375,2835142
2023-05-24,ZN,113.421875,4353177
2023-05-25,ZN,112.625,3711660
2023-05-26,ZN,112.40625,2067964
2023-05-30,ZN,113.171875,1085057
2023-05-31,ZN,113.625,117456
2023-06-01,ZN,113.921875,30584
2023-06-02,ZN,113.046875,22951
2023-06-05,ZN,113.109375,10145
2023-06-06,ZN,113.03125,9220
2023-06-07,ZN,112.53125,5152
2023-06-08,ZN,113.03125,1423
2023-06-09,ZN,112.65625,938
2023-06-12,ZN,112.703125,3806
2023-06-13,ZN,112.015625,2628
2023-06-14,ZN,112.203125,228
2023-06-15,ZN,112.828125,1626
2023-06-16,ZN,112.40625,498
2023-06-20,ZN,112.671875,678
2023-06-21,ZN,112.46875,1404783
2023-06-22,ZN,112.734375,1405552
2023-06-23,ZN,113.078125,1516582
2023-06-26,ZN,113.234375,1186600
2023-06-27,ZN,112.828125,1476874
2023-06-28,ZN,113.25,1426850
2023-06-29,ZN,112.125,1959722
2023-06-30,ZN,112.265625,2102870
2023-07-03,ZN,111.9375,1071547
2023-07-05,ZN,111.359375,1640832
2023-07-06,ZN,110.609375,2270324
2023-07-07,ZN,110.671875,1716116
2023-07-10,ZN,111.140625,1292789
2023-07-11,ZN,111.265625,1220062
2023-07-12,ZN,112.265625,2044759
2023-07-13,ZN,113.046875,1807675
2023-07-14,ZN,112.5625,1294157
2023-07-17,ZN,112.71875,910140
2023-07-18,ZN,112.75,1303657
2023-07-19,ZN,113.0,1349143
2023-07-20,ZN,112.140625,1563021
2023-07-21,ZN,112.234375,1012410
2023-07-24,ZN,112.0625,1148885
2023-07-25,ZN,111.609375,1255185
2023-07-26,ZN,112.140625,1297820
2023-07-27,ZN,111.015625,2217996
2023-07-28,ZN,111.34375,1726479
2023-07-31,ZN,111.40625,1686431
2023-08-01,ZN,110.875,1523937
2023-08-02,ZN,110.796875,1860148
2023-08-03,ZN,110.234375,1945613
2023-08-04,ZN,111.140625,2139254
2023-08-07,ZN,111.125,1270248
2023-08-08,ZN,111.40625,1473697
2023-08-09,ZN,111.390625,1164222
2023-08-10,ZN,110.859375,1957382
2023-08-11,ZN,110.1875,1566489
2023-08-14,ZN,110.0,1309141
2023-08-15,ZN,109.765625,1788907
2023-08-16,ZN,109.5625,1768369
2023-08-17,ZN,109.28125,1741118
2023-08-18,ZN,109.640625,1251625
2023-08-21,ZN,109.078125,1514677
2023-08-22,ZN,109.0625,1396508
2023-08-23,ZN,109.90625,2609078
2023-08-24,ZN,109.59375,3280441
2023-08-25,ZN,109.4375,3835466
2023-08-28,ZN,109.640625,3135447
2023-08-29,ZN,110.328125,1810947
2023-08-30,ZN,110.359375,459448
2023-08-31,ZN,110.5625,79211
2023-09-01,ZN,110.15625,33863
2023-09-05,ZN,109.546875,17589
2023-09-06,ZN,109.28125,9167
2023-09-07,ZN,109.609375,6923
2023-09-08,ZN,109.53125,969
2023-09-11,ZN,109.40625,668
2023-09-12,ZN,109.515625,562
2023-09-13,ZN,109.640625,1014
2023-09-14,ZN,109.359375,1182
2023-09-15,ZN,109.171875,87
2023-09-18,ZN,109.203125,314
2023-09-19,ZN,108.828125,171
2023-09-20,ZN,109.1875,1641379
2023-09-21,ZN,108.421875,2142465
2023-09-22,ZN,108.6875,1396945
2023-09-25,ZN,108.171875,1289496
2023-09-26,ZN,108.109375,1603850
2023-09-27,ZN,107.578125,1893725
2023-09-28,ZN,107.859375,2422053
2023-09-29,ZN,108.0625,2632521
2023-10-02,ZN,107.328125,1629654
2023-10-03,ZN,106.640625,2582260
2023-10-04,ZN,107.109375,2537554
2023-10-05,ZN,107.3125,1823513
2023-10-06,ZN,106.84375,2315058
2023-10-09,ZN,107.84375,822843
2023-10-10,ZN,107.71875,1915354
2023-10-11,ZN,107.9375,2034050
2023-10-12,ZN,107.234375,2136548
2023-10-13,ZN,107.71875,1657099
2023-10-16,ZN,107.203125,1268212
2023-10-17,ZN,106.21875,2149715
2023-10-18,ZN,105.875,1948270
2023-10-19,ZN,105.421875,2395898
2023-10-20,ZN,106.0,1968824
2023-10-23,ZN,106.484375,2092633
2023-10-24,ZN,106.359375,1839686
2023-10-25,ZN,105.671875,1960891
2023-10-26,ZN,106.34375,2427261
2023-10-27,ZN,106.421875,1736924
2023-10-30,ZN,106.21875,1546433
2023-10-31,ZN,106.171875,2355214
2023-11-01,ZN,106.859375,2733810
2023-11-02,ZN,107.484375,2451045
2023-11-03,ZN,108.359375,2877522
2023-11-06,ZN,107.59375,1637310
2023-11-07,ZN,108.125,1855465
2023-11-08,ZN,108.328125,1867406
2023-11-09,ZN,107.53125,2122373
2023-11-10,ZN,107.421875,1680163
2023-11-13,ZN,107.4375,1241622
2023-11-14,ZN,108.90625,2641567
2023-11-15,ZN,108.21875,2436582
2023-11-16,ZN,108.859375,1713618
2023-11-17,ZN,108.75,1685178
2023-11-20,ZN,108.84375,1607627
2023-11-21,ZN,108.9375,2956534
2023-11-22,ZN,108.8125,3694051
2023-11-23,ZN,108.59375,3694051
2023-11-24,ZN,108.390625,2272498
2023-11-27,ZN,109.0,4517362
2023-11-28,ZN,109.53125,2600614
2023-11-29,ZN,109.9375,597861
2023-11-30,ZN,109.46875,80902
2023-12-01,ZN,110.34375,12918
2023-12-04,ZN,109.890625,10121
2023-12-05,ZN,110.625,5254
2023-12-06,ZN,110.8125,1967
2023-12-07,ZN,110.84375,2331
2023-12-08,ZN,109.96875,1922
2023-12-11,ZN,110.03125,1400
2023-12-12,ZN,110.25,2156
2023-12-13,ZN,111.609375,1154
2023-12-14,ZN,112.234375,1286
2023-12-15,ZN,112.109375,631
2023-12-18,ZN,111.953125,56
2023-12-19,ZN,112.1875,1122344
2023-12-20,ZN,112.78125,1444999
2023-12-21,ZN,112.671875,1454535
2023-12-22,ZN,112.59375,916300
2023-12-26,ZN,112.71875,396317
2023-12-27,ZN,113.328125,906098
2023-12-28,ZN,112.890625,994945
2023-12-29,ZN,112.890625,1252433
2024-01-02,ZN,112.296875,1514587
2024-01-03,ZN,112.515625,2040430
2024-01-04,ZN,111.984375,1658449
2024-01-05,ZN,111.71875,2513946
2024-01-08,ZN,112.046875,1805485
2024-01-09,ZN,111.90625,1416395
2024-01-10,ZN,111.875,1564442
2024-01-11,ZN,112.34375,2515475
2024-01-12,ZN,112.59375,2107650
2024-01-16,ZN,111.84375,2537733
2024-01-17,ZN,111.421875,2139591
2024-01-18,ZN,111.203125,1703768
2024-01-19,ZN,111.125,1538398
2024-01-22,ZN,111.5,1325752
2024-01-23,ZN,111.21875,1268992
2024-01-24,ZN,110.96875,1977841
2024-01-25,ZN,111.3125,2037400
2024-01-26,ZN,111.03125,1547788
2024-01-29,ZN,111.515625,1679052
2024-01-30,ZN,111.625,1873442
2024-01-31,ZN,112.328125,3568859
2024-02-01,ZN,112.890625,2793826
2024-02-02,ZN,111.65625,2866659
2024-02-05,ZN,110.78125,2189485
2024-02-06,ZN,111.28125,1948478
2024-02-07,ZN,111.1875,1847712
2024-02-08,ZN,110.75,1543912
2024-02-09,ZN,110.578125,1591527
2024-02-12,ZN,110.71875,1128359
2024-02-13,ZN,109.625,2517033
2024-02-14,ZN,110.015625,1978428
2024-02-15,ZN,110.171875,1963091
2024-02-16,ZN,109.75,1907336
2024-02-20,ZN,109.9375,1865702
2024-02-21,ZN,109.625,2325483
2024-02-22,ZN,109.5,4468034
2024-02-23,ZN,109.875,4246944
2024-02-26,ZN,109.609375,5341315
2024-02-27,ZN,109.53125,2419680
2024-02-28,ZN,109.8125,486902
2024-02-29,ZN,109.921875,85058
2024-03-01,ZN,110.5,27414
2024-03-04,ZN,110.21875,6256
2024-03-05,ZN,110.75,8342
2024-03-06,ZN,110.921875,4327
2024-03-07,ZN,111.078125,4681
2024-03-08,ZN,111.140625,1714
2024-03-11,ZN,111.015625,1012
2024-03-12,ZN,110.609375,3615
2024-03-13,ZN,110.40625,226
2024-03-14,ZN,109.734375,2067
2024-03-15,ZN,109.609375,746
2024-03-18,ZN,109.359375,228
2024-03-19,ZN,109.671875,1484543
2024-03-20,ZN,110.4375,1804600
2024-03-21,ZN,110.390625,1864162
2024-03-22,ZN,110.75,1352658
2024-03-25,ZN,110.515625,1123679
2024-03-26,ZN,110.640625,1308297
2024-03-27,ZN,110.875,1466914
2024-03-28,ZN,110.796875,1851548
2024-04-01,ZN,109.921875,1439886
2024-04-02,ZN,109.71875,2241221
2024-04-03,ZN,109.796875,2333649
2024-04-04,ZN,110.125,2198530
2024-04-05,ZN,109.65625,2387012
2024-04-08,ZN,109.265625,1884106
2024-04-09,ZN,109.640625,1645443
2024-04-10,ZN,108.203125,3560419
2024-04-11,ZN,108.109375,3034817
2024-04-12,ZN,108.6875,2503302
2024-04-15,ZN,107.890625,3265675
2024-04-16,ZN,107.671875,2874408
2024-04-17,ZN,108.15625,2317526
2024-04-18,ZN,107.703125,2240406
2024-04-19,ZN,107.90625,2268383
2024-04-22,ZN,107.859375,1414828
2024-04-23,ZN,108.078125,2013413
2024-04-24,ZN,107.734375,2003168
2024-04-25,ZN,107.359375,2584220
2024-04-26,ZN,107.578125,1825113
2024-04-29,ZN,107.953125,1590605
2024-04-30,ZN,107.4375,2697134
2024-05-01,ZN,108.109375,2218852
2024-05-02,ZN,108.359375,2083746
2024-05-03,ZN,108.859375,2883515
2024-05-06,ZN,108.890625,1242860
2024-05-07,ZN,109.015625,1719822
2024-05-08,ZN,108.828125,1633702
2024-05-09,ZN,109.09375,1881170
2024-05-10,ZN,108.703125,1473969
2024-05-13,ZN,108.828125,1216286
2024-05-14,ZN,109.09375,1824374
2024-05-15,ZN,109.71875,2721526
2024-05-16,ZN,109.484375,1820317
2024-05-17,ZN,109.1875,1290257
2024-05-20,ZN,109.09375,1156162
2024-05-21,ZN,109.234375,1502913
2024-05-22,ZN,109.03125,2186516
2024-05-23,ZN,108.71875,3996052
2024-05-24,ZN,108.703125,3512151
2024-05-28,ZN,108.296875,4805222
2024-05-29,ZN,107.765625,2233059
2024-05-30,ZN,108.234375,628261
2024-05-31,ZN,108.484375,96326
2024-06-03,ZN,109.25,15504
2024-06-04,ZN,109.703125,14941
2024-06-05,ZN,109.984375,9175
2024-06-06,ZN,110.0625,5388
2024-06-07,ZN,109.046875,10077
2024-06-10,ZN,108.828125,406
2024-06-11,ZN,109.28125,6144
2024-06-12,ZN,110.03125,7640
2024-06-13,ZN,110.421875,2546
2024-06-14,ZN,110.46875,1270
2024-06-17,ZN,110.0625,1275
2024-06-18,ZN,110.484375,1819290
2024-06-20,ZN,110.546875,1722710
2024-06-21,ZN,110.5,1435596
2024-06-24,ZN,110.53125,1193239
2024-06-25,ZN,110.59375,1574033
2024-06-26,ZN,110.0625,1869887
2024-06-27,ZN,110.25,1948452
2024-06-28,ZN,109.984375,3146809
2024-07-01,ZN,109.171875,2221764
2024-07-02,ZN,109.46875,1719084
2024-07-03,ZN,110.046875,1766051
2024-07-05,ZN,110.609375,1979719
2024-07-08,ZN,110.59375,1282523
2024-07-09,ZN,110.40625,1622679
2024-07-10,ZN,110.5,1671220
2024-07-11,ZN,111.15625,2754645
2024-07-12,ZN,111.1875,1993977
2024-07-15,ZN,110.984375,1879264
2024-07-16,ZN,111.328125,2198585
2024-07-17,ZN,111.4375,1811339
2024-07-18,ZN,111.21875,1862237
2024-07-19,ZN,110.828125,1573847
2024-07-22,ZN,110.71875,1409017
2024-07-23,ZN,110.875,1402604
2024-07-24,ZN,110.671875,2637572
2024-07-25,ZN,110.796875,3055709
2024-07-26,ZN,111.203125,1856623
2024-07-29,ZN,111.34375,1565130
2024-07-30,ZN,111.5625,1781389
2024-07-31,ZN,111.8125,3268894
2024-08-01,ZN,112.734375,3433253
2024-08-02,ZN,114.140625,4296366
2024-08-05,ZN,114.078125,3977072
2024-08-06,ZN,113.390625,2774865
2024-08-07,ZN,112.890625,2615001
2024-08-08,ZN,112.65625,2433664
2024-08-09,ZN,112.953125,1433071
2024-08-12,ZN,113.234375,1577280
2024-08-13,ZN,113.625,1726759
2024-08-14,ZN,113.765625,2029311
2024-08-15,ZN,112.953125,2308793
2024-08-16,ZN,113.109375,1717942
2024-08-19,ZN,113.21875,1352232
2024-08-20,ZN,113.5625,1626916
2024-08-21,ZN,113.890625,2634704
2024-08-22,ZN,113.296875,3456441
2024-08-23,ZN,113.703125,3189187
2024-08-26,ZN,113.59375,4044694
2024-08-27,ZN,113.515625,6299327
2024-08-28,ZN,113.53125,1816714
2024-08-29,ZN,113.3125,361182
2024-08-30,ZN,113.046875,33598
2024-09-03,ZN,113.484375,17198
2024-09-04,ZN,114.03125,8236
2024-09-05,ZN,114.234375,7329
2024-09-06,ZN,114.515625,3050
2024-09-09,ZN,114.515625,3050
2024-09-10,ZN,114.921875,1342
2024-09-11,ZN,114.78125,1058
2024-09-12,ZN,114.6875,782
2024-09-13,ZN,114.921875,469
2024-09-16,ZN,115.078125,2285
2024-09-17,ZN,114.921875,2910
2024-09-18,ZN,114.640625,405
2024-09-19,ZN,114.328125,2317517
2024-09-20,ZN,114.84375,1884141
2024-09-23,ZN,114.765625,1834960
2024-09-24,ZN,114.84375,2043257
2024-09-25,ZN,114.546875,1697399
2024-09-26,ZN,114.40625,2098994
2024-09-27,ZN,114.734375,1961298
2024-09-30,ZN,114.28125,2461714
2024-10-01,ZN,114.6875,2565634
2024-10-02,ZN,114.421875,1824431
2024-10-03,ZN,113.90625,2060271
2024-10-04,ZN,112.84375,3056066
2024-10-07,ZN,112.484375,2482450
2024-10-08,ZN,112.46875,1626785
2024-10-09,ZN,112.203125,1677790
2024-10-10,ZN,112.078125,2695481
2024-10-11,ZN,112.25,1485457
2024-10-14,ZN,111.859375,718242
2024-10-15,ZN,112.4375,1780932
2024-10-16,ZN,112.53125,1540190
2024-10-17,ZN,112.046875,1877074
2024-10-18,ZN,112.21875,1539530
2024-10-21,ZN,111.515625,2004525
2024-10-22,ZN,111.34375,2321739
2024-10-23,ZN,111.03125,1944719
2024-10-24,ZN,111.28125,1995070
2024-10-25,ZN,111.0625,1949563
2024-10-28,ZN,110.703125,2056790
2024-10-29,ZN,110.75,2372559
2024-10-30,ZN,110.703125,2755014
2024-10-31,ZN,110.46875,3372923
2024-11-01,ZN,110.03125,3154639
2024-11-04,ZN,110.359375,2034586
2024-11-05,ZN,110.40625,1911100
2024-11-06,ZN,109.546875,4168617
2024-11-07,ZN,110.1875,2960011
2024-11-08,ZN,110.28125,2175011
2024-11-11,ZN,109.90625,757689
2024-11-12,ZN,109.421875,2207860
2024-11-13,ZN,109.421875,2367189
2024-11-14,ZN,109.546875,2313406
2024-11-15,ZN,109.53125,2503718
2024-11-18,ZN,109.625,1430816
2024-11-19,ZN,109.84375,2172126
2024-11-20,ZN,109.6875,1945465
2024-11-21,ZN,109.5,3604589
2024-11-22,ZN,109.640625,3672423
2024-11-25,ZN,110.53125,4813867
2024-11-26,ZN,110.328125,2106572
2024-11-27,ZN,110.734375,571957
2024-11-29,ZN,111.015625,31510
2024-12-02,ZN,110.953125,33571
2024-12-03,ZN,110.8125,11054
2024-12-04,ZN,111.109375,8038
2024-12-05,ZN,111.0625,1920
2024-12-06,ZN,111.328125,3020
2024-12-09,ZN,111.0625,1510
2024-12-10,ZN,110.875,274
2024-12-11,ZN,110.609375,1454
2024-12-12,ZN,110.3125,2450
2024-12-13,ZN,109.828125,286
2024-12-16,ZN,109.8125,335
2024-12-17,ZN,109.890625,901
2024-12-18,ZN,109.0625,377
2024-12-19,ZN,108.703125,2315566
2024-12-20,ZN,108.96875,1686885
2024-12-23,ZN,108.46875,1104605
2024-12-24,ZN,108.5625,672210
2024-12-26,ZN,108.65625,1018693
2024-12-27,ZN,108.4375,989566
2024-12-30,ZN,108.96875,1036401
2024-12-31,ZN,108.75,1185966
2025-01-02,ZN,108.8125,1518823
2025-01-03,ZN,108.640625,1115634
2025-01-06,ZN,108.53125,1911409
2025-01-07,ZN,108.171875,1975306
2025-01-08,ZN,108.140625,2011218
2025-01-09,ZN,108.21875,929110
2025-01-10,ZN,107.390625,2708327
2025-01-13,ZN,107.234375,1749843
2025-01-14,ZN,107.359375,1774922
2025-01-15,ZN,108.328125,2701553
2025-01-16,ZN,108.609375,2404600
2025-01-17,ZN,108.546875,1684662
2025-01-21,ZN,108.734375,2192016
2025-01-22,ZN,108.5625,1461780
2025-01-23,ZN,108.375,1604316
2025-01-24,ZN,108.46875,1712361
2025-01-27,ZN,109.15625,2872051
2025-01-28,ZN,109.03125,1737620
2025-01-29,ZN,108.953125,1945831
2025-01-30,ZN,109.234375,1841303
2025-01-31,ZN,108.84375,2741218
2025-02-03,ZN,108.953125,2890747
2025-02-04,ZN,109.203125,1922171
2025-02-05,ZN,109.75,2376219
2025-02-06,ZN,109.578125,1964724
2025-02-07,ZN,109.234375,2465327
2025-02-10,ZN,109.21875,1385561
2025-02-11,ZN,108.953125,1280172
2025-02-12,ZN,108.265625,2918349
2025-02-13,ZN,108.96875,2747968
2025-02-14,ZN,109.3125,1931357
2025-02-18,ZN,108.84375,1889269
2025-02-19,ZN,108.953125,2635841
2025-02-20,ZN,109.171875,2332461
2025-02-21,ZN,109.6875,3716810
2025-02-24,ZN,109.875,4588117
2025-02-25,ZN,110.515625,5598071
2025-02-26,ZN,110.84375,2201257
2025-02-27,ZN,110.609375,456329
2025-02-28,ZN,111.0625,46352
2025-03-03,ZN,111.375,24895
2025-03-04,ZN,111.21875,20690
2025-03-05,ZN,110.84375,9145
2025-03-06,ZN,110.78125,6317
2025-03-07,ZN,110.546875,8439
2025-03-10,ZN,111.28125,2226
2025-03-11,ZN,110.8125,1291
2025-03-12,ZN,110.625,1420
2025-03-13,ZN,110.90625,1827
2025-03-14,ZN,110.625,812
2025-03-17,ZN,110.59375,1121
2025-03-18,ZN,110.78125,708
2025-03-19,ZN,110.984375,1749
2025-03-20,ZN,111.15625,2032458
2025-03-21,ZN,111.09375,1709864
2025-03-24,ZN,110.546875,1491560
2025-03-25,ZN,110.75,1630966
2025-03-26,ZN,110.5625,1728532
2025-03-27,ZN,110.421875,2098828
2025-03-28,ZN,111.203125,2440313
2025-03-31,ZN,111.21875,2939461
2025-04-01,ZN,111.78125,2637829
2025-04-02,ZN,111.5,3280446
2025-04-03,ZN,112.640625,4419043
2025-04-04,ZN,113.046875,5909934
2025-04-07,ZN,112.0625,5938458
2025-04-08,ZN,111.46875,4555093
2025-04-09,ZN,110.328125,5565656
2025-04-10,ZN,110.59375,3477955
2025-04-11,ZN,109.734375,3493055
2025-04-14,ZN,110.75,1903624
2025-04-15,ZN,111.078125,1962772
2025-04-16,ZN,111.421875,1879966
2025-04-17,ZN,111.171875,1399843
2025-04-21,ZN,110.8125,1308194
2025-04-22,ZN,110.796875,1435700
2025-04-23,ZN,110.65625,2458444
2025-04-24,ZN,111.21875,1509798
2025-04-25,ZN,111.515625,1306813
2025-04-28,ZN,111.90625,1341759
2025-04-29,ZN,112.15625,1470102
2025-04-30,ZN,112.21875,2696662
2025-05-01,ZN,111.859375,1858910
2025-05-02,ZN,111.15625,2164601
2025-05-05,ZN,111.0625,1132802
2025-05-06,ZN,111.3125,1351859
2025-05-07,ZN,111.546875,1624092
2025-05-08,ZN,110.796875,1816067
2025-05-09,ZN,110.8125,1304833
2025-05-12,ZN,110.15625,2139733
2025-05-13,ZN,109.96875,1599843
2025-05-14,ZN,109.71875,1793275
2025-05-15,ZN,110.25,1896192
2025-05-16,ZN,110.328125,1520268
2025-05-19,ZN,110.140625,1982919
2025-05-20,ZN,110.203125,1806285
2025-05-21,ZN,109.5,2703320
2025-05-22,ZN,109.828125,4241617
2025-05-23,ZN,110.078125,3928904
2025-05-27,ZN,110.515625,4341233
2025-05-28,ZN,110.21875,1681784
2025-05-29,ZN,110.640625,378925
2025-05-30,ZN,110.71875,70959
2025-06-02,ZN,110.46875,12227
2025-06-03,ZN,110.453125,14227
2025-06-04,ZN,111.09375,5526
2025-06-05,ZN,110.78125,0
2025-06-06,ZN,109.9375,4524
2025-06-09,ZN,110.171875,616
2025-06-10,ZN,110.21875,1149
2025-06-11,ZN,110.6875,1756
2025-06-12,ZN,111.046875,4180
2025-06-13,ZN,110.625,4244
2025-06-16,ZN,110.5,860
2025-06-17,ZN,110.84375,2901
2025-06-18,ZN,111.0625,0
2025-06-20,ZN,110.984375,1787188
2025-06-23,ZN,111.453125,1879463
2025-06-24,ZN,111.65625,1865858
2025-06-25,ZN,111.6875,1431141
2025-06-26,ZN,112.015625,1844008
2025-06-27,ZN,111.8125,1739692
2025-06-30,ZN,112.125,1973788
2025-07-01,ZN,111.859375,1775748
2025-07-02,ZN,111.625,1641555
2025-07-03,ZN,111.21875,0
2025-07-04,ZN,111.359375,0
2025-07-07,ZN,110.921875,1436160
2025-07-08,ZN,110.78125,1295943
2025-07-09,ZN,111.265625,1566303
2025-07-10,ZN,111.21875,1313407
2025-07-11,ZN,110.71875,1270556
2025-07-14,ZN,110.765625,1252841
2025-07-15,ZN,110.28125,2102906
2025-07-16,ZN,110.625,2465104
2025-07-17,ZN,110.515625,1458526
2025-07-18,ZN,110.78125,1110364
2025-07-21,ZN,111.1875,1279259
2025-07-22,ZN,111.40625,1349631
2025-07-23,ZN,111.015625,1418591
2025-07-24,ZN,110.828125,1446353
2025-07-25,ZN,110.984375,1163332
2025-07-28,ZN,110.765625,1197186
2025-07-29,ZN,111.359375,1763962
2025-07-30,ZN,111.0,1794648
2025-07-31,ZN,111.0625,2076804
2025-08-01,ZN,112.203125,2983381
2025-08-04,ZN,112.375,1960553
2025-08-05,ZN,112.296875,1459626
2025-08-06,ZN,112.234375,1662032
2025-08-07,ZN,112.09375,1291048
2025-08-08,ZN,111.828125,1033260
2025-08-11,ZN,111.890625,993844
2025-08-12,ZN,111.8125,1669474
2025-08-13,ZN,112.171875,1408771
2025-08-14,ZN,111.796875,1767055
2025-08-15,ZN,111.59375,1400281
2025-08-18,ZN,111.515625,1270179
2025-08-19,ZN,111.765625,1152864
2025-08-20,ZN,111.859375,1725902
2025-08-21,ZN,111.546875,2664116
2025-08-22,ZN,112.140625,3675155
2025-08-25,ZN,111.96875,3408633
2025-08-26,ZN,112.203125,3888574
2025-08-27,ZN,112.40625,1549404
2025-08-28,ZN,112.53125,411641
2025-08-29,ZN,112.453125,0
2025-09-02,ZN,112.140625,21953
2025-09-03,ZN,112.59375,16014
2025-09-04,ZN,112.828125,5707
2025-09-05,ZN,113.359375,4569
2025-09-08,ZN,113.5,2335
2025-09-09,ZN,113.3125,3501
2025-09-10,ZN,113.515625,740
2025-09-11,ZN,113.59375,413
2025-09-12,ZN,113.25,670
2025-09-15,ZN,113.40625,751
2025-09-16,ZN,113.515625,472
2025-09-17,ZN,113.09375,210
2025-09-18,ZN,112.96875,430
2025-09-19,ZN,112.828125,1279789
2025-09-22,ZN,112.703125,1283787
2025-09-23,ZN,112.875,1509773
2025-09-24,ZN,112.640625,1576936
2025-09-25,ZN,112.328125,2421612
2025-09-26,ZN,112.265625,1681227
2025-09-29,ZN,112.515625,1174337
2025-09-30,ZN,112.5,2283043
2025-10-01,ZN,112.84375,1992224
2025-10-02,ZN,112.921875,1311442
2025-10-03,ZN,112.671875,1188558
2025-10-06,ZN,112.390625,1333430
2025-10-07,ZN,112.671875,1476718
2025-10-08,ZN,112.609375,1390188
2025-10-09,ZN,112.484375,1307607
2025-10-10,ZN,113.140625,2197869
2025-10-13,ZN,113.15625,2197869
2025-10-14,ZN,113.40625,2196712
2025-10-15,ZN,113.234375,1663081
2025-10-16,ZN,113.75,2606367
2025-10-17,ZN,113.46875,2405640
2025-10-20,ZN,113.59375,1199924
2025-10-21,ZN,113.75,1529378
2025-10-22,ZN,113.796875,1692638
2025-10-23,ZN,113.484375,1634132
2025-10-24,ZN,113.4375,1908056
2025-10-27,ZN,113.421875,1532817
2025-10-28,ZN,113.46875,1622503
2025-10-29,ZN,112.90625,1973964
2025-10-30,ZN,112.703125,2220078
2025-10-31,ZN,112.671875,2069050
2025-11-03,ZN,112.671875,0
2025-11-04,ZN,112.78125,1296733
2025-11-05,ZN,112.328125,2206077
2025-11-06,ZN,112.828125,2010395
2025-11-07,ZN,112.859375,1729948
2025-11-10,ZN,112.6875,1343501
2025-11-11,ZN,113.03125,697132
2025-11-12,ZN,113.0,1589879
2025-11-13,ZN,112.765625,1962071
2025-11-14,ZN,112.53125,2526351
2025-11-17,ZN,112.640625,1533082
2025-11-18,ZN,112.78125,2456784
2025-11-19,ZN,112.6875,2237131
2025-11-20,ZN,112.875,4064457
2025-11-21,ZN,113.25,4806903
2025-11-24,ZN,113.375,3785614
2025-11-25,ZN,113.640625,2925975
2025-11-26,ZN,113.625,485602
2025-11-28,ZN,113.421875,34908
2025-12-01,ZN,112.9375,19224
2025-12-02,ZN,113.0,14125
2025-12-03,ZN,113.21875,11037
2025-12-04,ZN,112.84375,4570
2025-12-05,ZN,112.640625,2952
2025-12-08,ZN,112.390625,4291
2025-12-09,ZN,112.234375,9002
2025-12-10,ZN,112.359375,3351
2025-12-11,ZN,112.609375,937
2025-12-12,ZN,112.34375,761
2025-12-15,ZN,112.453125,2017
2025-12-16,ZN,112.6875,1340
2025-12-17,ZN,112.671875,1054
2025-12-18,ZN,112.9375,2845
2025-12-19,ZN,112.703125,1194419
2025-12-22,ZN,112.34375,899455
2025-12-23,ZN,112.296875,1271125
2025-12-24,ZN,112.515625,634890
2025-12-26,ZN,112.578125,774752
2025-12-29,ZN,112.71875,1188578
2025-12-30,ZN,112.640625,1058870
2025-12-31,ZN,112.4375,1431810
2026-01-02,ZN,112.203125,1268719
2026-01-05,ZN,112.421875,1623829
2026-01-06,ZN,112.328125,1752274
2026-01-07,ZN,112.578125,2129436
2026-01-08,ZN,112.25,1836365
2026-01-09,ZN,112.21875,2931712
2026-01-12,ZN,112.140625,2242303
2026-01-13,ZN,112.265625,2196512
2026-01-14,ZN,112.46875,1904508
2026-01-15,ZN,112.21875,1939518
2026-01-16,ZN,111.75,2599137
2026-01-20,ZN,111.421875,3408278
2026-01-21,ZN,111.65625,2398009
2026-01-22,ZN,111.59375,1834555
2026-01-23,ZN,111.671875,1797337
2026-01-26,ZN,111.828125,1497834
2026-01-27,ZN,111.796875,1643836
2026-01-28,ZN,111.640625,1647199
2026-01-29,ZN,111.859375,2303789
2026-01-30,ZN,111.828125,3095215
2026-02-02,ZN,111.59375,2525135
2026-02-03,ZN,111.59375,1883750
2026-02-04,ZN,111.609375,2005865
2026-02-05,ZN,112.125,3237297
2026-02-06,ZN,112.109375,2255242
2026-02-09,ZN,112.1875,1807589
2026-02-10,ZN,112.515625,2450371
2026-02-11,ZN,112.28125,3127690
2026-02-12,ZN,112.796875,2494095
2026-02-13,ZN,113.171875,3459260
2026-02-17,ZN,113.125,2906259
2026-02-18,ZN,112.953125,1876066
2026-02-19,ZN,112.96875,2078546
2026-02-20,ZN,112.9375,4205283
2026-02-23,ZN,113.375,5729054
2026-02-24,ZN,113.296875,4688483
2026-02-25,ZN,113.171875,1825743
2026-02-26,ZN,113.421875,453485
2026-02-27,ZN,113.859375,76685
2026-03-02,ZN,113.15625,48749
2026-03-03,ZN,113.109375,40005
2026-03-04,ZN,112.90625,12216
2026-03-05,ZN,112.421875,18030
2026-03-06,ZN,112.5625,10037
2026-03-09,ZN,112.484375,6109
2026-03-10,ZN,112.578125,1855
2026-03-11,ZN,112.125,1950
2026-03-12,ZN,111.5625,5336
2026-03-13,ZN,111.5625,1484
2026-03-16,ZN,112.03125,1329
2026-03-17,ZN,112.140625,1050
2026-03-18,ZN,111.6875,1419
2026-03-19,ZN,111.359375,1801
2026-03-20,ZN,110.796875,3213630
2026-03-23,ZN,110.921875,4388826
2026-03-24,ZN,110.421875,3365185
2026-03-25,ZN,110.890625,2793316
2026-03-26,ZN,110.171875,2623200
2026-03-27,ZN,110.15625,2608633
2026-03-30,ZN,110.8125,2195876
2026-03-31,ZN,111.046875,3156606
2026-04-01,ZN,110.984375,2318868
2026-04-02,ZN,111.015625,2146724
2026-04-06,ZN,110.8125,1126863
2026-04-07,ZN,110.859375,2139120
2026-04-08,ZN,111.234375,2550173
2026-04-09,ZN,111.234375,1604194
2026-04-10,ZN,111.09375,1349713
2026-04-13,ZN,111.234375,1375290
2026-04-14,ZN,111.53125,1428248
2026-04-15,ZN,111.359375,1345878
2026-04-16,ZN,111.21875,1302739
2026-04-17,ZN,111.71875,2002420
2026-04-20,ZN,111.65625,1322436
2026-04-21,ZN,111.296875,2011355
2026-04-22,ZN,111.28125,1493186
2026-04-23,ZN,111.046875,2226963
2026-04-24,ZN,111.21875,1902286
2026-04-27,ZN,111.03125,1194310
2026-04-28,ZN,110.859375,1664914
2026-04-29,ZN,110.359375,2275716
2026-04-30,ZN,110.59375,2647654
2026-05-01,ZN,110.640625,1767456
2026-05-04,ZN,110.171875,1964950
2026-05-05,ZN,110.34375,1325747
2026-05-06,ZN,110.796875,2102656
2026-05-07,ZN,110.515625,2091377
2026-05-08,ZN,110.75,1529739
2026-05-11,ZN,110.40625,1343024
2026-05-12,ZN,110.03125,2103749
2026-05-13,ZN,110.0,2122491
2026-05-14,ZN,110.109375,1710178
2026-05-15,ZN,109.171875,2925304
2026-05-18,ZN,109.015625,3090377
2026-05-19,ZN,108.703125,3515862
2026-05-20,ZN,109.40625,4522916
2026-05-21,ZN,109.234375,4908794
2026-05-22,ZN,109.25,4062123
2026-05-26,ZN,109.828125,6266118
2026-05-27,ZN,109.90625,2025393
2026-05-28,ZN,110.046875,485557
2026-05-29,ZN,110.078125,224601
2026-06-01,ZN,109.859375,23986
2026-06-02,ZN,109.953125,12225
2026-06-03,ZN,109.71875,5167
2026-06-04,ZN,109.84375,8176
2026-06-05,ZN,109.34375,7248
2026-06-08,ZN,109.296875,8888
2026-06-09,ZN,109.484375,3416
2026-06-10,ZN,109.40625,3028
2026-06-11,ZN,109.9375,7648
2026-06-12,ZN,109.78125,2810
2026-06-15,ZN,109.90625,2178
2026-06-16,ZN,110.1875,1050
2026-06-17,ZN,109.8125,2301
2026-06-18,ZN,109.921875,2162603
2026-06-22,ZN,109.234375,2075394
2026-06-23,ZN,109.375,1369114
2026-06-24,ZN,110.0,2268046
2026-06-25,ZN,110.09375,2087283
2026-06-26,ZN,110.265625,1833399
2026-06-29,ZN,110.1875,1355570
2026-06-30,ZN,109.890625,2188202
2026-07-01,ZN,109.578125,1967337
2026-07-02,ZN,109.578125,1665287
2026-07-06,ZN,109.640625,1325776
2026-07-07,ZN,109.328125,1588777
2026-07-08,ZN,109.0,2302992
2026-07-09,ZN,109.265625,1479963
2026-07-10,ZN,109.03125,1117096
2026-07-13,ZN,108.703125,1659494
2026-07-14,ZN,108.921875,2733442
2026-07-15,ZN,109.296875,1945397
2026-07-16,ZN,109.140625,1250147
2026-07-17,ZN,109.265625,1487586
2026-07-20,ZN,108.859375,1358231
2026-07-21,ZN,108.640625,1423472
2026-07-22,ZN,108.421875,1343449
2026-07-23,ZN,108.09375,2059111
2026-07-24,ZN,108.328125,1418855
2026-07-27,ZN,108.578125,1690983
2026-07-28,ZN,108.8125,1716140
2026-07-29,ZN,108.78125,2463756
2026-07-30,ZN,108.546875,1941865
2026-07-31,ZN,108.0,2744859
2026-08-03,ZN,108.421875,1597766
2026-08-04,ZN,108.84375,1859393
2026-08-05,ZN,108.890625,1659717
2026-08-06,ZN,108.5,1514657
2026-08-07,ZN,108.640625,2126496
2026-08-10,ZN,108.375,1357431
2026-08-11,ZN,108.484375,1602573
2026-08-12,ZN,108.546875,2009173
2026-08-13,ZN,108.921875,2023773
2026-08-14,ZN,108.578125,1925294
2026-08-17,ZN,108.453125,1599304
2026-08-18,ZN,108.5625,1800544
2026-08-19,ZN,108.78125,2812348
2026-08-20,ZN,108.5,3451237
2026-08-21,ZN,108.265625,2472314
2026-08-24,ZN,108.453125,3915199
2026-08-25,ZN,108.859375,4635509
2026-08-26,ZN,108.65625,3828358
2026-08-27,ZN,108.578125,1541456
2026-08-28,ZN,108.109375,343388
2026-08-31,ZN,107.90625,62573
2026-09-01,ZN,107.625,15592
2026-09-02,ZN,107.671875,23868
2026-09-03,ZN,107.921875,6717
2026-09-04,ZN,107.734375,4664
2026-09-08,ZN,107.578125,5053
2026-09-09,ZN,107.34375,4686
2026-09-10,ZN,106.640625,4078
2026-09-11,ZN,106.359375,5714
2026-09-14,ZN,106.421875,2180
2026-09-15,ZN,106.1875,314
2026-09-16,ZN,106.046875,732
2026-09-17,ZN,106.40625,744
2026-09-18,ZN,105.828125,1859670
2021-09-20,ZB,165.4375,644
2021-09-21,ZB,165.375,394670
2021-09-22,ZB,163.75,402110
2021-09-23,ZB,162.15625,589960
2021-09-24,ZB,160.96875,499382
2021-09-27,ZB,160.6875,455643
2021-09-28,ZB,159.3125,573118
2021-09-29,ZB,159.09375,520350
2021-09-30,ZB,159.21875,533500
2021-10-01,ZB,160.34375,469125
2021-10-04,ZB,160.125,422425
2021-10-05,ZB,159.15625,371994
2021-10-06,ZB,159.46875,483801
2021-10-07,ZB,158.4375,359160
2021-10-08,ZB,157.75,510387
2021-10-11,ZB,157.46875,110599
2021-10-12,ZB,158.5625,397231
2021-10-13,ZB,159.65625,518914
2021-10-14,ZB,160.09375,356978
2021-10-15,ZB,159.375,328195
2021-10-18,ZB,159.5625,431292
2021-10-19,ZB,158.28125,371377
2021-10-20,ZB,158.125,499345
2021-10-21,ZB,157.75,475287
2021-10-22,ZB,158.28125,408127
2021-10-25,ZB,158.53125,299913
2021-10-26,ZB,158.96875,309536
2021-10-27,ZB,160.96875,617072
2021-10-28,ZB,160.5,583559
2021-10-29,ZB,160.84375,687400
2021-11-01,ZB,160.375,402941
2021-11-02,ZB,160.78125,357737
2021-11-03,ZB,160.46875,415256
2021-11-04,ZB,161.15625,420773
2021-11-05,ZB,162.875,484390
2021-11-08,ZB,162.28125,295989
2021-11-09,ZB,163.71875,446702
2021-11-10,ZB,162.125,583472
2021-11-11,ZB,161.78125,92382
2021-11-12,ZB,161.375,326066
2021-11-15,ZB,160.25,354234
2021-11-16,ZB,160.0,376639
2021-11-17,ZB,160.4375,398244
2021-11-18,ZB,160.9375,356036
2021-11-19,ZB,161.8125,525495
2021-11-22,ZB,160.3125,886770
2021-11-23,ZB,159.375,890024
2021-11-24,ZB,160.0,594958
2021-11-26,ZB,162.875,430158
2021-11-29,ZB,162.0,222320
2021-11-30,ZB,163.6875,24724
2021-12-01,ZB,163.9375,10955
2021-12-02,ZB,163.90625,12419
2021-12-03,ZB,165.71875,4321
2021-12-06,ZB,164.09375,2238
2021-12-07,ZB,163.46875,605
2021-12-08,ZB,162.375,641
2021-12-09,ZB,162.84375,617
2021-12-10,ZB,162.875,862
2021-12-13,ZB,164.03125,348
2021-12-14,ZB,163.78125,522
2021-12-15,ZB,163.3125,2214
2021-12-16,ZB,163.6875,422
2021-12-17,ZB,164.125,260
2021-12-20,ZB,163.53125,328
2021-12-21,ZB,161.9375,362961
2021-12-22,ZB,161.375,233203
2021-12-23,ZB,160.46875,210000
2021-12-27,ZB,160.75,120221
2021-12-28,ZB,160.65625,149930
2021-12-29,ZB,159.375,258601
2021-12-30,ZB,159.875,203091
2021-12-31,ZB,160.4375,196041
2022-01-03,ZB,157.90625,349493
2022-01-04,ZB,156.8125,441225
2022-01-05,ZB,156.375,381494
2022-01-06,ZB,155.9375,390836
2022-01-07,ZB,155.125,461643
2022-01-10,ZB,155.34375,377234
2022-01-11,ZB,155.9375,340686
2022-01-12,ZB,156.03125,337524
2022-01-13,ZB,156.53125,323021
2022-01-14,ZB,155.34375,408720
2022-01-18,ZB,153.6875,558559
2022-01-19,ZB,154.5625,469861
2022-01-20,ZB,154.46875,272441
2022-01-21,ZB,155.9375,420863
2022-01-24,ZB,155.90625,419035
2022-01-25,ZB,155.25,371532
2022-01-26,ZB,154.34375,320960
2022-01-27,ZB,155.40625,388862
2022-01-28,ZB,155.75,336459
2022-01-31,ZB,155.625,377257
2022-02-01,ZB,155.3125,321344
2022-02-02,ZB,156.0,314272
2022-02-03,ZB,154.90625,392186
2022-02-04,ZB,153.25,399019
2022-02-07,ZB,153.5,266063
2022-02-08,ZB,152.78125,268989
2022-02-09,ZB,153.28125,285012
2022-02-10,ZB,151.65625,540121
2022-02-11,ZB,152.65625,538683
2022-02-14,ZB,151.75,457124
2022-02-15,ZB,150.75,323621
2022-02-16,ZB,150.84375,391691
2022-02-17,ZB,151.96875,421171
2022-02-18,ZB,153.03125,370383
2022-02-22,ZB,152.96875,854219
2022-02-23,ZB,152.5625,950229
2022-02-24,ZB,152.4375,931968
2022-02-25,ZB,152.25,206639
2022-02-28,ZB,154.59375,40728
2022-03-01,ZB,157.03125,9136
2022-03-02,ZB,154.5625,3861
2022-03-03,ZB,154.90625,1764
2022-03-04,ZB,157.21875,2218
2022-03-07,ZB,157.625,2594
2022-03-08,ZB,155.09375,345
2022-03-09,ZB,153.6875,962
2022-03-10,ZB,152.8125,493
2022-03-11,ZB,153.15625,95
2022-03-14,ZB,150.71875,864
2022-03-15,ZB,150.125,849
2022-03-16,ZB,150.15625,122
2022-03-17,ZB,149.8125,375
2022-03-18,ZB,150.78125,23
2022-03-21,ZB,148.09375,175
2022-03-22,ZB,146.96875,322346
2022-03-23,ZB,149.53125,345023
2022-03-24,ZB,149.34375,279531
2022-03-25,ZB,147.0625,336257
2022-03-28,ZB,147.625,328111
2022-03-29,ZB,148.9375,337410
2022-03-30,ZB,149.4375,310166
2022-03-31,ZB,150.0625,405107
2022-04-01,ZB,149.8125,391832
2022-04-04,ZB,148.875,288810
2022-04-05,ZB,146.40625,307287
2022-04-06,ZB,145.4375,384553
2022-04-07,ZB,144.25,372556
2022-04-08,ZB,143.15625,322365
2022-04-11,ZB,142.0625,333077
2022-04-12,ZB,142.4375,367750
2022-04-13,ZB,143.1875,357329
2022-04-14,ZB,141.0625,334679
2022-04-18,ZB,140.1875,206130
2022-04-19,ZB,139.46875,323115
2022-04-20,ZB,141.03125,368716
2022-04-21,ZB,140.0625,371377
2022-04-22,ZB,140.09375,302419
2022-04-25,ZB,141.53125,326285
2022-04-26,ZB,142.4375,327726
2022-04-27,ZB,141.53125,330754
2022-04-28,ZB,141.21875,328690
2022-04-29,ZB,140.6875,455460
2022-05-02,ZB,139.09375,298190
2022-05-03,ZB,140.0,290850
2022-05-04,ZB,140.15625,410156
2022-05-05,ZB,137.28125,471258
2022-05-06,ZB,136.3125,366495
2022-05-09,ZB,136.9375,405667
2022-05-10,ZB,138.59375,379740
2022-05-11,ZB,139.625,467862
2022-05-12,ZB,140.9375,451239
2022-05-13,ZB,139.09375,273991
2022-05-16,ZB,139.90625,304067
2022-05-17,ZB,138.65625,348422
2022-05-18,ZB,140.3125,426795
2022-05-19,ZB,140.59375,481981
2022-05-20,ZB,141.78125,458458
2022-05-23,ZB,140.3125,431874
2022-05-24,ZB,141.90625,806137
2022-05-25,ZB,141.84375,733561
2022-05-26,ZB,141.6875,429911
2022-05-27,ZB,141.9375,148561
2022-05-31,ZB,140.4375,24950
2022-06-01,ZB,139.625,12731
2022-06-02,ZB,139.75,5827
2022-06-03,ZB,139.1875,8178
2022-06-06,ZB,137.71875,3813
2022-06-07,ZB,139.0,2210
2022-06-08,ZB,138.0,897
2022-06-09,ZB,138.09375,1729
2022-06-10,ZB,136.65625,666
2022-06-13,ZB,133.59375,4253
2022-06-14,ZB,132.375,1248
2022-06-15,ZB,133.40625,7022
2022-06-16,ZB,134.65625,1892
2022-06-17,ZB,135.8125,83
2022-06-21,ZB,134.59375,314431
2022-06-22,ZB,135.96875,373302
2022-06-23,ZB,137.09375,464294
2022-06-24,ZB,136.03125,293386
2022-06-27,ZB,135.3125,238645
2022-06-28,ZB,135.15625,231757
2022-06-29,ZB,136.9375,250920
2022-06-30,ZB,138.625,426307
2022-07-01,ZB,139.34375,422195
2022-07-05,ZB,141.15625,382316
2022-07-06,ZB,139.78125,391497
2022-07-07,ZB,138.40625,285827
2022-07-08,ZB,136.84375,275352
2022-07-11,ZB,138.71875,222203
2022-07-12,ZB,139.34375,274349
2022-07-13,ZB,140.34375,456406
2022-07-14,ZB,139.5625,358712
2022-07-15,ZB,140.03125,279785
2022-07-18,ZB,139.25,241099
2022-07-19,ZB,138.5625,237476
2022-07-20,ZB,138.5,253950
2022-07-21,ZB,140.34375,353535
2022-07-22,ZB,142.0625,337937
2022-07-25,ZB,141.40625,230650
2022-07-26,ZB,142.125,252837
2022-07-27,ZB,142.75,253009
2022-07-28,ZB,143.15625,353282
2022-07-29,ZB,144.0,408529
2022-08-01,ZB,144.6875,305809
2022-08-02,ZB,142.96875,416566
2022-08-03,ZB,142.84375,321360
2022-08-04,ZB,143.6875,275774
2022-08-05,ZB,141.21875,305001
2022-08-08,ZB,142.5625,191710
2022-08-09,ZB,142.375,175945
2022-08-10,ZB,141.9375,338583
2022-08-11,ZB,140.0,353754
2022-08-12,ZB,140.59375,227205
2022-08-15,ZB,141.53125,207710
2022-08-16,ZB,141.21875,220726
2022-08-17,ZB,140.3125,277200
2022-08-18,ZB,140.4375,246628
2022-08-19,ZB,138.46875,275576
2022-08-22,ZB,137.90625,243437
2022-08-23,ZB,137.5,423991
2022-08-24,ZB,136.4375,671196
2022-08-25,ZB,137.8125,608896
2022-08-26,ZB,137.6875,465680
2022-08-29,ZB,136.5625,302588
2022-08-30,ZB,136.78125,120285
2022-08-31,ZB,136.40625,20076
2022-09-01,ZB,134.125,10913
2022-09-02,ZB,135.15625,7929
2022-09-06,ZB,133.0,6525
2022-09-07,ZB,134.1875,3786
2022-09-08,ZB,133.8125,5122
2022-09-09,ZB,133.46875,569
2022-09-12,ZB,132.84375,944
2022-09-13,ZB,132.375,4422
2022-09-14,ZB,132.4375,84
2022-09-15,ZB,131.875,4173
2022-09-16,ZB,131.625,413
2022-09-19,ZB,131.375,1063
2022-09-20,ZB,130.28125,1089
2022-09-21,ZB,130.21875,349256
2022-09-22,ZB,128.21875,408436
2022-09-23,ZB,128.78125,431286
2022-09-26,ZB,126.5,429772
2022-09-27,ZB,124.8125,466759
2022-09-28,ZB,127.6875,570998
2022-09-29,ZB,127.0625,392777
2022-09-30,ZB,126.40625,506181
2022-10-03,ZB,128.3125,384807
2022-10-04,ZB,128.65625,322796
2022-10-05,ZB,126.78125,318037
2022-10-06,ZB,126.28125,292241
2022-10-07,ZB,125.53125,272038
2022-10-10,ZB,124.15625,103760
2022-10-11,ZB,124.65625,293725
2022-10-12,ZB,125.15625,319504
2022-10-13,ZB,124.5625,431969
2022-10-14,ZB,123.71875,374956
2022-10-17,ZB,123.375,221788
2022-10-18,ZB,123.5625,308745
2022-10-19,ZB,121.90625,329457
2022-10-20,ZB,120.4375,312646
2022-10-21,ZB,119.125,580764
2022-10-24,ZB,118.3125,377199
2022-10-25,ZB,120.0625,330413
2022-10-26,ZB,121.46875,320072
2022-10-27,ZB,122.34375,330059
2022-10-28,ZB,121.25,321412
2022-10-31,ZB,120.5,404588
2022-11-01,ZB,121.03125,322513
2022-11-02,ZB,120.71875,326666
2022-11-03,ZB,120.3125,324086
2022-11-04,ZB,119.4375,279106
2022-11-07,ZB,118.53125,223011
2022-11-08,ZB,119.9375,263362
2022-11-09,ZB,119.65625,296803
2022-11-10,ZB,124.125,507746
2022-11-11,ZB,123.8125,134362
2022-11-14,ZB,123.65625,274906
2022-11-15,ZB,124.53125,355803
2022-11-16,ZB,126.40625,332498
2022-11-17,ZB,125.84375,356445
2022-11-18,ZB,125.4375,245807
2022-11-21,ZB,125.46875,429664
2022-11-22,ZB,126.625,843200
2022-11-23,ZB,127.625,556348
2022-11-25,ZB,127.59375,243727
2022-11-28,ZB,127.40625,374550
2022-11-29,ZB,126.71875,125341
2022-11-30,ZB,127.03125,14765
2022-12-01,ZB,129.5625,7559
2022-12-02,ZB,129.84375,1725
2022-12-05,ZB,128.875,2500
2022-12-06,ZB,130.46875,318
2022-12-07,ZB,131.96875,688
2022-12-08,ZB,131.03125,97
2022-12-09,ZB,129.9375,129
2022-12-12,ZB,129.71875,557
2022-12-13,ZB,131.25,352
2022-12-14,ZB,131.15625,307
2022-12-15,ZB,132.125,2
2022-12-16,ZB,131.21875,82
2022-12-19,ZB,129.84375,82
2022-12-20,ZB,128.25,311227
2022-12-21,ZB,128.15625,232284
2022-12-22,ZB,128.4375,170765
2022-12-23,ZB,127.15625,168148
2022-12-27,ZB,125.3125,182645
2022-12-28,ZB,124.90625,179049
2022-12-29,ZB,125.5,159477
2022-12-30,ZB,125.34375,274460
2023-01-03,ZB,126.21875,321925
2023-01-04,ZB,127.5,318933
2023-01-05,ZB,127.53125,253816
2023-01-06,ZB,129.21875,392821
2023-01-09,ZB,129.90625,304125
2023-01-10,ZB,128.21875,281414
2023-01-11,ZB,129.09375,295424
2023-01-12,ZB,130.65625,467713
2023-01-13,ZB,130.0,312427
2023-01-17,ZB,129.71875,297548
2023-01-18,ZB,132.0625,508870
2023-01-19,ZB,131.75,310173
2023-01-20,ZB,130.46875,308147
2023-01-23,ZB,129.84375,237193
2023-01-24,ZB,130.84375,271907
2023-01-25,ZB,130.8125,298348
2023-01-26,ZB,130.40625,276422
2023-01-27,ZB,130.15625,233597
2023-01-30,ZB,129.78125,276531
2023-01-31,ZB,129.875,442628
2023-02-01,ZB,131.65625,438963
2023-02-02,ZB,131.78125,389642
2023-02-03,ZB,130.0625,406572
2023-02-06,ZB,129.0,313051
2023-02-07,ZB,128.40625,370631
2023-02-08,ZB,128.34375,317279
2023-02-09,ZB,127.875,327929
2023-02-10,ZB,126.9375,288797
2023-02-13,ZB,127.375,253669
2023-02-14,ZB,126.96875,407830
2023-02-15,ZB,126.21875,420831
2023-02-16,ZB,125.5625,403013
2023-02-17,ZB,125.78125,311605
2023-02-21,ZB,124.09375,577395
2023-02-22,ZB,124.5625,905401
2023-02-23,ZB,125.09375,780098
2023-02-24,ZB,123.875,452036
2023-02-27,ZB,124.21875,188124
2023-02-28,ZB,124.125,25643
2023-03-01,ZB,123.1875,8577
2023-03-02,ZB,122.21875,4513
2023-03-03,ZB,123.84375,5586
2023-03-06,ZB,123.59375,389
2023-03-07,ZB,124.0,8076
2023-03-08,ZB,124.1875,1362
2023-03-09,ZB,124.71875,2135
2023-03-10,ZB,128.03125,2971
2023-03-13,ZB,130.125,609
2023-03-14,ZB,128.59375,13
2023-03-15,ZB,130.21875,1030
2023-03-16,ZB,129.15625,83
2023-03-17,ZB,131.28125,20
2023-03-20,ZB,130.0,6
2023-03-21,ZB,128.71875,20
2023-03-22,ZB,129.03125,376053
2023-03-23,ZB,131.78125,371247
2023-03-24,ZB,132.34375,401320
2023-03-27,ZB,130.34375,251086
2023-03-28,ZB,129.9375,232730
2023-03-29,ZB,129.8125,240216
2023-03-30,ZB,130.15625,232894
2023-03-31,ZB,131.15625,327380
2023-04-03,ZB,131.9375,267301
2023-04-04,ZB,133.125,257343
2023-04-05,ZB,134.0625,285089
2023-04-06,ZB,134.09375,203681
2023-04-10,ZB,132.5625,154935
2023-04-11,ZB,132.375,187337
2023-04-12,ZB,132.15625,282974
2023-04-13,ZB,131.8125,261161
2023-04-14,ZB,130.71875,262804
2023-04-17,ZB,129.75,227473
2023-04-18,ZB,130.03125,209766
2023-04-19,ZB,129.71875,280984
2023-04-20,ZB,130.3125,236599
2023-04-21,ZB,129.90625,209712
2023-04-24,ZB,130.75,167697
2023-04-25,ZB,132.375,312908
2023-04-26,ZB,131.71875,282777
2023-04-27,ZB,130.40625,277422
2023-04-28,ZB,131.65625,386405
2023-05-01,ZB,129.65625,308559
2023-05-02,ZB,131.4375,351405
2023-05-03,ZB,131.875,339588
2023-05-04,ZB,132.125,391121
2023-05-05,ZB,130.96875,237632
2023-05-08,ZB,129.875,217752
2023-05-09,ZB,129.6875,234937
2023-05-10,ZB,130.6875,277924
2023-05-11,ZB,131.53125,345271
2023-05-12,ZB,130.71875,227827
2023-05-15,ZB,129.78125,264149
2023-05-16,ZB,129.125,398789
2023-05-17,ZB,128.78125,365015
2023-05-18,ZB,127.90625,359494
2023-05-19,ZB,127.15625,381461
2023-05-22,ZB,126.78125,347273
2023-05-23,ZB,126.9375,632000
2023-05-24,ZB,126.5625,725321
2023-05-25,ZB,125.53125,597813
2023-05-26,ZB,125.625,362720
2023-05-30,ZB,127.1875,215452
2023-05-31,ZB,128.0625,34763
2023-06-01,ZB,128.59375,13319
2023-06-02,ZB,127.6875,7928
2023-06-05,ZB,127.6875,1835
2023-06-06,ZB,127.71875,1294
2023-06-07,ZB,126.3125,117
2023-06-08,ZB,127.46875,79
2023-06-09,ZB,127.34375,79
2023-06-12,ZB,126.96875,4676
2023-06-13,ZB,126.0625,175
2023-06-14,ZB,126.9375,2105
2023-06-15,ZB,127.75,769
2023-06-16,ZB,127.34375,137
2023-06-20,ZB,128.25,158
2023-06-21,ZB,127.8125,308858
2023-06-22,ZB,127.0,286811
2023-06-23,ZB,127.90625,336623
2023-06-26,ZB,128.09375,261873
2023-06-27,ZB,127.5625,303061
2023-06-28,ZB,128.25,290382
2023-06-29,ZB,126.15625,436760
2023-06-30,ZB,126.90625,489824
2023-07-03,ZB,126.625,258015
2023-07-05,ZB,125.25,394262
2023-07-06,ZB,124.03125,414981
2023-07-07,ZB,123.75,387043
2023-07-10,ZB,124.0625,306741
2023-07-11,ZB,124.375,241585
2023-07-12,ZB,125.78125,385450
2023-07-13,ZB,127.0,423031
2023-07-14,ZB,126.4375,280458
2023-07-17,ZB,126.5625,229674
2023-07-18,ZB,126.78125,268887
2023-07-19,ZB,127.6875,351095
2023-07-20,ZB,126.1875,339469
2023-07-21,ZB,126.375,246024
2023-07-24,ZB,126.15625,255922
2023-07-25,ZB,125.53125,281462
2023-07-26,ZB,126.1875,292646
2023-07-27,ZB,123.875,475993
2023-07-28,ZB,124.25,397043
2023-07-31,ZB,124.4375,409545
2023-08-01,ZB,122.96875,385474
2023-08-02,ZB,122.28125,485621
2023-08-03,ZB,120.34375,603295
2023-08-04,ZB,122.0,496840
2023-08-07,ZB,121.5625,294889
2023-08-08,ZB,122.4375,347466
2023-08-09,ZB,122.75,265765
2023-08-10,ZB,121.6875,448563
2023-08-11,ZB,120.75,341338
2023-08-14,ZB,120.6875,272514
2023-08-15,ZB,120.09375,337608
2023-08-16,ZB,119.375,385904
2023-08-17,ZB,118.65625,383991
2023-08-18,ZB,119.21875,323477
2023-08-21,ZB,117.875,431827
2023-08-22,ZB,118.34375,379429
2023-08-23,ZB,120.21875,569778
2023-08-24,ZB,119.84375,812118
2023-08-25,ZB,119.75,682709
2023-08-28,ZB,119.9375,602477
2023-08-29,ZB,121.09375,441348
2023-08-30,ZB,121.125,92154
2023-08-31,ZB,121.5625,5921
2023-09-01,ZB,120.25,4687
2023-09-05,ZB,119.03125,2127
2023-09-06,ZB,119.125,5337
2023-09-07,ZB,119.28125,3334
2023-09-08,ZB,119.5,346
2023-09-11,ZB,119.03125,104
2023-09-12,ZB,119.375,183
2023-09-13,ZB,119.625,496
2023-09-14,ZB,119.03125,216
2023-09-15,ZB,118.59375,43
2023-09-18,ZB,118.875,30
2023-09-19,ZB,118.375,138
2023-09-20,ZB,119.21875,380385
2023-09-21,ZB,116.28125,629981
2023-09-22,ZB,116.90625,441258
2023-09-25,ZB,114.84375,513762
2023-09-26,ZB,114.375,551069
2023-09-27,ZB,113.5,687279
2023-09-28,ZB,113.5,801310
2023-09-29,ZB,113.78125,795476
2023-10-02,ZB,112.375,540084
2023-10-03,ZB,110.65625,706905
2023-10-04,ZB,111.5,778418
2023-10-05,ZB,111.40625,501130
2023-10-06,ZB,110.46875,710699
2023-10-09,ZB,112.03125,196842
2023-10-10,ZB,112.0625,506124
2023-10-11,ZB,113.375,649075
2023-10-12,ZB,111.46875,670937
2023-10-13,ZB,112.78125,484080
2023-10-16,ZB,111.34375,368500
2023-10-17,ZB,110.0,561444
2023-10-18,ZB,109.28125,533800
2023-10-19,ZB,107.84375,619532
2023-10-20,ZB,108.46875,518009
2023-10-23,ZB,109.96875,648591
2023-10-24,ZB,110.0,526442
2023-10-25,ZB,108.40625,506995
2023-10-26,ZB,109.875,596519
2023-10-27,ZB,109.5,394682
2023-10-30,ZB,109.28125,441993
2023-10-31,ZB,109.4375,725179
2023-11-01,ZB,110.4375,708731
2023-11-02,ZB,112.5,705756
2023-11-03,ZB,113.65625,715888
2023-11-06,ZB,112.46875,416950
2023-11-07,ZB,113.96875,457728
2023-11-08,ZB,114.8125,494936
2023-11-09,ZB,112.96875,695153
2023-11-10,ZB,113.375,450035
2023-11-13,ZB,113.28125,340051
2023-11-14,ZB,115.4375,578890
2023-11-15,ZB,114.25,540684
2023-11-16,ZB,115.3125,461014
2023-11-17,ZB,115.40625,445292
2023-11-20,ZB,115.8125,512825
2023-11-21,ZB,115.625,663042
2023-11-22,ZB,115.875,744893
2023-11-23,ZB,115.4375,744893
2023-11-24,ZB,114.84375,372458
2023-11-27,ZB,116.03125,864919
2023-11-28,ZB,116.375,547748
2023-11-29,ZB,117.40625,107163
2023-11-30,ZB,116.4375,17882
2023-12-01,ZB,118.15625,5524
2023-12-04,ZB,117.5625,3054
2023-12-05,ZB,119.4375,2545
2023-12-06,ZB,120.5625,732
2023-12-07,ZB,120.28125,906
2023-12-08,ZB,119.03125,141
2023-12-11,ZB,119.03125,75
2023-12-12,ZB,119.5,980
2023-12-13,ZB,121.625,86
2023-12-14,ZB,123.34375,55
2023-12-15,ZB,123.84375,95
2023-12-18,ZB,123.25,106
2023-12-19,ZB,123.71875,343848
2023-12-20,ZB,124.375,522150
2023-12-21,ZB,123.96875,398470
2023-12-22,ZB,123.78125,264909
2023-12-26,ZB,124.25,119155
2023-12-27,ZB,125.875,279953
2023-12-28,ZB,125.125,336627
2023-12-29,ZB,124.9375,427020
2024-01-02,ZB,123.8125,498700
2024-01-03,ZB,124.125,540281
2024-01-04,ZB,122.84375,452215
2024-01-05,ZB,122.03125,570439
2024-01-08,ZB,122.53125,447336
2024-01-09,ZB,122.40625,359001
2024-01-10,ZB,122.15625,372262
2024-01-11,ZB,122.71875,557825
2024-01-12,ZB,122.875,472063
2024-01-16,ZB,121.0625,623981
2024-01-17,ZB,120.78125,560594
2024-01-18,ZB,119.90625,425125
2024-01-19,ZB,120.0,403169
2024-01-22,ZB,120.71875,320882
2024-01-23,ZB,119.8125,346008
2024-01-24,ZB,119.21875,488404
2024-01-25,ZB,119.8125,404028
2024-01-26,ZB,119.5625,329373
2024-01-29,ZB,120.53125,371321
2024-01-30,ZB,121.25,423973
2024-01-31,ZB,122.34375,811288
2024-02-01,ZB,124.03125,737368
2024-02-02,ZB,121.90625,667930
2024-02-05,ZB,120.125,502868
2024-02-06,ZB,121.0,399517
2024-02-07,ZB,120.84375,402496
2024-02-08,ZB,119.6875,401263
2024-02-09,ZB,119.625,312682
2024-02-12,ZB,119.84375,240152
2024-02-13,ZB,117.96875,494073
2024-02-14,ZB,118.53125,438850
2024-02-15,ZB,118.875,390896
2024-02-16,ZB,118.21875,354470
2024-02-20,ZB,118.3125,380372
2024-02-21,ZB,117.71875,514292
2024-02-22,ZB,118.0625,849520
2024-02-23,ZB,119.0625,854312
2024-02-26,ZB,118.59375,1048276
2024-02-27,ZB,118.3125,648680
2024-02-28,ZB,118.75,132265
2024-02-29,ZB,119.25,37227
2024-03-01,ZB,120.03125,4739
2024-03-04,ZB,119.59375,11414
2024-03-05,ZB,120.84375,11212
2024-03-06,ZB,121.59375,7933
2024-03-07,ZB,121.71875,2560
2024-03-08,ZB,121.5,5423
2024-03-11,ZB,121.40625,1047
2024-03-12,ZB,120.75,920
2024-03-13,ZB,120.25,747
2024-03-14,ZB,118.71875,262
2024-03-15,ZB,118.75,3106
2024-03-18,ZB,118.21875,5593
2024-03-19,ZB,118.75,420800
2024-03-20,ZB,118.8125,418679
2024-03-21,ZB,119.0,365646
2024-03-22,ZB,119.78125,313018
2024-03-25,ZB,119.3125,252136
2024-03-26,ZB,119.625,295636
2024-03-27,ZB,120.1875,335560
2024-03-28,ZB,120.4375,449274
2024-04-01,ZB,118.5,377769
2024-04-02,ZB,117.71875,616978
2024-04-03,ZB,117.78125,539863
2024-04-04,ZB,118.40625,475174
2024-04-05,ZB,117.53125,509127
2024-04-08,ZB,117.125,454746
2024-04-09,ZB,117.96875,388353
2024-04-10,ZB,115.5625,717703
2024-04-11,ZB,115.25,652036
2024-04-12,ZB,116.21875,450942
2024-04-15,ZB,114.28125,631164
2024-04-16,ZB,113.96875,651475
2024-04-17,ZB,114.84375,505306
2024-04-18,ZB,114.125,401745
2024-04-19,ZB,114.625,500960
2024-04-22,ZB,114.53125,330284
2024-04-23,ZB,114.71875,405843
2024-04-24,ZB,113.90625,432535
2024-04-25,ZB,113.3125,444457
2024-04-26,ZB,113.84375,358743
2024-04-29,ZB,114.59375,382001
2024-04-30,ZB,113.8125,539736
2024-05-01,ZB,115.03125,402943
2024-05-02,ZB,115.125,448312
2024-05-03,ZB,115.9375,531975
2024-05-06,ZB,116.21875,278722
2024-05-07,ZB,116.6875,458632
2024-05-08,ZB,116.34375,420661
2024-05-09,ZB,116.75,480244
2024-05-10,ZB,116.0625,313320
2024-05-13,ZB,116.375,290881
2024-05-14,ZB,116.78125,380611
2024-05-15,ZB,118.0625,541507
2024-05-16,ZB,117.90625,401678
2024-05-17,ZB,117.3125,276738
2024-05-20,ZB,117.0625,306571
2024-05-21,ZB,117.34375,362333
2024-05-22,ZB,117.28125,512132
2024-05-23,ZB,116.8125,947057
2024-05-24,ZB,116.8125,645816
2024-05-28,ZB,115.78125,1243177
2024-05-29,ZB,114.5625,606625
2024-05-30,ZB,115.4375,108147
2024-05-31,ZB,115.9375,17156
2024-06-03,ZB,117.46875,4169
2024-06-04,ZB,118.40625,3161
2024-06-05,ZB,119.0625,4378
2024-06-06,ZB,119.25,221
2024-06-07,ZB,117.40625,1376
2024-06-10,ZB,116.78125,247
2024-06-11,ZB,117.59375,105
2024-06-12,ZB,119.0,982
2024-06-13,ZB,119.6875,2130
2024-06-14,ZB,120.28125,756
2024-06-17,ZB,119.46875,764
2024-06-18,ZB,120.0625,546236
2024-06-20,ZB,119.8125,478763
2024-06-21,ZB,119.78125,344715
2024-06-24,ZB,120.0,331318
2024-06-25,ZB,120.15625,375761
2024-06-26,ZB,118.9375,421020
2024-06-27,ZB,119.3125,435015
2024-06-28,ZB,118.3125,797426
2024-07-01,ZB,116.09375,641867
2024-07-02,ZB,116.65625,491420
2024-07-03,ZB,118.0,406666
2024-07-05,ZB,118.8125,456671
2024-07-08,ZB,119.0,323755
2024-07-09,ZB,118.4375,392622
2024-07-10,ZB,118.75,408495
2024-07-11,ZB,119.84375,568326
2024-07-12,ZB,119.9375,380288
2024-07-15,ZB,119.1875,464771
2024-07-16,ZB,120.28125,463623
2024-07-17,ZB,120.53125,437952
2024-07-18,ZB,119.8125,406526
2024-07-19,ZB,119.125,326006
2024-07-22,ZB,118.78125,402077
2024-07-23,ZB,119.03125,361821
2024-07-24,ZB,118.03125,549179
2024-07-25,ZB,118.625,550373
2024-07-26,ZB,119.34375,327349
2024-07-29,ZB,119.65625,295288
2024-07-30,ZB,120.1875,345965
2024-07-31,ZB,120.78125,625435
2024-08-01,ZB,122.53125,683934
2024-08-02,ZB,125.0625,826023
2024-08-05,ZB,125.40625,944974
2024-08-06,ZB,123.6875,614049
2024-08-07,ZB,122.4375,599582
2024-08-08,ZB,122.0,541204
2024-08-09,ZB,122.90625,293009
2024-08-12,ZB,123.3125,305486
2024-08-13,ZB,124.0,364958
2024-08-14,ZB,124.59375,409506
2024-08-15,ZB,123.28125,443936
2024-08-16,ZB,123.6875,338727
2024-08-19,ZB,124.1875,313746
2024-08-20,ZB,124.875,388401
2024-08-21,ZB,125.375,540232
2024-08-22,ZB,124.03125,839048
2024-08-23,ZB,124.59375,755104
2024-08-26,ZB,124.53125,1047448
2024-08-27,ZB,124.15625,797912
2024-08-28,ZB,123.96875,389629
2024-08-29,ZB,123.59375,99139
2024-08-30,ZB,122.96875,11291
2024-09-03,ZB,124.03125,2855
2024-09-04,ZB,125.03125,3143
2024-09-05,ZB,125.53125,624
2024-09-06,ZB,125.78125,2259
2024-09-09,ZB,126.0625,2259
2024-09-10,ZB,126.71875,159
2024-09-11,ZB,126.625,1700
2024-09-12,ZB,126.1875,64
2024-09-13,ZB,126.59375,1060
2024-09-16,ZB,127.03125,79
2024-09-17,ZB,126.84375,264
2024-09-18,ZB,125.96875,91
2024-09-19,ZB,125.0,598032
2024-09-20,ZB,125.25,425385
2024-09-23,ZB,125.125,424085
2024-09-24,ZB,125.03125,470953
2024-09-25,ZB,124.28125,378913
2024-09-26,ZB,124.34375,462856
2024-09-27,ZB,124.875,433440
2024-09-30,ZB,124.1875,605273
2024-10-01,ZB,125.0,569434
2024-10-02,ZB,124.28125,515149
2024-10-03,ZB,123.4375,397147
2024-10-04,ZB,121.96875,597754
2024-10-07,ZB,121.3125,441169
2024-10-08,ZB,121.125,370046
2024-10-09,ZB,120.78125,397770
2024-10-10,ZB,120.1875,578507
2024-10-11,ZB,120.375,360146
2024-10-14,ZB,119.78125,144128
2024-10-15,ZB,121.0625,432661
2024-10-16,ZB,121.34375,381387
2024-10-17,ZB,120.0,431225
2024-10-18,ZB,120.25,379656
2024-10-21,ZB,118.6875,411276
2024-10-22,ZB,118.46875,484935
2024-10-23,ZB,118.03125,481960
2024-10-24,ZB,118.75,496729
2024-10-25,ZB,118.28125,399365
2024-10-28,ZB,117.65625,470694
2024-10-29,ZB,117.6875,512686
2024-10-30,ZB,118.0625,628297
2024-10-31,ZB,117.96875,838952
2024-11-01,ZB,116.8125,730910
2024-11-04,ZB,117.6875,479093
2024-11-05,ZB,118.15625,407773
2024-11-06,ZB,116.25,1022368
2024-11-07,ZB,117.09375,574318
2024-11-08,ZB,117.84375,474348
2024-11-11,ZB,117.65625,178871
2024-11-12,ZB,116.3125,564764
2024-11-13,ZB,115.84375,615293
2024-11-14,ZB,116.5625,595796
2024-11-15,ZB,116.3125,605809
2024-11-18,ZB,116.3125,463136
2024-11-19,ZB,116.90625,527957
2024-11-20,ZB,116.5625,605400
2024-11-21,ZB,116.125,864071
2024-11-22,ZB,116.28125,1017735
2024-11-25,ZB,118.28125,1277984
2024-11-26,ZB,117.875,657099
2024-11-27,ZB,118.625,259383
2024-11-29,ZB,119.28125,22610
2024-12-02,ZB,119.4375,16779
2024-12-03,ZB,118.96875,2389
2024-12-04,ZB,119.5625,1037
2024-12-05,ZB,119.65625,1112
2024-12-06,ZB,119.9375,5882
2024-12-09,ZB,119.15625,121
2024-12-10,ZB,118.84375,95
2024-12-11,ZB,118.0,36
2024-12-12,ZB,117.15625,2435
2024-12-13,ZB,116.15625,2509
2024-12-16,ZB,116.125,123
2024-12-17,ZB,116.34375,107
2024-12-18,ZB,115.03125,1790
2024-12-19,ZB,113.75,686071
2024-12-20,ZB,114.5,411294
2024-12-23,ZB,113.5625,252996
2024-12-24,ZB,113.875,173624
2024-12-26,ZB,113.9375,184610
2024-12-27,ZB,113.28125,236862
2024-12-30,ZB,114.09375,254060
2024-12-31,ZB,113.84375,327028
2025-01-02,ZB,113.75,338509
2025-01-03,ZB,113.53125,260850
2025-01-06,ZB,113.125,437876
2025-01-07,ZB,112.15625,510639
2025-01-08,ZB,111.96875,590880
2025-01-09,ZB,112.125,267830
2025-01-10,ZB,111.21875,595586
2025-01-13,ZB,110.84375,386844
2025-01-14,ZB,110.90625,378968
2025-01-15,ZB,112.53125,569655
2025-01-16,ZB,113.0,510949
2025-01-17,ZB,113.09375,394061
2025-01-21,ZB,113.65625,465106
2025-01-22,ZB,113.4375,390389
2025-01-23,ZB,112.875,449194
2025-01-24,ZB,113.1875,375840
2025-01-27,ZB,114.375,567730
2025-01-28,ZB,114.09375,327708
2025-01-29,ZB,114.09375,434928
2025-01-30,ZB,114.65625,431239
2025-01-31,ZB,113.90625,603118
2025-02-03,ZB,114.375,746300
2025-02-04,ZB,114.75,466848
2025-02-05,ZB,116.15625,614368
2025-02-06,ZB,116.09375,605103
2025-02-07,ZB,115.53125,540799
2025-02-10,ZB,115.40625,338874
2025-02-11,ZB,114.78125,324641
2025-02-12,ZB,113.40625,603616
2025-02-13,ZB,115.0,613984
2025-02-14,ZB,115.53125,391498
2025-02-18,ZB,114.65625,490498
2025-02-19,ZB,114.625,538580
2025-02-20,ZB,115.03125,550376
2025-02-21,ZB,116.09375,967447
2025-02-24,ZB,116.34375,1186807
2025-02-25,ZB,117.65625,1510671
2025-02-26,ZB,118.28125,598099
2025-02-27,ZB,117.71875,146479
2025-02-28,ZB,118.3125,61326
2025-03-03,ZB,119.03125,58137
2025-03-04,ZB,118.4375,36995
2025-03-05,ZB,117.75,46048
2025-03-06,ZB,117.34375,68929
2025-03-07,ZB,116.90625,9162
2025-03-10,ZB,118.15625,5049
2025-03-11,ZB,117.1875,1031
2025-03-12,ZB,116.8125,189
2025-03-13,ZB,117.4375,238
2025-03-14,ZB,117.03125,108
2025-03-17,ZB,117.25,780
2025-03-18,ZB,117.53125,6672
2025-03-19,ZB,117.78125,5214
2025-03-20,ZB,118.15625,431231
2025-03-21,ZB,117.375,412738
2025-03-24,ZB,116.40625,333016
2025-03-25,ZB,116.59375,353747
2025-03-26,ZB,116.15625,396956
2025-03-27,ZB,115.65625,409291
2025-03-28,ZB,117.09375,475786
2025-03-31,ZB,117.28125,660014
2025-04-01,ZB,118.59375,555045
2025-04-02,ZB,118.0,605171
2025-04-03,ZB,119.40625,843269
2025-04-04,ZB,120.59375,1192319
2025-04-07,ZB,117.625,1472527
2025-04-08,ZB,115.75,1035663
2025-04-09,ZB,114.53125,1459412
2025-04-10,ZB,113.875,839452
2025-04-11,ZB,113.1875,817775
2025-04-14,ZB,114.5,442548
2025-04-15,ZB,114.84375,397324
2025-04-16,ZB,115.28125,436891
2025-04-17,ZB,114.5625,308975
2025-04-21,ZB,113.03125,426535
2025-04-22,ZB,113.59375,385988
2025-04-23,ZB,114.15625,685331
2025-04-24,ZB,115.1875,333365
2025-04-25,ZB,115.8125,341986
2025-04-28,ZB,116.375,323496
2025-04-29,ZB,117.0625,292123
2025-04-30,ZB,116.625,662443
2025-05-01,ZB,115.875,353634
2025-05-02,ZB,114.90625,386194
2025-05-05,ZB,114.5,300705
2025-05-06,ZB,114.75,363637
2025-05-07,ZB,115.375,304864
2025-05-08,ZB,114.40625,408614
2025-05-09,ZB,114.34375,283069
2025-05-12,ZB,113.5,461856
2025-05-13,ZB,112.6875,438472
2025-05-14,ZB,112.375,398547
2025-05-15,ZB,113.0625,443184
2025-05-16,ZB,113.375,339777
2025-05-19,ZB,112.78125,599843
2025-05-20,ZB,112.5625,525337
2025-05-21,ZB,110.78125,936632
2025-05-22,ZB,111.1875,1200398
2025-05-23,ZB,111.65625,943898
2025-05-27,ZB,112.90625,1222270
2025-05-28,ZB,112.34375,406284
2025-05-29,ZB,113.1875,81156
2025-05-30,ZB,113.1875,17613
2025-06-02,ZB,112.375,8019
2025-06-03,ZB,112.625,16414
2025-06-04,ZB,114.0625,4991
2025-06-05,ZB,113.96875,0
2025-06-06,ZB,112.65625,1054
2025-06-09,ZB,112.875,1265
2025-06-10,ZB,113.09375,1371
2025-06-11,ZB,113.78125,1378
2025-06-12,ZB,114.78125,88
2025-06-13,ZB,113.75,715
2025-06-16,ZB,113.125,712
2025-06-17,ZB,114.09375,415
2025-06-18,ZB,114.5625,0
2025-06-20,ZB,113.78125,339080
2025-06-23,ZB,114.34375,389700
2025-06-24,ZB,114.71875,430423
2025-06-25,ZB,114.5625,319722
2025-06-26,ZB,114.9375,368579
2025-06-27,ZB,114.46875,424439
2025-06-30,ZB,115.46875,598080
2025-07-01,ZB,115.375,422944
2025-07-02,ZB,114.6875,382014
2025-07-03,ZB,114.25,0
2025-07-04,ZB,114.28125,0
2025-07-07,ZB,113.21875,420457
2025-07-08,ZB,113.03125,314181
2025-07-09,ZB,114.0625,351928
2025-07-10,ZB,114.25,315205
2025-07-11,ZB,112.90625,321934
2025-07-14,ZB,112.75,336023
2025-07-15,ZB,111.96875,449358
2025-07-16,ZB,112.15625,654866
2025-07-17,ZB,112.125,341042
2025-07-18,ZB,112.4375,229420
2025-07-21,ZB,113.4375,343641
2025-07-22,ZB,113.96875,328448
2025-07-23,ZB,113.34375,349610
2025-07-24,ZB,113.28125,331859
2025-07-25,ZB,113.59375,289262
2025-07-28,ZB,113.15625,300610
2025-07-29,ZB,114.53125,525170
2025-07-30,ZB,113.875,470441
2025-07-31,ZB,114.1875,488362
2025-08-01,ZB,115.6875,591565
2025-08-04,ZB,115.90625,387123
2025-08-05,ZB,116.125,365121
2025-08-06,ZB,115.5625,483437
2025-08-07,ZB,115.53125,374689
2025-08-08,ZB,115.0,264710
2025-08-11,ZB,115.15625,215981
2025-08-12,ZB,114.65625,410549
2025-08-13,ZB,115.5,303407
2025-08-14,ZB,114.65625,367143
2025-08-15,ZB,114.0,357347
2025-08-18,ZB,113.78125,301197
2025-08-19,ZB,114.34375,369664
2025-08-20,ZB,114.40625,480805
2025-08-21,ZB,114.0625,566169
2025-08-22,ZB,114.84375,870258
2025-08-25,ZB,114.71875,1026850
2025-08-26,ZB,114.59375,731834
2025-08-27,ZB,114.625,335892
2025-08-28,ZB,115.1875,109217
2025-08-29,ZB,114.65625,0
2025-09-02,ZB,113.875,10342
2025-09-03,ZB,115.0,5528
2025-09-04,ZB,115.34375,2872
2025-09-05,ZB,116.90625,782
2025-09-08,ZB,117.90625,7777
2025-09-09,ZB,117.5625,604
2025-09-10,ZB,118.125,6373
2025-09-11,ZB,118.40625,552
2025-09-12,ZB,117.84375,76
2025-09-15,ZB,118.28125,1034
2025-09-16,ZB,118.40625,352
2025-09-17,ZB,117.90625,6122
2025-09-18,ZB,117.28125,1017
2025-09-19,ZB,116.78125,307838
2025-09-22,ZB,116.25,356403
2025-09-23,ZB,116.59375,378611
2025-09-24,ZB,116.3125,370654
2025-09-25,ZB,116.21875,427690
2025-09-26,ZB,116.03125,397850
2025-09-29,ZB,116.84375,279970
2025-09-30,ZB,116.59375,571823
2025-10-01,ZB,116.96875,467654
2025-10-02,ZB,117.28125,347376
2025-10-03,ZB,116.9375,327423
2025-10-06,ZB,116.25,391042
2025-10-07,ZB,116.78125,360341
2025-10-08,ZB,116.8125,409594
2025-10-09,ZB,116.625,381059
2025-10-10,ZB,118.0625,593163
2025-10-13,ZB,117.9375,593163
2025-10-14,ZB,118.28125,502735
2025-10-15,ZB,117.96875,414989
2025-10-16,ZB,118.84375,555449
2025-10-17,ZB,118.46875,442337
2025-10-20,ZB,118.78125,321400
2025-10-21,ZB,119.1875,350038
2025-10-22,ZB,119.28125,436793
2025-10-23,ZB,118.84375,419780
2025-10-24,ZB,118.59375,400416
2025-10-27,ZB,118.78125,367479
2025-10-28,ZB,119.0625,325403
2025-10-29,ZB,118.21875,415476
2025-10-30,ZB,117.59375,511756
2025-10-31,ZB,117.3125,464567
2025-11-03,ZB,117.15625,0
2025-11-04,ZB,117.40625,290641
2025-11-05,ZB,116.4375,556027
2025-11-06,ZB,117.21875,405927
2025-11-07,ZB,117.0625,390853
2025-11-10,ZB,117.0,368735
2025-11-11,ZB,117.5,148309
2025-11-12,ZB,117.625,417338
2025-11-13,ZB,117.09375,490007
2025-11-14,ZB,116.5,573376
2025-11-17,ZB,116.71875,491393
2025-11-18,ZB,116.71875,523617
2025-11-19,ZB,116.59375,505416
2025-11-20,ZB,116.90625,1038103
2025-11-21,ZB,117.21875,1349386
2025-11-24,ZB,117.71875,1014235
2025-11-25,ZB,118.09375,626731
2025-11-26,ZB,118.21875,192371
2025-11-28,ZB,117.875,6163
2025-12-01,ZB,116.71875,19949
2025-12-02,ZB,116.84375,7156
2025-12-03,ZB,117.21875,9308
2025-12-04,ZB,116.5625,11255
2025-12-05,ZB,116.125,11849
2025-12-08,ZB,115.65625,755
2025-12-09,ZB,115.75,5487
2025-12-10,ZB,115.9375,2382
2025-12-11,ZB,116.1875,3975
2025-12-12,ZB,115.28125,3529
2025-12-15,ZB,115.46875,1087
2025-12-16,ZB,115.96875,1055
2025-12-17,ZB,115.84375,338
2025-12-18,ZB,116.3125,145
2025-12-19,ZB,115.9375,272458
2025-12-22,ZB,115.125,215486
2025-12-23,ZB,115.28125,322970
2025-12-24,ZB,115.78125,165448
2025-12-26,ZB,115.53125,214209
2025-12-29,ZB,115.875,263345
2025-12-30,ZB,115.8125,341652
2025-12-31,ZB,115.59375,386355
2026-01-02,ZB,115.0625,379411
2026-01-05,ZB,115.3125,461753
2026-01-06,ZB,115.15625,494632
2026-01-07,ZB,115.90625,582820
2026-01-08,ZB,115.375,493170
2026-01-09,ZB,115.78125,668351
2026-01-12,ZB,115.625,609194
2026-01-13,ZB,115.8125,496579
2026-01-14,ZB,116.3125,512194
2026-01-15,ZB,116.3125,486871
2026-01-16,ZB,115.4375,560629
2026-01-20,ZB,114.25,983559
2026-01-21,ZB,114.96875,753316
2026-01-22,ZB,115.1875,519208
2026-01-23,ZB,115.34375,491467
2026-01-26,ZB,115.84375,414012
2026-01-27,ZB,115.53125,452489
2026-01-28,ZB,115.09375,485010
2026-01-29,ZB,115.21875,586117
2026-01-30,ZB,115.125,736190
2026-02-02,ZB,114.625,545568
2026-02-03,ZB,114.59375,499902
2026-02-04,ZB,114.53125,523829
2026-02-05,ZB,115.375,630273
2026-02-06,ZB,115.5,437339
2026-02-09,ZB,115.5625,444174
2026-02-10,ZB,116.46875,524069
2026-02-11,ZB,116.09375,644566
2026-02-12,ZB,117.28125,595876
2026-02-13,ZB,117.78125,609197
2026-02-17,ZB,118.0,662088
2026-02-18,ZB,117.625,579826
2026-02-19,ZB,117.65625,536950
2026-02-20,ZB,117.40625,823359
2026-02-23,ZB,118.0,1423464
2026-02-24,ZB,118.03125,1088703
2026-02-25,ZB,117.90625,538846
2026-02-26,ZB,118.28125,132826
2026-02-27,ZB,118.875,25659
2026-03-02,ZB,117.84375,20837
2026-03-03,ZB,117.6875,16313
2026-03-04,ZB,117.46875,2954
2026-03-05,ZB,116.625,8923
2026-03-06,ZB,116.59375,5075
2026-03-09,ZB,116.6875,27622
2026-03-10,ZB,116.53125,3895
2026-03-11,ZB,115.21875,4615
2026-03-12,ZB,114.59375,511
2026-03-13,ZB,114.1875,181
2026-03-16,ZB,115.09375,4187
2026-03-17,ZB,115.3125,11944
2026-03-18,ZB,114.71875,1515
2026-03-19,ZB,114.8125,22
2026-03-20,ZB,113.3125,799888
2026-03-23,ZB,113.1875,969896
2026-03-24,ZB,112.625,719955
2026-03-25,ZB,113.5625,590564
2026-03-26,ZB,112.6875,536112
2026-03-27,ZB,112.1875,530841
2026-03-30,ZB,113.5,479427
2026-03-31,ZB,113.875,718026
2026-04-01,ZB,113.71875,519973
2026-04-02,ZB,113.9375,475959
2026-04-06,ZB,113.875,289991
2026-04-07,ZB,113.5,535834
2026-04-08,ZB,114.1875,533225
2026-04-09,ZB,114.125,404293
2026-04-10,ZB,113.78125,269437
2026-04-13,ZB,114.0625,350639
2026-04-14,ZB,114.65625,288877
2026-04-15,ZB,114.34375,289801
2026-04-16,ZB,113.75,329472
2026-04-17,ZB,114.59375,454908
2026-04-20,ZB,114.65625,295434
2026-04-21,ZB,114.1875,477252
2026-04-22,ZB,114.15625,413329
2026-04-23,ZB,113.84375,514615
2026-04-24,ZB,114.0,446407
2026-04-27,ZB,113.6875,298616
2026-04-28,ZB,113.53125,343825
2026-04-29,ZB,112.6875,500202
2026-04-30,ZB,112.84375,599904
2026-05-01,ZB,113.09375,433646
2026-05-04,ZB,112.15625,573375
2026-05-05,ZB,112.71875,359473
2026-05-06,ZB,113.625,580670
2026-05-07,ZB,113.15625,521732
2026-05-08,ZB,113.5625,396473
2026-05-11,ZB,112.96875,287511
2026-05-12,ZB,112.28125,452903
2026-05-13,ZB,112.0625,446941
2026-05-14,ZB,112.46875,402118
2026-05-15,ZB,110.625,610497
2026-05-18,ZB,110.375,762169
2026-05-19,ZB,109.8125,646081
2026-05-20,ZB,110.875,766102
2026-05-21,ZB,110.875,1373169
2026-05-22,ZB,111.21875,879607
2026-05-26,ZB,112.1875,1351228
2026-05-27,ZB,112.40625,455681
2026-05-28,ZB,112.8125,125211
2026-05-29,ZB,112.71875,22527
2026-06-01,ZB,112.71875,10871
2026-06-02,ZB,113.03125,26598
2026-06-03,ZB,112.59375,6269
2026-06-04,ZB,112.78125,1234
2026-06-05,ZB,112.25,1421
2026-06-08,ZB,112.0,1784
2026-06-09,ZB,112.28125,19574
2026-06-10,ZB,112.0625,576
2026-06-11,ZB,113.1875,366
2026-06-12,ZB,112.875,239
2026-06-15,ZB,113.0625,2105
2026-06-16,ZB,113.65625,481
2026-06-17,ZB,113.53125,42
2026-06-18,ZB,113.84375,452375
2026-06-22,ZB,112.6875,444969
2026-06-23,ZB,112.8125,307987
2026-06-24,ZB,114.09375,488521
2026-06-25,ZB,114.09375,413954
2026-06-26,ZB,114.15625,355439
2026-06-29,ZB,114.15625,309041
2026-06-30,ZB,113.5,674444
2026-07-01,ZB,112.65625,581522
2026-07-02,ZB,112.4375,300966
2026-07-06,ZB,112.375,295040
2026-07-07,ZB,111.65625,406667
2026-07-08,ZB,111.21875,472165
2026-07-09,ZB,111.4375,343270
2026-07-10,ZB,111.15625,297272
2026-07-13,ZB,110.71875,316691
2026-07-14,ZB,110.90625,491956
2026-07-15,ZB,111.21875,358431
2026-07-16,ZB,111.0,343129
2026-07-17,ZB,111.40625,286017
2026-07-20,ZB,110.625,295451
2026-07-21,ZB,110.375,283169
2026-07-22,ZB,110.03125,321912
2026-07-23,ZB,109.46875,471839
2026-07-24,ZB,109.71875,369101
2026-07-27,ZB,110.28125,406107
2026-07-28,ZB,110.78125,327870
2026-07-29,ZB,110.28125,630671
2026-07-30,ZB,109.40625,608727
2026-07-31,ZB,108.3125,753687
2026-08-03,ZB,109.09375,461254
2026-08-04,ZB,109.84375,479962
2026-08-05,ZB,109.96875,427986
2026-08-06,ZB,109.34375,403792
2026-08-07,ZB,109.375,364162
2026-08-10,ZB,108.90625,329429
2026-08-11,ZB,109.09375,428001
2026-08-12,ZB,109.03125,467241
2026-08-13,ZB,109.65625,512177
2026-08-14,ZB,108.84375,543620
2026-08-17,ZB,108.3125,519634
2026-08-18,ZB,108.65625,547491
2026-08-19,ZB,109.96875,1095383
2026-08-20,ZB,109.46875,832843
2026-08-21,ZB,108.875,752505
2026-08-24,ZB,109.5,1444917
2026-08-25,ZB,110.25,1414224
2026-08-26,ZB,110.03125,918067
2026-08-27,ZB,109.96875,343617
2026-08-28,ZB,109.6875,90941
2026-08-31,ZB,109.125,18953
2026-09-01,ZB,108.75,17202
2026-09-02,ZB,108.78125,5943
2026-09-03,ZB,109.21875,5995
2026-09-04,ZB,109.21875,2458
2026-09-08,ZB,108.90625,2812
2026-09-09,ZB,108.6875,340
2026-09-10,ZB,107.40625,707
2026-09-11,ZB,107.28125,352
2026-09-14,ZB,107.59375,282
2026-09-15,ZB,107.1875,72
2026-09-16,ZB,107.34375,52
2026-09-17,ZB,108.09375,139
2026-09-18,ZB,107.03125,378148
2021-09-20,ZT,110.3203125,651
2021-09-21,ZT,110.328125,688
2021-09-22,ZT,110.2734375,1674
2021-09-23,ZT,110.24609375,3040
2021-09-24,ZT,110.21875,657
2021-09-27,ZT,110.203125,366
2021-09-28,ZT,110.21484375,3373
2021-09-29,ZT,110.22265625,970
2021-09-30,ZT,110.2421875,398205
2021-10-01,ZT,110.0859375,434608
2021-10-04,ZT,110.05859375,269316
2021-10-05,ZT,110.0390625,210176
2021-10-06,ZT,110.015625,355024
2021-10-07,ZT,109.9921875,162774
2021-10-08,ZT,109.9609375,488702
2021-10-11,ZT,109.890625,135614
2021-10-12,ZT,109.890625,584586
2021-10-13,ZT,109.828125,580358
2021-10-14,ZT,109.86328125,793956
2021-10-15,ZT,109.76171875,535507
2021-10-18,ZT,109.70703125,571943
2021-10-19,ZT,109.7578125,460946
2021-10-20,ZT,109.77734375,455789
2021-10-21,ZT,109.66015625,531579
2021-10-22,ZT,109.625,615664
2021-10-25,ZT,109.69140625,360258
2021-10-26,ZT,109.6796875,364669
2021-10-27,ZT,109.64453125,636240
2021-10-28,ZT,109.62109375,806843
2021-10-29,ZT,109.625,686563
2021-11-01,ZT,109.59375,379324
2021-11-02,ZT,109.72265625,480478
2021-11-03,ZT,109.671875,506040
2021-11-04,ZT,109.80078125,542163
2021-11-05,ZT,109.84375,428389
2021-11-08,ZT,109.74609375,360756
2021-11-09,ZT,109.828125,325967
2021-11-10,ZT,109.625,610932
2021-11-11,ZT,109.53515625,116613
2021-11-12,ZT,109.59375,322272
2021-11-15,ZT,109.5859375,307743
2021-11-16,ZT,109.58203125,256269
2021-11-17,ZT,109.6328125,297394
2021-11-18,ZT,109.64453125,355665
2021-11-19,ZT,109.6640625,728756
2021-11-22,ZT,109.51953125,1093075
2021-11-23,ZT,109.55859375,1662753
2021-11-24,ZT,109.48046875,999073
2021-11-26,ZT,109.69921875,514170
2021-11-29,ZT,109.72265625,255512
2021-11-30,ZT,109.703125,128264
2021-12-01,ZT,109.625,14301
2021-12-02,ZT,109.51953125,16473
2021-12-03,ZT,109.58203125,10005
2021-12-06,ZT,109.5078125,4897
2021-12-07,ZT,109.41015625,3011
2021-12-08,ZT,109.4296875,13498
2021-12-09,ZT,109.41015625,9233
2021-12-10,ZT,109.46484375,3242
2021-12-13,ZT,109.50390625,3073
2021-12-14,ZT,109.4765625,414
2021-12-15,ZT,109.4140625,3007
2021-12-16,ZT,109.54296875,58
2021-12-17,ZT,109.515625,1398
2021-12-20,ZT,109.546875,234
2021-12-21,ZT,109.48046875,4030
2021-12-22,ZT,109.4921875,3667
2021-12-23,ZT,109.44921875,816
2021-12-27,ZT,109.40234375,134
2021-12-28,ZT,109.39453125,2462
2021-12-29,ZT,109.3984375,860
2021-12-30,ZT,109.43359375,7547
2021-12-31,ZT,109.45703125,180473
2022-01-03,ZT,108.9765625,389615
2022-01-04,ZT,109.01953125,383260
2022-01-05,ZT,108.88671875,433197
2022-01-06,ZT,108.7734375,544416
2022-01-07,ZT,108.8046875,530352
2022-01-10,ZT,108.734375,430116
2022-01-11,ZT,108.75,599540
2022-01-12,ZT,108.7421875,286514
2022-01-13,ZT,108.76171875,274879
2022-01-14,ZT,108.625,399034
2022-01-18,ZT,108.484375,609371
2022-01-19,ZT,108.52734375,454245
2022-01-20,ZT,108.4765625,364586
2022-01-21,ZT,108.60546875,475079
2022-01-24,ZT,108.6953125,717444
2022-01-25,ZT,108.61328125,435700
2022-01-26,ZT,108.484375,646560
2022-01-27,ZT,108.27734375,780767
2022-01-28,ZT,108.31640625,580265
2022-01-31,ZT,108.328125,646047
2022-02-01,ZT,108.328125,558923
2022-02-02,ZT,108.3515625,345824
2022-02-03,ZT,108.2890625,468057
2022-02-04,ZT,108.03515625,713342
2022-02-07,ZT,108.08984375,418729
2022-02-08,ZT,108.01171875,444930
2022-02-09,ZT,108.0078125,443145
2022-02-10,ZT,107.58984375,1018047
2022-02-11,ZT,107.6875,1014420
2022-02-14,ZT,107.53125,824890
2022-02-15,ZT,107.5703125,702817
2022-02-16,ZT,107.65625,644763
2022-02-17,ZT,107.7421875,579408
2022-02-18,ZT,107.78125,528238
2022-02-22,ZT,107.62109375,1713437
2022-02-23,ZT,107.59375,2069154
2022-02-24,ZT,107.71484375,1261400
2022-02-25,ZT,107.640625,451333
2022-02-28,ZT,107.98828125,104839
2022-03-01,ZT,108.2109375,23507
2022-03-02,ZT,107.80078125,14788
2022-03-03,ZT,107.77734375,5236
2022-03-04,ZT,107.875,2781
2022-03-07,ZT,107.76171875,1964
2022-03-08,ZT,107.62109375,1174
2022-03-09,ZT,107.5390625,637
2022-03-10,ZT,107.45703125,1803
2022-03-11,ZT,107.41796875,623
2022-03-14,ZT,107.23828125,579
2022-03-15,ZT,107.23828125,803
2022-03-16,ZT,107.05078125,463
2022-03-17,ZT,107.0859375,308
2022-03-18,ZT,107.0546875,115
2022-03-21,ZT,106.71484375,15
2022-03-22,ZT,106.6875,28
2022-03-23,ZT,106.76171875,147
2022-03-24,ZT,106.71484375,2
2022-03-25,ZT,106.46875,1029
2022-03-28,ZT,106.40234375,98
2022-03-29,ZT,106.4765625,179
2022-03-30,ZT,106.4921875,584
2022-03-31,ZT,106.5703125,593086
2022-04-01,ZT,105.68359375,592649
2022-04-04,ZT,105.69140625,548176
2022-04-05,ZT,105.53125,542692
2022-04-06,ZT,105.55078125,790765
2022-04-07,ZT,105.640625,797534
2022-04-08,ZT,105.51953125,470680
2022-04-11,ZT,105.57421875,621824
2022-04-12,ZT,105.8359375,837920
2022-04-13,ZT,105.94140625,897067
2022-04-14,ZT,105.73828125,558563
2022-04-18,ZT,105.72265625,294836
2022-04-19,ZT,105.515625,599240
2022-04-20,ZT,105.515625,562389
2022-04-21,ZT,105.30078125,716123
2022-04-22,ZT,105.28515625,716169
2022-04-25,ZT,105.4609375,678706
2022-04-26,ZT,105.625,707339
2022-04-27,ZT,105.625,639065
2022-04-28,ZT,105.50390625,617917
2022-04-29,ZT,105.40625,695034
2022-05-02,ZT,105.36328125,380519
2022-05-03,ZT,105.2890625,570477
2022-05-04,ZT,105.5859375,857663
2022-05-05,ZT,105.37109375,599124
2022-05-06,ZT,105.44921875,612459
2022-05-09,ZT,105.6171875,688927
2022-05-10,ZT,105.62109375,637823
2022-05-11,ZT,105.59375,753634
2022-05-12,ZT,105.8125,637990
2022-05-13,ZT,105.68359375,352147
2022-05-16,ZT,105.7421875,338442
2022-05-17,ZT,105.51953125,569147
2022-05-18,ZT,105.5859375,616747
2022-05-19,ZT,105.69921875,640625
2022-05-20,ZT,105.765625,446363
2022-05-23,ZT,105.703125,850380
2022-05-24,ZT,105.96875,2046451
2022-05-25,ZT,106.01953125,1794850
2022-05-26,ZT,106.05859375,870373
2022-05-27,ZT,106.08203125,361252
2022-05-31,ZT,106.00390625,105503
2022-06-01,ZT,105.8046875,34380
2022-06-02,ZT,105.84375,11283
2022-06-03,ZT,105.80859375,4731
2022-06-06,ZT,105.6875,10585
2022-06-07,ZT,105.6796875,5203
2022-06-08,ZT,105.59375,4323
2022-06-09,ZT,105.49609375,2554
2022-06-10,ZT,105.078125,3780
2022-06-13,ZT,104.63671875,2975
2022-06-14,ZT,104.35546875,5493
2022-06-15,ZT,104.671875,537
2022-06-16,ZT,104.78515625,2493
2022-06-17,ZT,104.80078125,9596
2022-06-21,ZT,104.78125,2275
2022-06-22,ZT,105.0546875,1992
2022-06-23,ZT,105.1328125,223
2022-06-24,ZT,105.0859375,182
2022-06-27,ZT,104.9921875,4132
2022-06-28,ZT,104.9765625,117
2022-06-29,ZT,105.10546875,814
2022-06-30,ZT,105.29296875,551733
2022-07-01,ZT,105.1875,648483
2022-07-05,ZT,105.265625,554153
2022-07-06,ZT,105.0,563049
2022-07-07,ZT,104.84375,431091
2022-07-08,ZT,104.671875,419252
2022-07-11,ZT,104.80078125,279143
2022-07-12,ZT,104.86328125,479701
2022-07-13,ZT,104.703125,828221
2022-07-14,ZT,104.68359375,702975
2022-07-15,ZT,104.7109375,467048
2022-07-18,ZT,104.6875,310364
2022-07-19,ZT,104.53515625,401364
2022-07-20,ZT,104.51171875,368862
2022-07-21,ZT,104.828125,482074
2022-07-22,ZT,105.0546875,552654
2022-07-25,ZT,104.98046875,401179
2022-07-26,ZT,104.9765625,342578
2022-07-27,ZT,105.1015625,556033
2022-07-28,ZT,105.28125,635456
2022-07-29,ZT,105.23046875,570517
2022-08-01,ZT,105.203125,440353
2022-08-02,ZT,104.89453125,690689
2022-08-03,ZT,104.8359375,618170
2022-08-04,ZT,104.984375,417029
2022-08-05,ZT,104.57421875,583757
2022-08-08,ZT,104.65625,375562
2022-08-09,ZT,104.546875,441948
2022-08-10,ZT,104.6953125,834612
2022-08-11,ZT,104.6640625,565162
2022-08-12,ZT,104.62109375,417042
2022-08-15,ZT,104.71484375,350168
2022-08-16,ZT,104.62109375,391345
2022-08-17,ZT,104.53125,655124
2022-08-18,ZT,104.62890625,562246
2022-08-19,ZT,104.59765625,487289
2022-08-22,ZT,104.47265625,571976
2022-08-23,ZT,104.5703125,921366
2022-08-24,ZT,104.45703125,1299622
2022-08-25,ZT,104.4453125,1822839
2022-08-26,ZT,104.390625,1023225
2022-08-29,ZT,104.3203125,521674
2022-08-30,ZT,104.234375,211294
2022-08-31,ZT,104.27734375,53727
2022-09-01,ZT,104.16015625,20061
2022-09-02,ZT,104.38671875,13170
2022-09-06,ZT,104.16796875,10363
2022-09-07,ZT,104.2578125,7502
2022-09-08,ZT,104.16015625,6524
2022-09-09,ZT,104.03125,6043
2022-09-12,ZT,104.02734375,4674
2022-09-13,ZT,103.66796875,2869
2022-09-14,ZT,103.6328125,1969
2022-09-15,ZT,103.453125,1346
2022-09-16,ZT,103.51171875,101
2022-09-19,ZT,103.35546875,2885
2022-09-20,ZT,103.33203125,2407
2022-09-21,ZT,103.29296875,1644
2022-09-22,ZT,102.9921875,712
2022-09-23,ZT,102.85546875,3208
2022-09-26,ZT,102.73046875,32
2022-09-27,ZT,102.68359375,49
2022-09-28,ZT,103.09375,27
2022-09-29,ZT,103.06640625,28
2022-09-30,ZT,102.92578125,574197
2022-10-03,ZT,102.90234375,510624
2022-10-04,ZT,102.92578125,571906
2022-10-05,ZT,102.8203125,398238
2022-10-06,ZT,102.625,425133
2022-10-07,ZT,102.515625,473262
2022-10-10,ZT,102.47265625,131024
2022-10-11,ZT,102.50390625,505810
2022-10-12,ZT,102.56640625,462991
2022-10-13,ZT,102.23828125,792423
2022-10-14,ZT,102.15234375,587553
2022-10-17,ZT,102.2734375,357395
2022-10-18,ZT,102.296875,430818
2022-10-19,ZT,102.05859375,369743
2022-10-20,ZT,101.92578125,464445
2022-10-21,ZT,102.19921875,772253
2022-10-24,ZT,102.203125,518688
2022-10-25,ZT,102.28125,592175
2022-10-26,ZT,102.38671875,656966
2022-10-27,ZT,102.55078125,578696
2022-10-28,ZT,102.33984375,591761
2022-10-31,ZT,102.19140625,463686
2022-11-01,ZT,102.09765625,604417
2022-11-02,ZT,102.0390625,703306
2022-11-03,ZT,101.7734375,626161
2022-11-04,ZT,101.8671875,664059
2022-11-07,ZT,101.7109375,420164
2022-11-08,ZT,101.83984375,457001
2022-11-09,ZT,101.921875,486748
2022-11-10,ZT,102.484375,875392
2022-11-11,ZT,102.4296875,214332
2022-11-14,ZT,102.34765625,446741
2022-11-15,ZT,102.42578125,606152
2022-11-16,ZT,102.43359375,579552
2022-11-17,ZT,102.26953125,555196
2022-11-18,ZT,102.16015625,522609
2022-11-21,ZT,102.1015625,903486
2022-11-22,ZT,102.09375,1733083
2022-11-23,ZT,102.16015625,1385529
2022-11-25,ZT,102.17578125,390632
2022-11-28,ZT,102.1796875,638736
2022-11-29,ZT,102.1875,215198
2022-11-30,ZT,102.37109375,53346
2022-12-01,ZT,102.62890625,35010
2022-12-02,ZT,102.59765625,9902
2022-12-05,ZT,102.4140625,9296
2022-12-06,ZT,102.47265625,1539
2022-12-07,ZT,102.68359375,2327
2022-12-08,ZT,102.58984375,14998
2022-12-09,ZT,102.57421875,610
2022-12-12,ZT,102.47265625,586
2022-12-13,ZT,102.80078125,2812
2022-12-14,ZT,102.81640625,2081
2022-12-15,ZT,102.8046875,1000
2022-12-16,ZT,102.90234375,112
2022-12-19,ZT,102.7734375,35
2022-12-20,ZT,102.76171875,148
2022-12-21,ZT,102.8671875,23
2022-12-22,ZT,102.78125,205
2022-12-23,ZT,102.6953125,60
2022-12-27,ZT,102.5078125,6
2022-12-28,ZT,102.53515625,43
2022-12-29,ZT,102.5859375,28
2022-12-30,ZT,102.5,341325
2023-01-03,ZT,102.5546875,388344
2023-01-04,ZT,102.6015625,563939
2023-01-05,ZT,102.47265625,497360
2023-01-06,ZT,102.83984375,822634
2023-01-09,ZT,102.96484375,603248
2023-01-10,ZT,102.8515625,500241
2023-01-11,ZT,102.90625,429301
2023-01-12,ZT,103.06640625,855410
2023-01-13,ZT,102.8828125,431008
2023-01-17,ZT,102.96875,487599
2023-01-18,ZT,103.19140625,665289
2023-01-19,ZT,103.1171875,511047
2023-01-20,ZT,102.99609375,409843
2023-01-23,ZT,102.87890625,294908
2023-01-24,ZT,102.9375,355287
2023-01-25,ZT,102.98046875,351650
2023-01-26,ZT,102.89453125,417125
2023-01-27,ZT,102.8359375,312366
2023-01-30,ZT,102.73046875,376496
2023-01-31,ZT,102.82421875,567923
2023-02-01,ZT,103.01171875,692294
2023-02-02,ZT,103.0546875,575445
2023-02-03,ZT,102.66015625,855515
2023-02-06,ZT,102.36328125,771393
2023-02-07,ZT,102.33203125,722608
2023-02-08,ZT,102.3515625,471405
2023-02-09,ZT,102.234375,431653
2023-02-10,ZT,102.22265625,577117
2023-02-13,ZT,102.1796875,471368
2023-02-14,ZT,101.98828125,881024
2023-02-15,ZT,101.9765625,717576
2023-02-16,ZT,102.00390625,748409
2023-02-17,ZT,101.9921875,553422
2023-02-21,ZT,101.80078125,1069401
2023-02-22,ZT,101.80859375,1860404
2023-02-23,ZT,101.80859375,1844975
2023-02-24,ZT,101.64453125,870527
2023-02-27,ZT,101.671875,299891
2023-02-28,ZT,101.671875,37710
2023-03-01,ZT,101.5078125,20378
2023-03-02,ZT,101.5078125,9462
2023-03-03,ZT,101.58984375,4382
2023-03-06,ZT,101.51953125,3091
2023-03-07,ZT,101.3046875,4526
2023-03-08,ZT,101.19921875,3948
2023-03-09,ZT,101.546875,1239
2023-03-10,ZT,102.10546875,436
2023-03-13,ZT,103.1484375,5765
2023-03-14,ZT,102.8515625,1598
2023-03-15,ZT,103.30078125,1043
2023-03-16,ZT,102.95703125,511
2023-03-17,ZT,103.56640625,60
2023-03-20,ZT,103.4140625,108
2023-03-21,ZT,102.921875,53
2023-03-22,ZT,103.21875,210
2023-03-23,ZT,103.5625,0
2023-03-24,ZT,103.59375,418
2023-03-27,ZT,103.15234375,2
2023-03-28,ZT,103.04296875,800
2023-03-29,ZT,103.01953125,4
2023-03-30,ZT,103.01171875,81
2023-03-31,ZT,103.0390625,585197
2023-04-03,ZT,103.38671875,490890
2023-04-04,ZT,103.68359375,573757
2023-04-05,ZT,103.8203125,608721
2023-04-06,ZT,103.6953125,512657
2023-04-10,ZT,103.328125,335602
2023-04-11,ZT,103.23828125,422753
2023-04-12,ZT,103.3984375,589541
2023-04-13,ZT,103.38671875,447122
2023-04-14,ZT,103.1328125,593348
2023-04-17,ZT,102.97265625,520755
2023-04-18,ZT,102.94921875,443575
2023-04-19,ZT,102.80859375,585334
2023-04-20,ZT,102.9921875,444683
2023-04-21,ZT,102.9609375,453374
2023-04-24,ZT,103.046875,272623
2023-04-25,ZT,103.42578125,700672
2023-04-26,ZT,103.359375,667839
2023-04-27,ZT,103.03125,604374
2023-04-28,ZT,103.08203125,725796
2023-05-01,ZT,102.94140625,386527
2023-05-02,ZT,103.2421875,640385
2023-05-03,ZT,103.3203125,648690
2023-05-04,ZT,103.73046875,870750
2023-05-05,ZT,103.3515625,511016
2023-05-08,ZT,103.16796875,393813
2023-05-09,ZT,103.1484375,546194
2023-05-10,ZT,103.375,672755
2023-05-11,ZT,103.3515625,507663
2023-05-12,ZT,103.16015625,428300
2023-05-15,ZT,103.16015625,416496
2023-05-16,ZT,103.01953125,662135
2023-05-17,ZT,102.8515625,558907
2023-05-18,ZT,102.640625,852653
2023-05-19,ZT,102.59375,920035
2023-05-22,ZT,102.53515625,842338
2023-05-23,ZT,102.49609375,1624855
2023-05-24,ZT,102.3828125,2069474
2023-05-25,ZT,102.10546875,1586787
2023-05-26,ZT,101.93359375,878869
2023-05-30,ZT,102.1015625,407431
2023-05-31,ZT,102.2734375,64310
2023-06-01,ZT,102.39453125,19055
2023-06-02,ZT,102.1171875,1686
2023-06-05,ZT,102.16796875,1664
2023-06-06,ZT,102.08203125,1449
2023-06-07,ZT,102.06640625,5068
2023-06-08,ZT,102.1328125,304
2023-06-09,ZT,101.9765625,127
2023-06-12,ZT,102.0546875,406
2023-06-13,ZT,101.84375,425
2023-06-14,ZT,101.8515625,1229
2023-06-15,ZT,101.98046875,205
2023-06-16,ZT,101.9609375,283
2023-06-20,ZT,102.01171875,504
2023-06-21,ZT,102.015625,340
2023-06-22,ZT,101.8359375,27
2023-06-23,ZT,101.92578125,240
2023-06-26,ZT,101.94921875,152
2023-06-27,ZT,101.81640625,292
2023-06-28,ZT,101.93359375,26
2023-06-29,ZT,101.65625,240
2023-06-30,ZT,101.6484375,611819
2023-07-03,ZT,101.56640625,347865
2023-07-05,ZT,101.52734375,496693
2023-07-06,ZT,101.40625,789186
2023-07-07,ZT,101.5390625,805200
2023-07-10,ZT,101.66796875,478869
2023-07-11,ZT,101.61328125,583183
2023-07-12,ZT,101.91015625,757193
2023-07-13,ZT,102.171875,842870
2023-07-14,ZT,101.90234375,536299
2023-07-17,ZT,101.93359375,306120
2023-07-18,ZT,101.88671875,482010
2023-07-19,ZT,101.88671875,505331
2023-07-20,ZT,101.7265625,542954
2023-07-21,ZT,101.71484375,298851
2023-07-24,ZT,101.6328125,466348
2023-07-25,ZT,101.52734375,487103
2023-07-26,ZT,101.64453125,540031
2023-07-27,ZT,101.41796875,732212
2023-07-28,ZT,101.484375,544668
2023-07-31,ZT,101.515625,504168
2023-08-01,ZT,101.44140625,419616
2023-08-02,ZT,101.49609375,619796
2023-08-03,ZT,101.48828125,694773
2023-08-04,ZT,101.6640625,722027
2023-08-07,ZT,101.71484375,470201
2023-08-08,ZT,101.71875,525031
2023-08-09,ZT,101.6484375,422783
2023-08-10,ZT,101.609375,681783
2023-08-11,ZT,101.4765625,434518
2023-08-14,ZT,101.3359375,459425
2023-08-15,ZT,101.35546875,575598
2023-08-16,ZT,101.30859375,535981
2023-08-17,ZT,101.3515625,647627
2023-08-18,ZT,101.38671875,407281
2023-08-21,ZT,101.29296875,501170
2023-08-22,ZT,101.20703125,626078
2023-08-23,ZT,101.3828125,915647
2023-08-24,ZT,101.24609375,1880553
2023-08-25,ZT,101.1796875,2238901
2023-08-28,ZT,101.1953125,1687516
2023-08-29,ZT,101.4140625,1049900
2023-08-30,ZT,101.44140625,336221
2023-08-31,ZT,101.51171875,30424
2023-09-01,ZT,101.50390625,7982
2023-09-05,ZT,101.34375,2624
2023-09-06,ZT,101.25390625,6407
2023-09-07,ZT,101.43359375,2078
2023-09-08,ZT,101.3984375,286
2023-09-11,ZT,101.40234375,156
2023-09-12,ZT,101.39453125,94
2023-09-13,ZT,101.4296875,1395
2023-09-14,ZT,101.42578125,56
2023-09-15,ZT,101.41015625,357
2023-09-18,ZT,101.390625,304
2023-09-19,ZT,101.3125,49
2023-09-20,ZT,101.3125,354
2023-09-21,ZT,101.2578125,0
2023-09-22,ZT,101.30078125,4
2023-09-25,ZT,101.37890625,4
2023-09-26,ZT,101.453125,207
2023-09-27,ZT,101.375,121
2023-09-28,ZT,101.4453125,24
2023-09-29,ZT,101.484375,762379
2023-10-02,ZT,101.22265625,537516
2023-10-03,ZT,101.15234375,832123
2023-10-04,ZT,101.34375,811699
2023-10-05,ZT,101.390625,596363
2023-10-06,ZT,101.27734375,758251
2023-10-09,ZT,101.54296875,274316
2023-10-10,ZT,101.46875,725021
2023-10-11,ZT,101.421875,733226
2023-10-12,ZT,101.30078125,783598
2023-10-13,ZT,101.33203125,506926
2023-10-16,ZT,101.24609375,469617
2023-10-17,ZT,101.0234375,818469
2023-10-18,ZT,101.015625,810331
2023-10-19,ZT,101.10546875,949478
2023-10-20,ZT,101.265625,741982
2023-10-23,ZT,101.3125,684292
2023-10-24,ZT,101.2265625,702371
2023-10-25,ZT,101.140625,626166
2023-10-26,ZT,101.28515625,648765
2023-10-27,ZT,101.33203125,531800
2023-10-30,ZT,101.27734375,472636
2023-10-31,ZT,101.2109375,806145
2023-11-01,ZT,101.40625,1075006
2023-11-02,ZT,101.390625,1098942
2023-11-03,ZT,101.65625,1155690
2023-11-06,ZT,101.44921875,737093
2023-11-07,ZT,101.49609375,837200
2023-11-08,ZT,101.45703125,593406
2023-11-09,ZT,101.30078125,783793
2023-11-10,ZT,101.22265625,625106
2023-11-13,ZT,101.25390625,517889
2023-11-14,ZT,101.66796875,1050355
2023-11-15,ZT,101.4765625,876430
2023-11-16,ZT,101.61328125,646303
2023-11-17,ZT,101.4921875,735774
2023-11-20,ZT,101.484375,764183
2023-11-21,ZT,101.5390625,1306600
2023-11-22,ZT,101.48828125,1816654
2023-11-23,ZT,101.4453125,1816654
2023-11-24,ZT,101.3984375,989828
2023-11-27,ZT,101.5546875,3146028
2023-11-28,ZT,101.75,1254360
2023-11-29,ZT,101.87890625,493654
2023-11-30,ZT,101.79296875,26442
2023-12-01,ZT,102.07421875,7764
2023-12-04,ZT,101.9453125,1492
2023-12-05,ZT,102.1015625,1197
2023-12-06,ZT,102.03515625,6014
2023-12-07,ZT,102.1171875,467
2023-12-08,ZT,101.890625,1428
2023-12-11,ZT,101.91796875,1818
2023-12-12,ZT,101.890625,49
2023-12-13,ZT,102.359375,1108
2023-12-14,ZT,102.55078125,170
2023-12-15,ZT,102.390625,374
2023-12-18,ZT,102.51171875,222
2023-12-19,ZT,102.54296875,127
2023-12-20,ZT,102.6875,120
2023-12-21,ZT,102.7265625,0
2023-12-22,ZT,102.7890625,102
2023-12-26,ZT,102.81640625,16
2023-12-27,ZT,102.984375,25
2023-12-28,ZT,102.74609375,15
2023-12-29,ZT,102.8046875,423244
2024-01-02,ZT,102.796875,549883
2024-01-03,ZT,102.8125,727080
2024-01-04,ZT,102.67578125,683714
2024-01-05,ZT,102.6484375,964130
2024-01-08,ZT,102.7421875,764889
2024-01-09,ZT,102.68359375,452298
2024-01-10,ZT,102.6875,515105
2024-01-11,ZT,102.90234375,891470
2024-01-12,ZT,103.1171875,858806
2024-01-16,ZT,102.9453125,1142713
2024-01-17,ZT,102.68359375,971532
2024-01-18,ZT,102.68359375,676969
2024-01-19,ZT,102.57421875,675181
2024-01-22,ZT,102.6328125,461777
2024-01-23,ZT,102.61328125,605565
2024-01-24,ZT,102.55859375,598953
2024-01-25,ZT,102.68359375,754027
2024-01-26,ZT,102.57421875,544794
2024-01-29,ZT,102.66015625,478298
2024-01-30,ZT,102.5859375,719260
2024-01-31,ZT,102.828125,1524982
2024-02-01,ZT,102.8828125,944935
2024-02-02,ZT,102.53515625,1291366
2024-02-05,ZT,102.34765625,863586
2024-02-06,ZT,102.4609375,762030
2024-02-07,ZT,102.43359375,626691
2024-02-08,ZT,102.359375,483116
2024-02-09,ZT,102.28515625,629959
2024-02-12,ZT,102.3046875,391111
2024-02-13,ZT,101.93359375,1053180
2024-02-14,ZT,102.0703125,796269
2024-02-15,ZT,102.10546875,829980
2024-02-16,ZT,101.95703125,781825
2024-02-20,ZT,102.0390625,867996
2024-02-21,ZT,101.9609375,1175282
2024-02-22,ZT,101.84765625,1888637
2024-02-23,ZT,101.8828125,1784304
2024-02-26,ZT,101.796875,2655218
2024-02-27,ZT,101.77734375,1128773
2024-02-28,ZT,101.8828125,291279
2024-02-29,ZT,101.9296875,73218
2024-03-01,ZT,102.1328125,12228
2024-03-04,ZT,102.0,4521
2024-03-05,ZT,102.10546875,1533
2024-03-06,ZT,102.10546875,2851
2024-03-07,ZT,102.23828125,2665
2024-03-08,ZT,102.28125,550
2024-03-11,ZT,102.19921875,190
2024-03-12,ZT,102.08203125,1533
2024-03-13,ZT,102.07421875,267
2024-03-14,ZT,102.0,572
2024-03-15,ZT,101.94921875,975
2024-03-18,ZT,101.96484375,55
2024-03-19,ZT,102.0703125,7
2024-03-20,ZT,102.24609375,2
2024-03-21,ZT,102.2109375,137
2024-03-22,ZT,102.26953125,2
2024-03-25,ZT,102.21484375,11
2024-03-26,ZT,102.19921875,0
2024-03-27,ZT,102.2265625,69
2024-03-28,ZT,102.125,750207
2024-04-01,ZT,102.05078125,610353
2024-04-02,ZT,102.08203125,696616
2024-04-03,ZT,102.125,749552
2024-04-04,ZT,102.1953125,661105
2024-04-05,ZT,102.015625,841268
2024-04-08,ZT,101.90234375,650916
2024-04-09,ZT,101.984375,669734
2024-04-10,ZT,101.53125,1658737
2024-04-11,ZT,101.54296875,1087871
2024-04-12,ZT,101.6875,754796
2024-04-15,ZT,101.5859375,939119
2024-04-16,ZT,101.53515625,929426
2024-04-17,ZT,101.59375,718190
2024-04-18,ZT,101.48046875,705517
2024-04-19,ZT,101.5234375,750121
2024-04-22,ZT,101.5234375,454806
2024-04-23,ZT,101.6015625,815458
2024-04-24,ZT,101.546875,596468
2024-04-25,ZT,101.42578125,847798
2024-04-26,ZT,101.421875,651327
2024-04-29,ZT,101.46875,550999
2024-04-30,ZT,101.328125,940518
2024-05-01,ZT,101.51171875,1044756
2024-05-02,ZT,101.625,1001609
2024-05-03,ZT,101.7578125,1277395
2024-05-06,ZT,101.7265625,540803
2024-05-07,ZT,101.71484375,639082
2024-05-08,ZT,101.6875,500381
2024-05-09,ZT,101.75390625,555539
2024-05-10,ZT,101.63671875,482167
2024-05-13,ZT,101.65625,454272
2024-05-14,ZT,101.72265625,770569
2024-05-15,ZT,101.87109375,1087196
2024-05-16,ZT,101.76171875,872792
2024-05-17,ZT,101.69921875,458235
2024-05-20,ZT,101.66796875,436419
2024-05-21,ZT,101.68359375,743866
2024-05-22,ZT,101.59765625,1081897
2024-05-23,ZT,101.49609375,2423521
2024-05-24,ZT,101.45703125,1643827
2024-05-28,ZT,101.42578125,3307672
2024-05-29,ZT,101.3671875,1130447
2024-05-30,ZT,101.44140625,336408
2024-05-31,ZT,101.51953125,23735
2024-06-03,ZT,101.65625,3227
2024-06-04,ZT,101.74609375,4036
2024-06-05,ZT,101.8359375,2200
2024-06-06,ZT,101.8984375,452
2024-06-07,ZT,101.66015625,482
2024-06-10,ZT,101.65234375,329
2024-06-11,ZT,101.7421875,1279
2024-06-12,ZT,101.8984375,1285
2024-06-13,ZT,102.015625,14
2024-06-14,ZT,101.9609375,122
2024-06-17,ZT,101.94921875,8
2024-06-18,ZT,102.07421875,217
2024-06-20,ZT,101.953125,1
2024-06-21,ZT,101.9453125,0
2024-06-24,ZT,102.00390625,11
2024-06-25,ZT,102.00390625,125
2024-06-26,ZT,101.8828125,0
2024-06-27,ZT,102.03125,12
2024-06-28,ZT,102.0078125,996334
2024-07-01,ZT,102.0,877796
2024-07-02,ZT,102.05859375,639128
2024-07-03,ZT,102.15234375,760991
2024-07-05,ZT,102.33203125,877870
2024-07-08,ZT,102.30078125,474750
2024-07-09,ZT,102.2734375,630362
2024-07-10,ZT,102.26171875,583929
2024-07-11,ZT,102.50390625,1192276
2024-07-12,ZT,102.58203125,946079
2024-07-15,ZT,102.58984375,826107
2024-07-16,ZT,102.609375,1139544
2024-07-17,ZT,102.6328125,847606
2024-07-18,ZT,102.56640625,752454
2024-07-19,ZT,102.47265625,709954
2024-07-22,ZT,102.4375,594300
2024-07-23,ZT,102.5078125,599369
2024-07-24,ZT,102.55859375,1096426
2024-07-25,ZT,102.5,1170161
2024-07-26,ZT,102.59765625,724228
2024-07-29,ZT,102.59375,567761
2024-07-30,ZT,102.6484375,634032
2024-07-31,ZT,102.68359375,1452609
2024-08-01,ZT,103.02734375,1481087
2024-08-02,ZT,103.58203125,2101061
2024-08-05,ZT,103.5546875,1926794
2024-08-06,ZT,103.35546875,1132238
2024-08-07,ZT,103.3125,1026244
2024-08-08,ZT,103.2265625,936634
2024-08-09,ZT,103.19140625,643472
2024-08-12,ZT,103.26171875,556734
2024-08-13,ZT,103.39453125,675641
2024-08-14,ZT,103.37890625,895870
2024-08-15,ZT,103.08203125,967123
2024-08-16,ZT,103.12890625,683915
2024-08-19,ZT,103.12890625,438095
2024-08-20,ZT,103.24609375,622577
2024-08-21,ZT,103.38671875,1304910
2024-08-22,ZT,103.20703125,1552721
2024-08-23,ZT,103.37109375,1949868
2024-08-26,ZT,103.3359375,2955947
2024-08-27,ZT,103.38671875,2343387
2024-08-28,ZT,103.375,927521
2024-08-29,ZT,103.3203125,331795
2024-08-30,ZT,103.2734375,12602
2024-09-03,ZT,103.359375,3209
2024-09-04,ZT,103.59375,4299
2024-09-05,ZT,103.65234375,989
2024-09-06,ZT,103.8359375,1936
2024-09-09,ZT,103.83984375,1936
2024-09-10,ZT,103.9140625,2485
2024-09-11,ZT,103.85546875,255
2024-09-12,ZT,103.83984375,26
2024-09-13,ZT,104.0,88
2024-09-16,ZT,104.08984375,384
2024-09-17,ZT,103.98828125,24
2024-09-18,ZT,103.9921875,422
2024-09-19,ZT,104.046875,163
2024-09-20,ZT,104.09375,0
2024-09-23,ZT,104.08984375,0
2024-09-24,ZT,104.140625,0
2024-09-25,ZT,103.92578125,115
2024-09-26,ZT,103.96875,25
2024-09-27,ZT,104.10546875,31
2024-09-30,ZT,104.03125,897468
2024-10-01,ZT,104.1796875,908813
2024-10-02,ZT,104.13671875,629627
2024-10-03,ZT,103.98046875,728926
2024-10-04,ZT,103.53515625,1287051
2024-10-07,ZT,103.390625,1189107
2024-10-08,ZT,103.43359375,699223
2024-10-09,ZT,103.34765625,761337
2024-10-10,ZT,103.37890625,1405652
2024-10-11,ZT,103.4765625,621571
2024-10-14,ZT,103.359375,205610
2024-10-15,ZT,103.453125,619690
2024-10-16,ZT,103.48828125,480122
2024-10-17,ZT,103.38671875,727905
2024-10-18,ZT,103.4453125,512088
2024-10-21,ZT,103.28125,670211
2024-10-22,ZT,103.2421875,732420
2024-10-23,ZT,103.14453125,639329
2024-10-24,ZT,103.19921875,755297
2024-10-25,ZT,103.12890625,751327
2024-10-28,ZT,103.046875,849014
2024-10-29,ZT,103.078125,1010562
2024-10-30,ZT,103.0078125,1009115
2024-10-31,ZT,102.97265625,1175011
2024-11-01,ZT,102.8984375,1349858
2024-11-04,ZT,102.94140625,761058
2024-11-05,ZT,102.87109375,812153
2024-11-06,ZT,102.74609375,1510634
2024-11-07,ZT,102.828125,1192249
2024-11-08,ZT,102.76953125,1106157
2024-11-11,ZT,102.66796875,281588
2024-11-12,ZT,102.59765625,1248503
2024-11-13,ZT,102.69921875,1104595
2024-11-14,ZT,102.67578125,1138352
2024-11-15,ZT,102.65234375,971657
2024-11-18,ZT,102.67578125,679654
2024-11-19,ZT,102.6953125,950327
2024-11-20,ZT,102.625,1302154
2024-11-21,ZT,102.5546875,1969873
2024-11-22,ZT,102.52734375,2140318
2024-11-25,ZT,102.69140625,3212299
2024-11-26,ZT,102.69140625,1511123
2024-11-27,ZT,102.765625,408916
2024-11-29,ZT,102.84375,24923
2024-12-02,ZT,102.80078125,11407
2024-12-03,ZT,102.859375,1320
2024-12-04,ZT,102.984375,5145
2024-12-05,ZT,102.97265625,1200
2024-12-06,ZT,103.0703125,431
2024-12-09,ZT,103.0625,1426
2024-12-10,ZT,103.02734375,1369
2024-12-11,ZT,103.0390625,1491
2024-12-12,ZT,102.97265625,4
2024-12-13,ZT,102.890625,2873
2024-12-16,ZT,102.90625,298
2024-12-17,ZT,102.9296875,102
2024-12-18,ZT,102.69140625,0
2024-12-19,ZT,102.83984375,110
2024-12-20,ZT,102.828125,5
2024-12-23,ZT,102.80078125,52
2024-12-24,ZT,102.82421875,1
2024-12-26,ZT,102.828125,0
2024-12-27,ZT,102.84375,4
2024-12-30,ZT,102.9765625,7
2024-12-31,ZT,102.97265625,510173
2025-01-02,ZT,102.8046875,606189
2025-01-03,ZT,102.74609375,507147
2025-01-06,ZT,102.76171875,892167
2025-01-07,ZT,102.71484375,772084
2025-01-08,ZT,102.73046875,760035
2025-01-09,ZT,102.78125,408173
2025-01-10,ZT,102.51171875,1200454
2025-01-13,ZT,102.50390625,719516
2025-01-14,ZT,102.56640625,738953
2025-01-15,ZT,102.75390625,932029
2025-01-16,ZT,102.8046875,981598
2025-01-17,ZT,102.734375,773213
2025-01-21,ZT,102.7265625,915496
2025-01-22,ZT,102.69921875,646706
2025-01-23,ZT,102.7265625,678155
2025-01-24,ZT,102.75390625,675579
2025-01-27,ZT,102.90625,874352
2025-01-28,ZT,102.88671875,538600
2025-01-29,ZT,102.84375,659253
2025-01-30,ZT,102.89453125,509155
2025-01-31,ZT,102.8125,830734
2025-02-03,ZT,102.7578125,1260100
2025-02-04,ZT,102.84765625,681825
2025-02-05,ZT,102.90234375,758697
2025-02-06,ZT,102.86328125,729925
2025-02-07,ZT,102.72265625,1193656
2025-02-10,ZT,102.73828125,579564
2025-02-11,ZT,102.69921875,695608
2025-02-12,ZT,102.5546875,1248042
2025-02-13,ZT,102.6640625,894692
2025-02-14,ZT,102.76171875,784813
2025-02-18,ZT,102.69140625,567113
2025-02-19,ZT,102.73828125,863276
2025-02-20,ZT,102.75,1031306
2025-02-21,ZT,102.88671875,2230739
2025-02-24,ZT,102.93359375,2855173
2025-02-25,ZT,103.05859375,3411069
2025-02-26,ZT,103.09375,895406
2025-02-27,ZT,103.0625,333052
2025-02-28,ZT,103.2265625,10576
2025-03-03,ZT,103.25,3479
2025-03-04,ZT,103.3046875,4488
2025-03-05,ZT,103.26171875,753
2025-03-06,ZT,103.32421875,2037
2025-03-07,ZT,103.25390625,12403
2025-03-10,ZT,103.46484375,7
2025-03-11,ZT,103.3984375,5760
2025-03-12,ZT,103.30859375,297
2025-03-13,ZT,103.38671875,247
2025-03-14,ZT,103.265625,10
2025-03-17,ZT,103.19921875,12
2025-03-18,ZT,103.24609375,53
2025-03-19,ZT,103.36328125,730
2025-03-20,ZT,103.41015625,648
2025-03-21,ZT,103.42578125,0
2025-03-24,ZT,103.3046875,595
2025-03-25,ZT,103.37109375,8
2025-03-26,ZT,103.31640625,0
2025-03-27,ZT,103.33984375,0
2025-03-28,ZT,103.47265625,41
2025-03-31,ZT,103.53515625,987743
2025-04-01,ZT,103.67578125,766016
2025-04-02,ZT,103.59765625,889383
2025-04-03,ZT,103.94921875,1627997
2025-04-04,ZT,104.0703125,2677923
2025-04-07,ZT,103.94140625,2702835
2025-04-08,ZT,103.93359375,2338960
2025-04-09,ZT,103.5078125,3041636
2025-04-10,ZT,103.6953125,1470364
2025-04-11,ZT,103.4921875,1366721
2025-04-14,ZT,103.7265625,700247
2025-04-15,ZT,103.734375,826585
2025-04-16,ZT,103.8125,737077
2025-04-17,ZT,103.79296875,565205
2025-04-21,ZT,103.88671875,647111
2025-04-22,ZT,103.76953125,703552
2025-04-23,ZT,103.62890625,1110393
2025-04-24,ZT,103.7578125,639518
2025-04-25,ZT,103.8125,539320
2025-04-28,ZT,103.9609375,618477
2025-04-29,ZT,104.00390625,661299
2025-04-30,ZT,104.07421875,1043932
2025-05-01,ZT,103.91015625,881801
2025-05-02,ZT,103.6328125,1020098
2025-05-05,ZT,103.6328125,451036
2025-05-06,ZT,103.734375,590470
2025-05-07,ZT,103.7265625,806561
2025-05-08,ZT,103.52734375,819465
2025-05-09,ZT,103.546875,637392
2025-05-12,ZT,103.3203125,930466
2025-05-13,ZT,103.2890625,743012
2025-05-14,ZT,103.2109375,799298
2025-05-15,ZT,103.35546875,864587
2025-05-16,ZT,103.328125,653124
2025-05-19,ZT,103.3359375,762767
2025-05-20,ZT,103.359375,683661
2025-05-21,ZT,103.27734375,1228466
2025-05-22,ZT,103.3046875,2368281
2025-05-23,ZT,103.3203125,2188060
2025-05-27,ZT,103.36328125,2657075
2025-05-28,ZT,103.28125,935227
2025-05-29,ZT,103.3671875,213617
2025-05-30,ZT,103.42578125,18345
2025-06-02,ZT,103.37109375,6512
2025-06-03,ZT,103.3515625,4112
2025-06-04,ZT,103.5,2471
2025-06-05,ZT,103.4296875,0
2025-06-06,ZT,103.21875,445
2025-06-09,ZT,103.3125,668
2025-06-10,ZT,103.2890625,1
2025-06-11,ZT,103.4375,344
2025-06-12,ZT,103.51171875,174
2025-06-13,ZT,103.4140625,197
2025-06-16,ZT,103.41796875,321
2025-06-17,ZT,103.453125,146
2025-06-18,ZT,103.421875,0
2025-06-20,ZT,103.4921875,6
2025-06-23,ZT,103.6171875,2
2025-06-24,ZT,103.68359375,53
2025-06-25,ZT,103.72265625,41
2025-06-26,ZT,103.80859375,15
2025-06-27,ZT,103.77734375,14
2025-06-30,ZT,103.796875,925371
2025-07-01,ZT,103.89453125,915572
2025-07-02,ZT,103.875,885288
2025-07-03,ZT,103.6875,0
2025-07-04,ZT,103.73046875,0
2025-07-07,ZT,103.65234375,521419
2025-07-08,ZT,103.640625,670166
2025-07-09,ZT,103.7265625,554348
2025-07-10,ZT,103.70703125,511786
2025-07-11,ZT,103.61328125,478084
2025-07-14,ZT,103.64453125,442315
2025-07-15,ZT,103.5234375,799114
2025-07-16,ZT,103.66015625,1111341
2025-07-17,ZT,103.59765625,557044
2025-07-18,ZT,103.66796875,457962
2025-07-21,ZT,103.71875,383908
2025-07-22,ZT,103.7578125,447994
2025-07-23,ZT,103.66015625,479689
2025-07-24,ZT,103.57421875,489376
2025-07-25,ZT,103.58984375,488912
2025-07-28,ZT,103.5625,509439
2025-07-29,ZT,103.65234375,686061
2025-07-30,ZT,103.52734375,1105480
2025-07-31,ZT,103.4921875,1012333
2025-08-01,ZT,103.9609375,1715123
2025-08-04,ZT,104.0,1063151
2025-08-05,ZT,103.9296875,780504
2025-08-06,ZT,103.95703125,655490
2025-08-07,ZT,103.890625,619269
2025-08-08,ZT,103.83984375,468244
2025-08-11,ZT,103.84375,429534
2025-08-12,ZT,103.890625,936753
2025-08-13,ZT,103.96484375,534476
2025-08-14,ZT,103.8671875,841583
2025-08-15,ZT,103.8203125,574364
2025-08-18,ZT,103.7890625,502857
2025-08-19,ZT,103.8203125,527843
2025-08-20,ZT,103.83984375,1019038
2025-08-21,ZT,103.7578125,1647078
2025-08-22,ZT,103.94140625,2549466
2025-08-25,ZT,103.85546875,2743058
2025-08-26,ZT,103.94921875,2577465
2025-08-27,ZT,103.984375,785622
2025-08-28,ZT,103.9609375,199792
2025-08-29,ZT,103.98828125,0
2025-09-02,ZT,103.9296875,14845
2025-09-03,ZT,104.0078125,6247
2025-09-04,ZT,104.046875,2280
2025-09-05,ZT,104.19921875,5835
2025-09-08,ZT,104.21875,1159
2025-09-09,ZT,104.12890625,2182
2025-09-10,ZT,104.140625,2655
2025-09-11,ZT,104.16015625,1796
2025-09-12,ZT,104.1015625,914
2025-09-15,ZT,104.1328125,452
2025-09-16,ZT,104.171875,218
2025-09-17,ZT,104.08984375,116
2025-09-18,ZT,104.0625,3580
2025-09-19,ZT,104.0390625,1276
2025-09-22,ZT,104.015625,4
2025-09-23,ZT,104.02734375,0
2025-09-24,ZT,103.98828125,2
2025-09-25,ZT,103.8671875,3681
2025-09-26,ZT,103.8984375,276
2025-09-29,ZT,103.921875,1378
2025-09-30,ZT,103.97265625,925869
2025-10-01,ZT,104.30859375,871813
2025-10-02,ZT,104.30078125,562340
2025-10-03,ZT,104.25,481676
2025-10-06,ZT,104.203125,453052
2025-10-07,ZT,104.25390625,538578
2025-10-08,ZT,104.22265625,507299
2025-10-09,ZT,104.1875,527668
2025-10-10,ZT,104.3359375,886488
2025-10-13,ZT,104.37890625,886488
2025-10-14,ZT,104.421875,943085
2025-10-15,ZT,104.3671875,820373
2025-10-16,ZT,104.515625,1239151
2025-10-17,ZT,104.4375,1068339
2025-10-20,ZT,104.4375,477097
2025-10-21,ZT,104.453125,526080
2025-10-22,ZT,104.46875,530878
2025-10-23,ZT,104.390625,610472
2025-10-24,ZT,104.3828125,664505
2025-10-27,ZT,104.34765625,685977
2025-10-28,ZT,104.34765625,614016
2025-10-29,ZT,104.1796875,1030975
2025-10-30,ZT,104.12109375,975566
2025-10-31,ZT,104.12109375,941746
2025-11-03,ZT,104.13671875,0
2025-11-04,ZT,104.16796875,605108
2025-11-05,ZT,104.0703125,862115
2025-11-06,ZT,104.1953125,947854
2025-11-07,ZT,104.2109375,857363
2025-11-10,ZT,104.14453125,685011
2025-11-11,ZT,104.21484375,246936
2025-11-12,ZT,104.18359375,763685
2025-11-13,ZT,104.13671875,770865
2025-11-14,ZT,104.0859375,834109
2025-11-17,ZT,104.09375,710247
2025-11-18,ZT,104.14453125,1197328
2025-11-19,ZT,104.109375,1481120
2025-11-20,ZT,104.1796875,2596421
2025-11-21,ZT,104.265625,3081957
2025-11-24,ZT,104.2734375,2585876
2025-11-25,ZT,104.30859375,1438520
2025-11-26,ZT,104.26953125,292201
2025-11-28,ZT,104.25390625,18043
2025-12-01,ZT,104.16796875,8984
2025-12-02,ZT,104.2109375,4790
2025-12-03,ZT,104.26171875,5893
2025-12-04,ZT,104.1875,3250
2025-12-05,ZT,104.13671875,1600
2025-12-08,ZT,104.1171875,509
2025-12-09,ZT,104.05859375,189
2025-12-10,ZT,104.15625,9703
2025-12-11,ZT,104.20703125,289
2025-12-12,ZT,104.20703125,582
2025-12-15,ZT,104.24609375,265
2025-12-16,ZT,104.296875,121
2025-12-17,ZT,104.2890625,871
2025-12-18,ZT,104.33984375,162
2025-12-19,ZT,104.3125,194
2025-12-22,ZT,104.26953125,4
2025-12-23,ZT,104.1953125,8
2025-12-24,ZT,104.234375,0
2025-12-26,ZT,104.28515625,0
2025-12-29,ZT,104.32421875,2
2025-12-30,ZT,104.359375,9
2025-12-31,ZT,104.38671875,453651
2026-01-02,ZT,104.37109375,404900
2026-01-05,ZT,104.4140625,598315
2026-01-06,ZT,104.37109375,715610
2026-01-07,ZT,104.37890625,847520
2026-01-08,ZT,104.33984375,642424
2026-01-09,ZT,104.23828125,1344663
2026-01-12,ZT,104.23046875,866792
2026-01-13,ZT,104.26171875,890366
2026-01-14,ZT,104.28515625,670271
2026-01-15,ZT,104.18359375,844215
2026-01-16,ZT,104.12109375,978154
2026-01-20,ZT,104.12109375,1254023
2026-01-21,ZT,104.12109375,912239
2026-01-22,ZT,104.0859375,687841
2026-01-23,ZT,104.10546875,666018
2026-01-26,ZT,104.1328125,619246
2026-01-27,ZT,104.171875,704078
2026-01-28,ZT,104.1484375,805970
2026-01-29,ZT,104.203125,977591
2026-01-30,ZT,104.24609375,1357675
2026-02-02,ZT,104.171875,1164650
2026-02-03,ZT,104.16015625,788497
2026-02-04,ZT,104.18359375,773058
2026-02-05,ZT,104.32421875,1573053
2026-02-06,ZT,104.29296875,1233233
2026-02-09,ZT,104.32421875,756235
2026-02-10,ZT,104.375,922436
2026-02-11,ZT,104.26171875,1388029
2026-02-12,ZT,104.3359375,944187
2026-02-13,ZT,104.4453125,1585686
2026-02-17,ZT,104.390625,1293556
2026-02-18,ZT,104.34765625,1121418
2026-02-19,ZT,104.3203125,1252627
2026-02-20,ZT,104.29296875,2521873
2026-02-23,ZT,104.359375,3418895
2026-02-24,ZT,104.32421875,2995790
2026-02-25,ZT,104.29296875,967440
2026-02-26,ZT,104.33203125,231081
2026-02-27,ZT,104.46484375,36252
2026-03-02,ZT,104.265625,24585
2026-03-03,ZT,104.2265625,35742
2026-03-04,ZT,104.15234375,6745
2026-03-05,ZT,104.05078125,24436
2026-03-06,ZT,104.12109375,2694
2026-03-09,ZT,104.05078125,6817
2026-03-10,ZT,104.09375,2572
2026-03-11,ZT,103.97265625,6182
2026-03-12,ZT,103.75,15285
2026-03-13,ZT,103.8046875,4027
2026-03-16,ZT,103.8984375,1747
2026-03-17,ZT,103.9140625,1002
2026-03-18,ZT,103.78125,2351
2026-03-19,ZT,103.625,4475
2026-03-20,ZT,103.484375,5271
2026-03-23,ZT,103.59765625,3492
2026-03-24,ZT,103.4296875,968
2026-03-25,ZT,103.53515625,538
2026-03-26,ZT,103.35546875,1552
2026-03-27,ZT,103.48046875,2098
2026-03-30,ZT,103.625,6906
2026-03-31,ZT,103.68359375,1403479
2026-04-01,ZT,103.71875,917012
2026-04-02,ZT,103.7265625,849698
2026-04-06,ZT,103.625,544239
2026-04-07,ZT,103.65625,903929
2026-04-08,ZT,103.734375,1395176
2026-04-09,ZT,103.7578125,785077
2026-04-10,ZT,103.71875,637841
2026-04-13,ZT,103.76171875,565521
2026-04-14,ZT,103.81640625,603026
2026-04-15,ZT,103.7890625,486741
2026-04-16,ZT,103.76171875,540648
2026-04-17,ZT,103.91015625,793825
2026-04-20,ZT,103.87890625,650062
2026-04-21,ZT,103.76171875,1039360
2026-04-22,ZT,103.73046875,611797
2026-04-23,ZT,103.67578125,806508
2026-04-24,ZT,103.76953125,849368
2026-04-27,ZT,103.72265625,636439
2026-04-28,ZT,103.64453125,740734
2026-04-29,ZT,103.4765625,1264783
2026-04-30,ZT,103.5625,1124047
2026-05-01,ZT,103.55859375,759130
2026-05-04,ZT,103.41796875,1014744
2026-05-05,ZT,103.46484375,686183
2026-05-06,ZT,103.59375,1119622
2026-05-07,ZT,103.50390625,949582
2026-05-08,ZT,103.546875,712077
2026-05-11,ZT,103.453125,691399
2026-05-12,ZT,103.36328125,995891
2026-05-13,ZT,103.37109375,886631
2026-05-14,ZT,103.36328125,825905
2026-05-15,ZT,103.203125,1161646
2026-05-18,ZT,103.1796875,1314489
2026-05-19,ZT,103.12109375,1385440
2026-05-20,ZT,103.2734375,1912533
2026-05-21,ZT,103.1875,3209502
2026-05-22,ZT,103.125,3310501
2026-05-26,ZT,103.28125,3829728
2026-05-27,ZT,103.3125,1117954
2026-05-28,ZT,103.328125,281942
2026-05-29,ZT,103.34765625,39252
2026-06-01,ZT,103.28515625,26313
2026-06-02,ZT,103.29296875,5887
2026-06-03,ZT,103.23828125,5219
2026-06-04,ZT,103.296875,10878
2026-06-05,ZT,103.09765625,3915
2026-06-08,ZT,103.10546875,6365
2026-06-09,ZT,103.15625,1067
2026-06-10,ZT,103.1484375,244
2026-06-11,ZT,103.2421875,2710
2026-06-12,ZT,103.234375,1562
2026-06-15,ZT,103.265625,32
2026-06-16,ZT,103.3125,108
2026-06-17,ZT,103.09375,1536
2026-06-18,ZT,103.0703125,717
2026-06-22,ZT,102.96875,171
2026-06-23,ZT,103.0625,34
2026-06-24,ZT,103.1640625,645
2026-06-25,ZT,103.1875,116
2026-06-26,ZT,103.23046875,1424
2026-06-29,ZT,103.203125,35
2026-06-30,ZT,103.19921875,914203
2026-07-01,ZT,103.01953125,914805
2026-07-02,ZT,103.0859375,1032681
2026-07-06,ZT,103.10546875,541846
2026-07-07,ZT,103.02734375,762487
2026-07-08,ZT,102.953125,906871
2026-07-09,ZT,103.02734375,650081
2026-07-10,ZT,102.94140625,576865
2026-07-13,ZT,102.84375,728434
2026-07-14,ZT,102.97265625,1413846
2026-07-15,ZT,103.09765625,1027368
2026-07-16,ZT,103.0390625,666549
2026-07-17,ZT,103.01171875,771141
2026-07-20,ZT,102.9375,660899
2026-07-21,ZT,102.859375,574206
2026-07-22,ZT,102.78515625,714624
2026-07-23,ZT,102.6796875,886633
2026-07-24,ZT,102.73828125,711724
2026-07-27,ZT,102.765625,884556
2026-07-28,ZT,102.8515625,811710
2026-07-29,ZT,102.9140625,1793005
2026-07-30,ZT,102.921875,1029255
2026-07-31,ZT,102.8046875,1121551
2026-08-03,ZT,102.87890625,726371
2026-08-04,ZT,102.9921875,943609
2026-08-05,ZT,103.0234375,731140
2026-08-06,ZT,102.90234375,733540
2026-08-07,ZT,102.9765625,1087554
2026-08-10,ZT,102.91796875,650628
2026-08-11,ZT,102.95703125,758951
2026-08-12,ZT,102.9921875,1104356
2026-08-13,ZT,103.109375,1154695
2026-08-14,ZT,103.0546875,987644
2026-08-17,ZT,103.03515625,719124
2026-08-18,ZT,103.0546875,788796
2026-08-19,ZT,103.046875,1248787
2026-08-20,ZT,103.03515625,1280583
2026-08-21,ZT,102.953125,1485149
2026-08-24,ZT,102.953125,3425676
2026-08-25,ZT,103.01953125,4288909
2026-08-26,ZT,102.98046875,2617120
2026-08-27,ZT,102.9765625,795750
2026-08-28,ZT,102.765625,199403
2026-08-31,ZT,102.765625,29164
2026-09-01,ZT,102.6875,8060
2026-09-02,ZT,102.703125,12208
2026-09-03,ZT,102.796875,10689
2026-09-04,ZT,102.7265625,5061
2026-09-08,ZT,102.6953125,6556
2026-09-09,ZT,102.6484375,2990
2026-09-10,ZT,102.4296875,2657
2026-09-11,ZT,102.26953125,9255
2026-09-14,ZT,102.28125,4409
2026-09-15,ZT,102.24609375,3824
2026-09-16,ZT,102.12109375,4012
2026-09-17,ZT,102.18359375,3830
2026-09-18,ZT,101.87890625,967376
2026-09-18,SR3,95.67500305175781,353812
2021-09-20,ZQ,99.91999816894531,1440
2021-09-21,ZQ,99.91999816894531,1067
2021-09-22,ZQ,99.91999816894531,522
2021-09-23,ZQ,99.91999816894531,2801
2021-09-24,ZQ,99.91999816894531,205
2021-09-27,ZQ,99.91999816894531,3221
2021-09-28,ZQ,99.91999816894531,1974
2021-09-29,ZQ,99.91999816894531,707
2021-09-30,ZQ,99.91999816894531,11212
2021-10-01,ZQ,99.91999816894531,12865
2021-10-04,ZQ,99.92250061035156,1538
2021-10-05,ZQ,99.91999816894531,642
2021-10-06,ZQ,99.91999816894531,10774
2021-10-07,ZQ,99.92500305175781,8372
2021-10-08,ZQ,99.92250061035156,2997
2021-10-11,ZQ,99.91999816894531,7361
2021-10-12,ZQ,99.91999816894531,262
2021-10-13,ZQ,99.91999816894531,930
2021-10-14,ZQ,99.92250061035156,4029
2021-10-15,ZQ,99.92250061035156,2161
2021-10-18,ZQ,99.91999816894531,2515
2021-10-19,ZQ,99.92250061035156,2853
2021-10-20,ZQ,99.92250061035156,21747
2021-10-21,ZQ,99.91999816894531,2573
2021-10-22,ZQ,99.91999816894531,1224
2021-10-25,ZQ,99.91999816894531,1176
2021-10-26,ZQ,99.91999816894531,968
2021-10-27,ZQ,99.92250061035156,1321
2021-10-28,ZQ,99.91999816894531,1575
2021-10-29,ZQ,99.91999816894531,6470
2021-11-01,ZQ,99.92500305175781,14642
2021-11-02,ZQ,99.92500305175781,4557
2021-11-03,ZQ,99.91999816894531,22879
2021-11-04,ZQ,99.92250061035156,1919
2021-11-05,ZQ,99.92250061035156,2326
2021-11-08,ZQ,99.91999816894531,2801
2021-11-09,ZQ,99.91999816894531,1286
2021-11-10,ZQ,99.91999816894531,1510
2021-11-11,ZQ,99.91999816894531,256
2021-11-12,ZQ,99.91999816894531,475
2021-11-15,ZQ,99.91999816894531,162
2021-11-16,ZQ,99.92250061035156,4702
2021-11-17,ZQ,99.91999816894531,236
2021-11-18,ZQ,99.91999816894531,34504
2021-11-19,ZQ,99.91999816894531,7632
2021-11-22,ZQ,99.91999816894531,2122
2021-11-23,ZQ,99.9175033569336,4269
2021-11-24,ZQ,99.91999816894531,2787
2021-11-26,ZQ,99.91999816894531,1353
2021-11-29,ZQ,99.91999816894531,631
2021-11-30,ZQ,99.91999816894531,8539
2021-12-01,ZQ,99.9175033569336,10381
2021-12-02,ZQ,99.91999816894531,5291
2021-12-03,ZQ,99.91999816894531,2212
2021-12-06,ZQ,99.91999816894531,623
2021-12-07,ZQ,99.92250061035156,1554
2021-12-08,ZQ,99.9175033569336,6556
2021-12-09,ZQ,99.91999816894531,5164
2021-12-10,ZQ,99.9175033569336,3271
2021-12-13,ZQ,99.91999816894531,1683
2021-12-14,ZQ,99.91500091552734,8613
2021-12-15,ZQ,99.9175033569336,14218
2021-12-16,ZQ,99.9175033569336,761
2021-12-17,ZQ,99.9175033569336,13433
2021-12-20,ZQ,99.91999816894531,3054
2021-12-21,ZQ,99.91999816894531,4241
2021-12-22,ZQ,99.91999816894531,2179
2021-12-23,ZQ,99.92250061035156,4013
2021-12-27,ZQ,99.92250061035156,819
2021-12-28,ZQ,99.91999816894531,63
2021-12-29,ZQ,99.91999816894531,875
2021-12-30,ZQ,99.91999816894531,930
2021-12-31,ZQ,99.91999816894531,2816
2022-01-03,ZQ,99.9175033569336,10522
2022-01-04,ZQ,99.9175033569336,1493
2022-01-05,ZQ,99.9175033569336,11840
2022-01-06,ZQ,99.9175033569336,6977
2022-01-07,ZQ,99.9175033569336,24979
2022-01-10,ZQ,99.91500091552734,5674
2022-01-11,ZQ,99.9175033569336,5549
2022-01-12,ZQ,99.9175033569336,976
2022-01-13,ZQ,99.9175033569336,1498
2022-01-14,ZQ,99.9175033569336,2383
2022-01-18,ZQ,99.9175033569336,8306
2022-01-19,ZQ,99.9175033569336,3993
2022-01-20,ZQ,99.9175033569336,2858
2022-01-21,ZQ,99.91999816894531,10358
2022-01-24,ZQ,99.9175033569336,2107
2022-01-25,ZQ,99.9175033569336,778
2022-01-26,ZQ,99.91999816894531,13281
2022-01-27,ZQ,99.91999816894531,2816
2022-01-28,ZQ,99.91999816894531,4653
2022-01-31,ZQ,99.91999816894531,25984
2022-02-01,ZQ,99.9175033569336,21876
2022-02-02,ZQ,99.91999816894531,10078
2022-02-03,ZQ,99.9175033569336,1756
2022-02-04,ZQ,99.90750122070312,119523
2022-02-07,ZQ,99.9124984741211,27864
2022-02-08,ZQ,99.9124984741211,11427
2022-02-09,ZQ,99.91500091552734,19721
2022-02-10,ZQ,99.875,328884
2022-02-11,ZQ,99.89749908447266,181968
2022-02-14,ZQ,99.9124984741211,51772
2022-02-15,ZQ,99.91500091552734,23671
2022-02-16,ZQ,99.9175033569336,24121
2022-02-17,ZQ,99.91999816894531,23068
2022-02-18,ZQ,99.9175033569336,4423
2022-02-22,ZQ,99.9175033569336,12011
2022-02-23,ZQ,99.9175033569336,3445
2022-02-24,ZQ,99.91999816894531,5866
2022-02-25,ZQ,99.91999816894531,6411
2022-02-28,ZQ,99.9175033569336,46231
2022-03-01,ZQ,99.7925033569336,39181
2022-03-02,ZQ,99.79000091552734,32140
2022-03-03,ZQ,99.79000091552734,22962
2022-03-04,ZQ,99.79499816894531,27755
2022-03-07,ZQ,99.79499816894531,12621
2022-03-08,ZQ,99.79499816894531,8147
2022-03-09,ZQ,99.78500366210938,10278
2022-03-10,ZQ,99.79499816894531,12590
2022-03-11,ZQ,99.79499816894531,9151
2022-03-14,ZQ,99.78500366210938,19167
2022-03-15,ZQ,99.78500366210938,10848
2022-03-16,ZQ,99.79750061035156,36284
2022-03-17,ZQ,99.80000305175781,5288
2022-03-18,ZQ,99.79750061035156,4838
2022-03-21,ZQ,99.79750061035156,2184
2022-03-22,ZQ,99.79750061035156,17609
2022-03-23,ZQ,99.79750061035156,1967
2022-03-24,ZQ,99.79750061035156,2880
2022-03-25,ZQ,99.80000305175781,38355
2022-03-28,ZQ,99.79750061035156,6044
2022-03-29,ZQ,99.79750061035156,252
2022-03-30,ZQ,99.79750061035156,777
2022-03-31,ZQ,99.79750061035156,46345
2022-04-01,ZQ,99.65750122070312,46431
2022-04-04,ZQ,99.65499877929688,31724
2022-04-05,ZQ,99.65750122070312,18324
2022-04-06,ZQ,99.65499877929688,37881
2022-04-07,ZQ,99.65750122070312,28735
2022-04-08,ZQ,99.65499877929688,9813
2022-04-11,ZQ,99.65499877929688,30291
2022-04-12,ZQ,99.6675033569336,72719
2022-04-13,ZQ,99.66999816894531,17953
2022-04-14,ZQ,99.66999816894531,10134
2022-04-18,ZQ,99.6675033569336,2372
2022-04-19,ZQ,99.6675033569336,6882
2022-04-20,ZQ,99.6675033569336,11941
2022-04-21,ZQ,99.6675033569336,4068
2022-04-22,ZQ,99.6675033569336,8162
2022-04-25,ZQ,99.6675033569336,6246
2022-04-26,ZQ,99.66999816894531,14986
2022-04-27,ZQ,99.66999816894531,2828
2022-04-28,ZQ,99.66999816894531,11215
2022-04-29,ZQ,99.66999816894531,49630
2022-05-02,ZQ,99.22000122070312,25041
2022-05-03,ZQ,99.21749877929688,42656
2022-05-04,ZQ,99.2300033569336,283025
2022-05-05,ZQ,99.2300033569336,15438
2022-05-06,ZQ,99.23249816894531,9762
2022-05-09,ZQ,99.2300033569336,5077
2022-05-10,ZQ,99.23249816894531,21750
2022-05-11,ZQ,99.23500061035156,9986
2022-05-12,ZQ,99.23500061035156,12885
2022-05-13,ZQ,99.23500061035156,4989
2022-05-16,ZQ,99.23500061035156,3194
2022-05-17,ZQ,99.23249816894531,11217
2022-05-18,ZQ,99.23500061035156,5933
2022-05-19,ZQ,99.23249816894531,8558
2022-05-20,ZQ,99.23500061035156,3208
2022-05-23,ZQ,99.23249816894531,2308
2022-05-24,ZQ,99.23249816894531,4516
2022-05-25,ZQ,99.23500061035156,4610
2022-05-26,ZQ,99.23249816894531,9042
2022-05-27,ZQ,99.23249816894531,1647
2022-05-31,ZQ,99.23500061035156,7947
2022-06-01,ZQ,98.9175033569336,9774
2022-06-02,ZQ,98.91500091552734,7618
2022-06-03,ZQ,98.91500091552734,7133
2022-06-06,ZQ,98.9124984741211,8573
2022-06-07,ZQ,98.9124984741211,15507
2022-06-08,ZQ,98.9124984741211,8726
2022-06-09,ZQ,98.91000366210938,12121
2022-06-10,ZQ,98.89749908447266,42840
2022-06-13,ZQ,98.89250183105469,123673
2022-06-14,ZQ,98.80999755859375,118559
2022-06-15,ZQ,98.7925033569336,102042
2022-06-16,ZQ,98.7925033569336,57677
2022-06-17,ZQ,98.7925033569336,9283
2022-06-21,ZQ,98.7925033569336,7862
2022-06-22,ZQ,98.7925033569336,4848
2022-06-23,ZQ,98.7925033569336,8907
2022-06-24,ZQ,98.79499816894531,8047
2022-06-27,ZQ,98.7925033569336,4822
2022-06-28,ZQ,98.7925033569336,5043
2022-06-29,ZQ,98.7925033569336,6475
2022-06-30,ZQ,98.79499816894531,17293
2022-07-01,ZQ,98.32499694824219,16955
2022-07-05,ZQ,98.32499694824219,25798
2022-07-06,ZQ,98.32499694824219,51988
2022-07-07,ZQ,98.32250213623047,15828
2022-07-08,ZQ,98.31999969482422,17609
2022-07-11,ZQ,98.31999969482422,9932
2022-07-12,ZQ,98.31999969482422,24784
2022-07-13,ZQ,98.29750061035156,85033
2022-07-14,ZQ,98.30750274658203,41502
2022-07-15,ZQ,98.31500244140625,33322
2022-07-18,ZQ,98.31500244140625,10816
2022-07-19,ZQ,98.31500244140625,10710
2022-07-20,ZQ,98.31500244140625,10684
2022-07-21,ZQ,98.31749725341797,15694
2022-07-22,ZQ,98.31999969482422,4368
2022-07-25,ZQ,98.31999969482422,5256
2022-07-26,ZQ,98.31749725341797,7781
2022-07-27,ZQ,98.32250213623047,15166
2022-07-28,ZQ,98.32499694824219,6188
2022-07-29,ZQ,98.32499694824219,14847
2022-08-01,ZQ,97.6675033569336,12933
2022-08-02,ZQ,97.6675033569336,39454
2022-08-03,ZQ,97.6675033569336,11609
2022-08-04,ZQ,97.66500091552734,14486
2022-08-05,ZQ,97.65499877929688,87366
2022-08-08,ZQ,97.65499877929688,29999
2022-08-09,ZQ,97.65499877929688,52837
2022-08-10,ZQ,97.66500091552734,133764
2022-08-11,ZQ,97.6675033569336,69620
2022-08-12,ZQ,97.6675033569336,17228
2022-08-15,ZQ,97.6675033569336,6426
2022-08-16,ZQ,97.6675033569336,1701
2022-08-17,ZQ,97.66999816894531,45922
2022-08-18,ZQ,97.6675033569336,69083
2022-08-19,ZQ,97.6675033569336,13774
2022-08-22,ZQ,97.6675033569336,14179
2022-08-23,ZQ,97.6675033569336,5537
2022-08-24,ZQ,97.6675033569336,10784
2022-08-25,ZQ,97.66999816894531,3355
2022-08-26,ZQ,97.6675033569336,2627
2022-08-29,ZQ,97.6675033569336,845
2022-08-30,ZQ,97.6675033569336,8166
2022-08-31,ZQ,97.6675033569336,20960
2022-09-01,ZQ,97.45999908447266,12580
2022-09-02,ZQ,97.47250366210938,15392
2022-09-06,ZQ,97.45999908447266,13106
2022-09-07,ZQ,97.45999908447266,13257
2022-09-08,ZQ,97.45249938964844,8236
2022-09-09,ZQ,97.44999694824219,4770
2022-09-12,ZQ,97.44750213623047,13015
2022-09-13,ZQ,97.41999816894531,62187
2022-09-14,ZQ,97.42749786376953,13305
2022-09-15,ZQ,97.42749786376953,11621
2022-09-16,ZQ,97.43250274658203,22710
2022-09-19,ZQ,97.43250274658203,10226
2022-09-20,ZQ,97.43250274658203,18677
2022-09-21,ZQ,97.44499969482422,27867
2022-09-22,ZQ,97.44249725341797,6373
2022-09-23,ZQ,97.44249725341797,10866
2022-09-26,ZQ,97.44249725341797,8055
2022-09-27,ZQ,97.44249725341797,10197
2022-09-28,ZQ,97.44249725341797,10790
2022-09-29,ZQ,97.44249725341797,6220
2022-09-30,ZQ,97.44249725341797,75197
2022-10-03,ZQ,96.9175033569336,107836
2022-10-04,ZQ,96.9175033569336,56082
2022-10-05,ZQ,96.9175033569336,48338
2022-10-06,ZQ,96.9175033569336,12705
2022-10-07,ZQ,96.91999816894531,27711
2022-10-10,ZQ,96.9175033569336,2060
2022-10-11,ZQ,96.9175033569336,13442
2022-10-12,ZQ,96.9175033569336,12277
2022-10-13,ZQ,96.9175033569336,40687
2022-10-14,ZQ,96.9175033569336,12429
2022-10-17,ZQ,96.9175033569336,17830
2022-10-18,ZQ,96.9175033569336,10648
2022-10-19,ZQ,96.91999816894531,7699
2022-10-20,ZQ,96.9175033569336,13179
2022-10-21,ZQ,96.9175033569336,13036
2022-10-24,ZQ,96.9175033569336,814
2022-10-25,ZQ,96.9175033569336,9250
2022-10-26,ZQ,96.9175033569336,34903
2022-10-27,ZQ,96.9175033569336,4710
2022-10-28,ZQ,96.9175033569336,1271
2022-10-31,ZQ,96.91999816894531,49614
2022-11-01,ZQ,96.21499633789062,37432
2022-11-02,ZQ,96.21749877929688,137926
2022-11-03,ZQ,96.21499633789062,47799
2022-11-04,ZQ,96.21499633789062,40467
2022-11-07,ZQ,96.21499633789062,7539
2022-11-08,ZQ,96.21749877929688,7187
2022-11-09,ZQ,96.21499633789062,6382
2022-11-10,ZQ,96.22000122070312,92960
2022-11-11,ZQ,96.21749877929688,878
2022-11-14,ZQ,96.22000122070312,50981
2022-11-15,ZQ,96.21749877929688,54254
2022-11-16,ZQ,96.21749877929688,8799
2022-11-17,ZQ,96.21749877929688,5222
2022-11-18,ZQ,96.21749877929688,3476
2022-11-21,ZQ,96.21749877929688,14168
2022-11-22,ZQ,96.21749877929688,7419
2022-11-23,ZQ,96.21749877929688,6771
2022-11-25,ZQ,96.21749877929688,1447
2022-11-28,ZQ,96.22000122070312,3056
2022-11-29,ZQ,96.22000122070312,4587
2022-11-30,ZQ,96.21749877929688,42964
2022-12-01,ZQ,95.87750244140625,13431
2022-12-02,ZQ,95.88249969482422,30715
2022-12-05,ZQ,95.87999725341797,27864
2022-12-06,ZQ,95.88249969482422,10846
2022-12-07,ZQ,95.88249969482422,8513
2022-12-08,ZQ,95.88500213623047,6988
2022-12-09,ZQ,95.88249969482422,21053
2022-12-12,ZQ,95.88249969482422,22920
2022-12-13,ZQ,95.89250183105469,51636
2022-12-14,ZQ,95.89250183105469,22657
2022-12-15,ZQ,95.89250183105469,7358
2022-12-16,ZQ,95.8949966430664,9433
2022-12-19,ZQ,95.8949966430664,4551
2022-12-20,ZQ,95.89749908447266,12272
2022-12-21,ZQ,95.8949966430664,4607
2022-12-22,ZQ,95.8949966430664,642
2022-12-23,ZQ,95.8949966430664,3966
2022-12-27,ZQ,95.8949966430664,818
2022-12-28,ZQ,95.8949966430664,1624
2022-12-29,ZQ,95.89749908447266,267
2022-12-30,ZQ,95.89749908447266,12729
2023-01-03,ZQ,95.6675033569336,32541
2023-01-04,ZQ,95.6675033569336,25224
2023-01-05,ZQ,95.6675033569336,18394
2023-01-06,ZQ,95.6675033569336,74701
2023-01-09,ZQ,95.6675033569336,30378
2023-01-10,ZQ,95.6675033569336,8310
2023-01-11,ZQ,95.6675033569336,17588
2023-01-12,ZQ,95.6675033569336,55781
2023-01-13,ZQ,95.6675033569336,5258
2023-01-17,ZQ,95.6675033569336,19924
2023-01-18,ZQ,95.6675033569336,74186
2023-01-19,ZQ,95.66999816894531,20342
2023-01-20,ZQ,95.6675033569336,4649
2023-01-23,ZQ,95.66999816894531,1398
2023-01-24,ZQ,95.66999816894531,5335
2023-01-25,ZQ,95.6675033569336,5128
2023-01-26,ZQ,95.66999816894531,4766
2023-01-27,ZQ,95.66999816894531,3993
2023-01-30,ZQ,95.66999816894531,5505
2023-01-31,ZQ,95.6675033569336,102192
2023-02-01,ZQ,95.42749786376953,253980
2023-02-02,ZQ,95.42749786376953,55579
2023-02-03,ZQ,95.42749786376953,43845
2023-02-06,ZQ,95.42500305175781,42795
2023-02-07,ZQ,95.43000030517578,21541
2023-02-08,ZQ,95.43000030517578,9790
2023-02-09,ZQ,95.42749786376953,7790
2023-02-10,ZQ,95.43000030517578,221801
2023-02-13,ZQ,95.43000030517578,42202
2023-02-14,ZQ,95.42749786376953,6986
2023-02-15,ZQ,95.42749786376953,3510
2023-02-16,ZQ,95.42749786376953,2659
2023-02-17,ZQ,95.42749786376953,2887
2023-02-21,ZQ,95.42749786376953,4269
2023-02-22,ZQ,95.42749786376953,6667
2023-02-23,ZQ,95.42749786376953,3908
2023-02-24,ZQ,95.43000030517578,2289
2023-02-27,ZQ,95.42749786376953,964
2023-02-28,ZQ,95.42749786376953,27768
2023-03-01,ZQ,95.33499908447266,47423
2023-03-02,ZQ,95.3324966430664,39451
2023-03-03,ZQ,95.3324966430664,29693
2023-03-06,ZQ,95.3324966430664,22796
2023-03-07,ZQ,95.30750274658203,46375
2023-03-08,ZQ,95.29750061035156,19495
2023-03-09,ZQ,95.30500030517578,37714
2023-03-10,ZQ,95.3375015258789,46054
2023-03-13,ZQ,95.3949966430664,127265
2023-03-14,ZQ,95.36250305175781,60268
2023-03-15,ZQ,95.38249969482422,28996
2023-03-16,ZQ,95.36499786376953,20929
2023-03-17,ZQ,95.375,25969
2023-03-20,ZQ,95.37000274658203,20070
2023-03-21,ZQ,95.36499786376953,16170
2023-03-22,ZQ,95.35250091552734,28688
2023-03-23,ZQ,95.35250091552734,10535
2023-03-24,ZQ,95.35250091552734,16209
2023-03-27,ZQ,95.3499984741211,12642
2023-03-28,ZQ,95.3499984741211,3272
2023-03-29,ZQ,95.3499984741211,4913
2023-03-30,ZQ,95.3499984741211,6001
2023-03-31,ZQ,95.3499984741211,40946
2023-04-03,ZQ,95.18499755859375,39126
2023-04-04,ZQ,95.18250274658203,31551
2023-04-05,ZQ,95.18499755859375,37126
2023-04-06,ZQ,95.18000030517578,26525
2023-04-10,ZQ,95.17250061035156,9766
2023-04-11,ZQ,95.17250061035156,9282
2023-04-12,ZQ,95.17250061035156,48693
2023-04-13,ZQ,95.17250061035156,5202
2023-04-14,ZQ,95.16999816894531,89499
2023-04-17,ZQ,95.16999816894531,2416
2023-04-18,ZQ,95.16999816894531,1035
2023-04-19,ZQ,95.16999816894531,2129
2023-04-20,ZQ,95.16999816894531,17509
2023-04-21,ZQ,95.16999816894531,7828
2023-04-24,ZQ,95.16999816894531,2436
2023-04-25,ZQ,95.16999816894531,4549
2023-04-26,ZQ,95.17250061035156,47573
2023-04-27,ZQ,95.16999816894531,11123
2023-04-28,ZQ,95.16999816894531,155557
2023-05-01,ZQ,94.9574966430664,75155
2023-05-02,ZQ,94.97750091552734,355164
2023-05-03,ZQ,94.95249938964844,340981
2023-05-04,ZQ,94.9625015258789,161172
2023-05-05,ZQ,94.95500183105469,78344
2023-05-08,ZQ,94.95249938964844,33717
2023-05-09,ZQ,94.94999694824219,30337
2023-05-10,ZQ,94.95249938964844,42683
2023-05-11,ZQ,94.94750213623047,46338
2023-05-12,ZQ,94.94750213623047,13285
2023-05-15,ZQ,94.94750213623047,4456
2023-05-16,ZQ,94.94499969482422,43697
2023-05-17,ZQ,94.94499969482422,97664
2023-05-18,ZQ,94.94499969482422,7317
2023-05-19,ZQ,94.94249725341797,18324
2023-05-22,ZQ,94.94249725341797,11647
2023-05-23,ZQ,94.94249725341797,16921
2023-05-24,ZQ,94.94249725341797,4742
2023-05-25,ZQ,94.94499969482422,26026
2023-05-26,ZQ,94.94249725341797,4553
2023-05-30,ZQ,94.94249725341797,3220
2023-05-31,ZQ,94.94499969482422,73916
2023-06-01,ZQ,94.88249969482422,79603
2023-06-02,ZQ,94.875,127902
2023-06-05,ZQ,94.88249969482422,43159
2023-06-06,ZQ,94.88999938964844,30441
2023-06-07,ZQ,94.88500213623047,74465
2023-06-08,ZQ,94.88500213623047,32870
2023-06-09,ZQ,94.87999725341797,15161
2023-06-12,ZQ,94.88500213623047,39720
2023-06-13,ZQ,94.90750122070312,127835
2023-06-14,ZQ,94.9175033569336,159538
2023-06-15,ZQ,94.9175033569336,27321
2023-06-16,ZQ,94.91999816894531,38152
2023-06-20,ZQ,94.91999816894531,32227
2023-06-21,ZQ,94.91999816894531,9900
2023-06-22,ZQ,94.91999816894531,13054
2023-06-23,ZQ,94.92250061035156,43879
2023-06-26,ZQ,94.92250061035156,24164
2023-06-27,ZQ,94.92500305175781,2562
2023-06-28,ZQ,94.92500305175781,2103
2023-06-29,ZQ,94.92250061035156,1550
2023-06-30,ZQ,94.92500305175781,24540
2023-07-03,ZQ,94.88999938964844,57847
2023-07-05,ZQ,94.89250183105469,29746
2023-07-06,ZQ,94.88999938964844,37165
2023-07-07,ZQ,94.88749694824219,22274
2023-07-10,ZQ,94.88749694824219,6387
2023-07-11,ZQ,94.88749694824219,26129
2023-07-12,ZQ,94.88999938964844,23324
2023-07-13,ZQ,94.88749694824219,20209
2023-07-14,ZQ,94.88500213623047,11852
2023-07-17,ZQ,94.88249969482422,15028
2023-07-18,ZQ,94.88249969482422,14545
2023-07-19,ZQ,94.88249969482422,14934
2023-07-20,ZQ,94.88500213623047,42906
2023-07-21,ZQ,94.88500213623047,6270
2023-07-24,ZQ,94.88249969482422,5965
2023-07-25,ZQ,94.87999725341797,2278
2023-07-26,ZQ,94.87999725341797,5235
2023-07-27,ZQ,94.87999725341797,2302
2023-07-28,ZQ,94.87999725341797,713
2023-07-31,ZQ,94.87999725341797,43503
2023-08-01,ZQ,94.66999816894531,22464
2023-08-02,ZQ,94.66999816894531,13773
2023-08-03,ZQ,94.66999816894531,19411
2023-08-04,ZQ,94.67250061035156,45406
2023-08-07,ZQ,94.67250061035156,24714
2023-08-08,ZQ,94.66999816894531,23433
2023-08-09,ZQ,94.66999816894531,2662
2023-08-10,ZQ,94.67250061035156,54823
2023-08-11,ZQ,94.66999816894531,13101
2023-08-14,ZQ,94.66999816894531,8049
2023-08-15,ZQ,94.66999816894531,3902
2023-08-16,ZQ,94.66999816894531,3123
2023-08-17,ZQ,94.66999816894531,4253
2023-08-18,ZQ,94.67250061035156,9918
2023-08-21,ZQ,94.66999816894531,12662
2023-08-22,ZQ,94.66999816894531,4599
2023-08-23,ZQ,94.66999816894531,1698
2023-08-24,ZQ,94.67250061035156,9695
2023-08-25,ZQ,94.66999816894531,8681
2023-08-28,ZQ,94.66999816894531,1285
2023-08-29,ZQ,94.66999816894531,1699
2023-08-30,ZQ,94.66999816894531,2071
2023-08-31,ZQ,94.66999816894531,18927
2023-09-01,ZQ,94.66500091552734,16516
2023-09-05,ZQ,94.6624984741211,18335
2023-09-06,ZQ,94.6624984741211,47642
2023-09-07,ZQ,94.6624984741211,2914
2023-09-08,ZQ,94.6624984741211,6276
2023-09-11,ZQ,94.6624984741211,4642
2023-09-12,ZQ,94.6624984741211,33843
2023-09-13,ZQ,94.66500091552734,22379
2023-09-14,ZQ,94.66500091552734,18266
2023-09-15,ZQ,94.6675033569336,3283
2023-09-18,ZQ,94.6675033569336,893
2023-09-19,ZQ,94.6675033569336,2386
2023-09-20,ZQ,94.67250061035156,13904
2023-09-21,ZQ,94.66999816894531,5957
2023-09-22,ZQ,94.66999816894531,3430
2023-09-25,ZQ,94.66999816894531,1043
2023-09-26,ZQ,94.66999816894531,3291
2023-09-27,ZQ,94.66999816894531,7018
2023-09-28,ZQ,94.66999816894531,12098
2023-09-29,ZQ,94.66999816894531,44734
2023-10-02,ZQ,94.67250061035156,26827
2023-10-03,ZQ,94.66999816894531,41495
2023-10-04,ZQ,94.67250061035156,24282
2023-10-05,ZQ,94.66999816894531,13387
2023-10-06,ZQ,94.66999816894531,11164
2023-10-09,ZQ,94.66999816894531,9870
2023-10-10,ZQ,94.67250061035156,7751
2023-10-11,ZQ,94.66999816894531,5977
2023-10-12,ZQ,94.67250061035156,2911
2023-10-13,ZQ,94.66999816894531,15609
2023-10-16,ZQ,94.66999816894531,4089
2023-10-17,ZQ,94.67250061035156,5470
2023-10-18,ZQ,94.66999816894531,19272
2023-10-19,ZQ,94.66999816894531,6618
2023-10-20,ZQ,94.66999816894531,10369
2023-10-23,ZQ,94.66999816894531,2791
2023-10-24,ZQ,94.66999816894531,4083
2023-10-25,ZQ,94.66999816894531,416
2023-10-26,ZQ,94.66999816894531,3189
2023-10-27,ZQ,94.66999816894531,1400
2023-10-30,ZQ,94.66999816894531,572
2023-10-31,ZQ,94.67250061035156,54743
2023-11-01,ZQ,94.67250061035156,138550
2023-11-02,ZQ,94.66999816894531,19084
2023-11-03,ZQ,94.66999816894531,60961
2023-11-06,ZQ,94.67250061035156,10732
2023-11-07,ZQ,94.66999816894531,15456
2023-11-08,ZQ,94.67250061035156,15559
2023-11-09,ZQ,94.66999816894531,4122
2023-11-10,ZQ,94.66999816894531,10759
2023-11-13,ZQ,94.66999816894531,25478
2023-11-14,ZQ,94.66999816894531,32455
2023-11-15,ZQ,94.67250061035156,8932
2023-11-16,ZQ,94.66999816894531,43704
2023-11-17,ZQ,94.67250061035156,5860
2023-11-20,ZQ,94.66999816894531,7331
2023-11-21,ZQ,94.66999816894531,5994
2023-11-22,ZQ,94.66999816894531,4923
2023-11-23,ZQ,94.66999816894531,4923
2023-11-24,ZQ,94.67250061035156,2407
2023-11-27,ZQ,94.66999816894531,3085
2023-11-28,ZQ,94.66999816894531,4578
2023-11-29,ZQ,94.66999816894531,4367
2023-11-30,ZQ,94.66999816894531,49815
2023-12-01,ZQ,94.66999816894531,39303
2023-12-04,ZQ,94.66999816894531,77372
2023-12-05,ZQ,94.6675033569336,36515
2023-12-06,ZQ,94.66999816894531,26017
2023-12-07,ZQ,94.6675033569336,21221
2023-12-08,ZQ,94.6675033569336,5431
2023-12-11,ZQ,94.66999816894531,5526
2023-12-12,ZQ,94.6675033569336,9682
2023-12-13,ZQ,94.66999816894531,25843
2023-12-14,ZQ,94.66999816894531,32570
2023-12-15,ZQ,94.66999816894531,12420
2023-12-18,ZQ,94.66999816894531,17114
2023-12-19,ZQ,94.6675033569336,1419
2023-12-20,ZQ,94.6675033569336,2243
2023-12-21,ZQ,94.66999816894531,8472
2023-12-22,ZQ,94.67250061035156,10404
2023-12-26,ZQ,94.66999816894531,6574
2023-12-27,ZQ,94.66999816894531,38931
2023-12-28,ZQ,94.66999816894531,23384
2023-12-29,ZQ,94.66999816894531,28582
2024-01-02,ZQ,94.66999816894531,38892
2024-01-03,ZQ,94.67250061035156,40197
2024-01-04,ZQ,94.66999816894531,71837
2024-01-05,ZQ,94.66999816894531,38665
2024-01-08,ZQ,94.67250061035156,21001
2024-01-09,ZQ,94.67250061035156,14904
2024-01-10,ZQ,94.66999816894531,5442
2024-01-11,ZQ,94.66999816894531,17115
2024-01-12,ZQ,94.67250061035156,18875
2024-01-16,ZQ,94.67250061035156,13876
2024-01-17,ZQ,94.67250061035156,15988
2024-01-18,ZQ,94.67250061035156,2045
2024-01-19,ZQ,94.66999816894531,6026
2024-01-22,ZQ,94.66999816894531,1856
2024-01-23,ZQ,94.66999816894531,8645
2024-01-24,ZQ,94.66999816894531,6688
2024-01-25,ZQ,94.66999816894531,13280
2024-01-26,ZQ,94.67250061035156,7747
2024-01-29,ZQ,94.66999816894531,4426
2024-01-30,ZQ,94.66999816894531,3777
2024-01-31,ZQ,94.66999816894531,403415
2024-02-01,ZQ,94.68000030517578,246109
2024-02-02,ZQ,94.68000030517578,95220
2024-02-05,ZQ,94.67749786376953,52868
2024-02-06,ZQ,94.67749786376953,44456
2024-02-07,ZQ,94.67749786376953,43233
2024-02-08,ZQ,94.67749786376953,28579
2024-02-09,ZQ,94.67500305175781,20251
2024-02-12,ZQ,94.67500305175781,48994
2024-02-13,ZQ,94.67250061035156,68685
2024-02-14,ZQ,94.66999816894531,17441
2024-02-15,ZQ,94.66999816894531,54441
2024-02-16,ZQ,94.66999816894531,19783
2024-02-20,ZQ,94.66999816894531,10473
2024-02-21,ZQ,94.66999816894531,9320
2024-02-22,ZQ,94.66999816894531,7390
2024-02-23,ZQ,94.67250061035156,4822
2024-02-26,ZQ,94.66999816894531,22923
2024-02-27,ZQ,94.66999816894531,3692
2024-02-28,ZQ,94.66999816894531,9131
2024-02-29,ZQ,94.66999816894531,30385
2024-03-01,ZQ,94.67250061035156,53289
2024-03-04,ZQ,94.67250061035156,12932
2024-03-05,ZQ,94.67250061035156,2120
2024-03-06,ZQ,94.67500305175781,59307
2024-03-07,ZQ,94.67250061035156,11608
2024-03-08,ZQ,94.67500305175781,10484
2024-03-11,ZQ,94.67250061035156,37242
2024-03-12,ZQ,94.66999816894531,9234
2024-03-13,ZQ,94.66999816894531,21863
2024-03-14,ZQ,94.66999816894531,8715
2024-03-15,ZQ,94.66999816894531,26897
2024-03-18,ZQ,94.66999816894531,3376
2024-03-19,ZQ,94.66999816894531,21114
2024-03-20,ZQ,94.66999816894531,23310
2024-03-21,ZQ,94.66999816894531,1242
2024-03-22,ZQ,94.67250061035156,312
2024-03-25,ZQ,94.66999816894531,8239
2024-03-26,ZQ,94.66999816894531,4943
2024-03-27,ZQ,94.6675033569336,44795
2024-03-28,ZQ,94.6675033569336,46989
2024-04-01,ZQ,94.66999816894531,33959
2024-04-02,ZQ,94.67250061035156,72935
2024-04-03,ZQ,94.66999816894531,6045
2024-04-04,ZQ,94.67500305175781,51205
2024-04-05,ZQ,94.67250061035156,85954
2024-04-08,ZQ,94.67250061035156,27915
2024-04-09,ZQ,94.66999816894531,40324
2024-04-10,ZQ,94.66999816894531,34899
2024-04-11,ZQ,94.66999816894531,22724
2024-04-12,ZQ,94.67250061035156,28318
2024-04-15,ZQ,94.67250061035156,10311
2024-04-16,ZQ,94.67250061035156,23984
2024-04-17,ZQ,94.66999816894531,62105
2024-04-18,ZQ,94.66999816894531,4729
2024-04-19,ZQ,94.66999816894531,7224
2024-04-22,ZQ,94.66999816894531,3987
2024-04-23,ZQ,94.66999816894531,694
2024-04-24,ZQ,94.66999816894531,1626
2024-04-25,ZQ,94.67250061035156,47479
2024-04-26,ZQ,94.66999816894531,2172
2024-04-29,ZQ,94.66999816894531,3562
2024-04-30,ZQ,94.66999816894531,96274
2024-05-01,ZQ,94.67250061035156,59679
2024-05-02,ZQ,94.67250061035156,33507
2024-05-03,ZQ,94.67250061035156,27098
2024-05-06,ZQ,94.67250061035156,72007
2024-05-07,ZQ,94.66999816894531,24066
2024-05-08,ZQ,94.66999816894531,10440
2024-05-09,ZQ,94.66999816894531,4079
2024-05-10,ZQ,94.66999816894531,10959
2024-05-13,ZQ,94.67250061035156,6204
2024-05-14,ZQ,94.66999816894531,5512
2024-05-15,ZQ,94.67250061035156,12558
2024-05-16,ZQ,94.67250061035156,8266
2024-05-17,ZQ,94.67250061035156,2992
2024-05-20,ZQ,94.67250061035156,4367
2024-05-21,ZQ,94.66999816894531,3290
2024-05-22,ZQ,94.66999816894531,6722
2024-05-23,ZQ,94.67250061035156,5955
2024-05-24,ZQ,94.66999816894531,5113
2024-05-28,ZQ,94.66999816894531,7258
2024-05-29,ZQ,94.66999816894531,4243
2024-05-30,ZQ,94.66999816894531,5949
2024-05-31,ZQ,94.66999816894531,7640
2024-06-03,ZQ,94.67250061035156,5047
2024-06-04,ZQ,94.67250061035156,33862
2024-06-05,ZQ,94.67250061035156,27894
2024-06-06,ZQ,94.67500305175781,87170
2024-06-07,ZQ,94.67250061035156,9687
2024-06-10,ZQ,94.66999816894531,15100
2024-06-11,ZQ,94.66999816894531,13517
2024-06-12,ZQ,94.66999816894531,11914
2024-06-13,ZQ,94.66999816894531,8065
2024-06-14,ZQ,94.66999816894531,15610
2024-06-17,ZQ,94.67250061035156,24462
2024-06-18,ZQ,94.66999816894531,21915
2024-06-20,ZQ,94.66999816894531,7854
2024-06-21,ZQ,94.6675033569336,63360
2024-06-24,ZQ,94.66999816894531,42410
2024-06-25,ZQ,94.66999816894531,8666
2024-06-26,ZQ,94.6675033569336,6448
2024-06-27,ZQ,94.6675033569336,3012
2024-06-28,ZQ,94.6675033569336,51875
2024-07-01,ZQ,94.67250061035156,91736
2024-07-02,ZQ,94.66999816894531,22560
2024-07-03,ZQ,94.66999816894531,52929
2024-07-05,ZQ,94.67250061035156,58165
2024-07-08,ZQ,94.66999816894531,43411
2024-07-09,ZQ,94.66999816894531,27741
2024-07-10,ZQ,94.67250061035156,4662
2024-07-11,ZQ,94.66999816894531,30134
2024-07-12,ZQ,94.66999816894531,19438
2024-07-15,ZQ,94.66999816894531,44652
2024-07-16,ZQ,94.66999816894531,26420
2024-07-17,ZQ,94.66999816894531,12619
2024-07-18,ZQ,94.66999816894531,11839
2024-07-19,ZQ,94.66999816894531,10335
2024-07-22,ZQ,94.66999816894531,6291
2024-07-23,ZQ,94.66999816894531,9303
2024-07-24,ZQ,94.66999816894531,17197
2024-07-25,ZQ,94.66999816894531,8735
2024-07-26,ZQ,94.66999816894531,32914
2024-07-29,ZQ,94.66999816894531,10278
2024-07-30,ZQ,94.66999816894531,1507596
2024-07-31,ZQ,94.66999816894531,258797
2024-08-01,ZQ,94.68499755859375,260831
2024-08-02,ZQ,94.69999694824219,384300
2024-08-05,ZQ,94.7074966430664,392481
2024-08-06,ZQ,94.69000244140625,134947
2024-08-07,ZQ,94.6875,48030
2024-08-08,ZQ,94.68250274658203,90530
2024-08-09,ZQ,94.67749786376953,39783
2024-08-12,ZQ,94.68000030517578,53556
2024-08-13,ZQ,94.67749786376953,32574
2024-08-14,ZQ,94.67500305175781,64514
2024-08-15,ZQ,94.67250061035156,36403
2024-08-16,ZQ,94.67250061035156,14879
2024-08-19,ZQ,94.66999816894531,16194
2024-08-20,ZQ,94.67250061035156,8606
2024-08-21,ZQ,94.66999816894531,5966
2024-08-22,ZQ,94.66999816894531,18278
2024-08-23,ZQ,94.66999816894531,10151
2024-08-26,ZQ,94.66999816894531,5520
2024-08-27,ZQ,94.66999816894531,10661
2024-08-28,ZQ,94.66999816894531,20735
2024-08-29,ZQ,94.66999816894531,8706
2024-08-30,ZQ,94.66999816894531,50621
2024-09-03,ZQ,94.80750274658203,39603
2024-09-04,ZQ,94.81500244140625,29295
2024-09-05,ZQ,94.80999755859375,25729
2024-09-06,ZQ,94.79750061035156,89485
2024-09-09,ZQ,94.79750061035156,89485
2024-09-10,ZQ,94.80000305175781,34864
2024-09-11,ZQ,94.77999877929688,47677
2024-09-12,ZQ,94.7925033569336,37276
2024-09-13,ZQ,94.8125,42751
2024-09-16,ZQ,94.82749938964844,36256
2024-09-17,ZQ,94.82749938964844,45113
2024-09-18,ZQ,94.87000274658203,122163
2024-09-19,ZQ,94.87000274658203,14453
2024-09-20,ZQ,94.87000274658203,33317
2024-09-23,ZQ,94.87000274658203,8235
2024-09-24,ZQ,94.87249755859375,55846
2024-09-25,ZQ,94.87000274658203,3279
2024-09-26,ZQ,94.87000274658203,1800
2024-09-27,ZQ,94.87000274658203,54494
2024-09-30,ZQ,94.87000274658203,297761
2024-10-01,ZQ,95.17749786376953,203312
2024-10-02,ZQ,95.18000030517578,94899
2024-10-03,ZQ,95.17749786376953,112179
2024-10-04,ZQ,95.17749786376953,138208
2024-10-07,ZQ,95.17500305175781,48657
2024-10-08,ZQ,95.17500305175781,17807
2024-10-09,ZQ,95.17250061035156,27465
2024-10-10,ZQ,95.17250061035156,33108
2024-10-11,ZQ,95.17250061035156,22133
2024-10-14,ZQ,95.16999816894531,15240
2024-10-15,ZQ,95.16999816894531,31689
2024-10-16,ZQ,95.16999816894531,8119
2024-10-17,ZQ,95.16999816894531,69538
2024-10-18,ZQ,95.16999816894531,13127
2024-10-21,ZQ,95.16999816894531,11400
2024-10-22,ZQ,95.16999816894531,6079
2024-10-23,ZQ,95.16999816894531,3784
2024-10-24,ZQ,95.17250061035156,8843
2024-10-25,ZQ,95.16999816894531,32016
2024-10-28,ZQ,95.16999816894531,5084
2024-10-29,ZQ,95.16999816894531,13597
2024-10-30,ZQ,95.17250061035156,25272
2024-10-31,ZQ,95.16999816894531,57899
2024-11-01,ZQ,95.35749816894531,137145
2024-11-04,ZQ,95.35749816894531,101509
2024-11-05,ZQ,95.35749816894531,59746
2024-11-06,ZQ,95.35749816894531,80156
2024-11-07,ZQ,95.36499786376953,106416
2024-11-08,ZQ,95.36499786376953,42815
2024-11-11,ZQ,95.36000061035156,21845
2024-11-12,ZQ,95.36000061035156,86369
2024-11-13,ZQ,95.36250305175781,8148
2024-11-14,ZQ,95.36250305175781,42708
2024-11-15,ZQ,95.36250305175781,4706
2024-11-18,ZQ,95.36250305175781,9383
2024-11-19,ZQ,95.36000061035156,3534
2024-11-20,ZQ,95.36000061035156,31507
2024-11-21,ZQ,95.36000061035156,9225
2024-11-22,ZQ,95.36000061035156,4352
2024-11-25,ZQ,95.36000061035156,9401
2024-11-26,ZQ,95.36000061035156,31670
2024-11-27,ZQ,95.36250305175781,5059
2024-11-29,ZQ,95.36000061035156,22237
2024-12-02,ZQ,95.48249816894531,32735
2024-12-03,ZQ,95.49500274658203,66510
2024-12-04,ZQ,95.49749755859375,81726
2024-12-05,ZQ,95.49749755859375,36951
2024-12-06,ZQ,95.51000213623047,74671
2024-12-09,ZQ,95.50749969482422,22389
2024-12-10,ZQ,95.50749969482422,49974
2024-12-11,ZQ,95.5199966430664,68349
2024-12-12,ZQ,95.5199966430664,28682
2024-12-13,ZQ,95.51750183105469,45752
2024-12-16,ZQ,95.5199966430664,42770
2024-12-17,ZQ,95.5199966430664,29028
2024-12-18,ZQ,95.52749633789062,57619
2024-12-19,ZQ,95.5250015258789,82076
2024-12-20,ZQ,95.5250015258789,10502
2024-12-23,ZQ,95.5250015258789,26203
2024-12-24,ZQ,95.52249908447266,61589
2024-12-26,ZQ,95.52249908447266,112221
2024-12-27,ZQ,95.52249908447266,115320
2024-12-30,ZQ,95.5250015258789,55963
2024-12-31,ZQ,95.5250015258789,70801
2025-01-02,ZQ,95.67250061035156,98414
2025-01-03,ZQ,95.66999816894531,54546
2025-01-06,ZQ,95.66999816894531,130245
2025-01-07,ZQ,95.66999816894531,38543
2025-01-08,ZQ,95.67250061035156,54013
2025-01-09,ZQ,95.66999816894531,21703
2025-01-10,ZQ,95.67250061035156,33283
2025-01-13,ZQ,95.66999816894531,7965
2025-01-14,ZQ,95.66999816894531,13476
2025-01-15,ZQ,95.66999816894531,8444
2025-01-16,ZQ,95.66999816894531,5458
2025-01-17,ZQ,95.66999816894531,10505
2025-01-21,ZQ,95.66999816894531,28208
2025-01-22,ZQ,95.67250061035156,59679
2025-01-23,ZQ,95.67250061035156,53563
2025-01-24,ZQ,95.66999816894531,36997
2025-01-27,ZQ,95.66999816894531,34885
2025-01-28,ZQ,95.66999816894531,6536
2025-01-29,ZQ,95.67250061035156,3517
2025-01-30,ZQ,95.66999816894531,13219
2025-01-31,ZQ,95.67250061035156,39560
2025-02-03,ZQ,95.67500305175781,150339
2025-02-04,ZQ,95.67500305175781,69689
2025-02-05,ZQ,95.67250061035156,67947
2025-02-06,ZQ,95.66999816894531,72596
2025-02-07,ZQ,95.66999816894531,83636
2025-02-10,ZQ,95.66999816894531,55021
2025-02-11,ZQ,95.67250061035156,67990
2025-02-12,ZQ,95.67250061035156,33456
2025-02-13,ZQ,95.66999816894531,8283
2025-02-14,ZQ,95.67250061035156,18679
2025-02-18,ZQ,95.67250061035156,55963
2025-02-19,ZQ,95.67250061035156,38685
2025-02-20,ZQ,95.67250061035156,23538
2025-02-21,ZQ,95.66999816894531,24566
2025-02-24,ZQ,95.66999816894531,13125
2025-02-25,ZQ,95.66999816894531,76888
2025-02-26,ZQ,95.66999816894531,29348
2025-02-27,ZQ,95.66999816894531,12339
2025-02-28,ZQ,95.66999816894531,90315
2025-03-03,ZQ,95.67749786376953,148754
2025-03-04,ZQ,95.67500305175781,68013
2025-03-05,ZQ,95.67250061035156,44007
2025-03-06,ZQ,95.68000030517578,32057
2025-03-07,ZQ,95.66999816894531,72688
2025-03-10,ZQ,95.67250061035156,35307
2025-03-11,ZQ,95.67250061035156,18686
2025-03-12,ZQ,95.66999816894531,37865
2025-03-13,ZQ,95.66999816894531,23068
2025-03-14,ZQ,95.66999816894531,4192
2025-03-17,ZQ,95.67250061035156,8177
2025-03-18,ZQ,95.66999816894531,31765
2025-03-19,ZQ,95.66999816894531,35812
2025-03-20,ZQ,95.67250061035156,13918
2025-03-21,ZQ,95.67250061035156,19224
2025-03-24,ZQ,95.67250061035156,37882
2025-03-25,ZQ,95.6675033569336,31740
2025-03-26,ZQ,95.67250061035156,39717
2025-03-27,ZQ,95.66999816894531,4976
2025-03-28,ZQ,95.66999816894531,25957
2025-03-31,ZQ,95.6675033569336,60467
2025-04-01,ZQ,95.67250061035156,47911
2025-04-02,ZQ,95.66999816894531,112865
2025-04-03,ZQ,95.67749786376953,445261
2025-04-04,ZQ,95.68499755859375,377409
2025-04-07,ZQ,95.69499969482422,236618
2025-04-08,ZQ,95.70500183105469,291094
2025-04-09,ZQ,95.67749786376953,309438
2025-04-10,ZQ,95.6875,133843
2025-04-11,ZQ,95.68000030517578,116541
2025-04-14,ZQ,95.67500305175781,63431
2025-04-15,ZQ,95.67250061035156,98910
2025-04-16,ZQ,95.67250061035156,34994
2025-04-17,ZQ,95.66999816894531,21064
2025-04-21,ZQ,95.66999816894531,7542
2025-04-22,ZQ,95.66999816894531,7832
2025-04-23,ZQ,95.66999816894531,62639
2025-04-24,ZQ,95.66999816894531,7272
2025-04-25,ZQ,95.66999816894531,31920
2025-04-28,ZQ,95.66999816894531,22270
2025-04-29,ZQ,95.66999816894531,10741
2025-04-30,ZQ,95.66999816894531,109293
2025-05-01,ZQ,95.68499755859375,110080
2025-05-02,ZQ,95.67500305175781,97610
2025-05-05,ZQ,95.67250061035156,30085
2025-05-06,ZQ,95.67250061035156,34597
2025-05-07,ZQ,95.66999816894531,115191
2025-05-08,ZQ,95.66999816894531,105258
2025-05-09,ZQ,95.66999816894531,31334
2025-05-12,ZQ,95.67250061035156,40658
2025-05-13,ZQ,95.67250061035156,30463
2025-05-14,ZQ,95.67250061035156,20904
2025-05-15,ZQ,95.67250061035156,11710
2025-05-16,ZQ,95.66999816894531,19081
2025-05-19,ZQ,95.66999816894531,9942
2025-05-20,ZQ,95.66999816894531,23359
2025-05-21,ZQ,95.66999816894531,43905
2025-05-22,ZQ,95.66999816894531,31507
2025-05-23,ZQ,95.66999816894531,9181
2025-05-27,ZQ,95.66999816894531,18226
2025-05-28,ZQ,95.66999816894531,1325
2025-05-29,ZQ,95.66999816894531,12050
2025-05-30,ZQ,95.66999816894531,3408
2025-06-02,ZQ,95.67500305175781,50969
2025-06-03,ZQ,95.67500305175781,67938
2025-06-04,ZQ,95.67250061035156,48864
2025-06-05,ZQ,95.67250061035156,0
2025-06-06,ZQ,95.66999816894531,24198
2025-06-09,ZQ,95.66999816894531,21538
2025-06-10,ZQ,95.66999816894531,23458
2025-06-11,ZQ,95.66999816894531,19049
2025-06-12,ZQ,95.66999816894531,83884
2025-06-13,ZQ,95.67250061035156,31163
2025-06-16,ZQ,95.66999816894531,10189
2025-06-17,ZQ,95.66999816894531,37037
2025-06-18,ZQ,95.66999816894531,0
2025-06-20,ZQ,95.66999816894531,20081
2025-06-23,ZQ,95.66999816894531,8981
2025-06-24,ZQ,95.66999816894531,3953
2025-06-25,ZQ,95.66999816894531,76646
2025-06-26,ZQ,95.66999816894531,48030
2025-06-27,ZQ,95.66999816894531,15111
2025-06-30,ZQ,95.66999816894531,117217
2025-07-01,ZQ,95.66999816894531,52394
2025-07-02,ZQ,95.67250061035156,162285
2025-07-03,ZQ,95.66999816894531,0
2025-07-04,ZQ,95.66999816894531,0
2025-07-07,ZQ,95.66999816894531,53743
2025-07-08,ZQ,95.66999816894531,83099
2025-07-09,ZQ,95.66999816894531,44107
2025-07-10,ZQ,95.67250061035156,50974
2025-07-11,ZQ,95.67250061035156,107533
2025-07-14,ZQ,95.66999816894531,37449
2025-07-15,ZQ,95.66999816894531,45633
2025-07-16,ZQ,95.66999816894531,15884
2025-07-17,ZQ,95.66999816894531,42024
2025-07-18,ZQ,95.66999816894531,39476
2025-07-21,ZQ,95.66999816894531,2413
2025-07-22,ZQ,95.66999816894531,16474
2025-07-23,ZQ,95.66999816894531,42205
2025-07-24,ZQ,95.66999816894531,16803
2025-07-25,ZQ,95.66999816894531,46265
2025-07-28,ZQ,95.66999816894531,3291
2025-07-29,ZQ,95.67250061035156,29463
2025-07-30,ZQ,95.6675033569336,17322
2025-07-31,ZQ,95.66999816894531,75703
2025-08-01,ZQ,95.67749786376953,342245
2025-08-04,ZQ,95.67749786376953,42314
2025-08-05,ZQ,95.67250061035156,97263
2025-08-06,ZQ,95.67250061035156,66893
2025-08-07,ZQ,95.67500305175781,11334
2025-08-08,ZQ,95.67250061035156,16200
2025-08-11,ZQ,95.66999816894531,68733
2025-08-12,ZQ,95.66999816894531,58109
2025-08-13,ZQ,95.66999816894531,50048
2025-08-14,ZQ,95.66999816894531,29169
2025-08-15,ZQ,95.67250061035156,39203
2025-08-18,ZQ,95.66999816894531,8325
2025-08-19,ZQ,95.66999816894531,54652
2025-08-20,ZQ,95.66999816894531,20246
2025-08-21,ZQ,95.66999816894531,26285
2025-08-22,ZQ,95.66999816894531,129320
2025-08-25,ZQ,95.6675033569336,78878
2025-08-26,ZQ,95.67250061035156,29391
2025-08-27,ZQ,95.66999816894531,50724
2025-08-28,ZQ,95.66999816894531,29312
2025-08-29,ZQ,95.66999816894531,0
2025-09-02,ZQ,95.7699966430664,119110
2025-09-03,ZQ,95.7750015258789,72268
2025-09-04,ZQ,95.77249908447266,101809
2025-09-05,ZQ,95.7874984741211,143335
2025-09-08,ZQ,95.78500366210938,53826
2025-09-09,ZQ,95.78500366210938,100839
2025-09-10,ZQ,95.78500366210938,99141
2025-09-11,ZQ,95.78500366210938,102178
2025-09-12,ZQ,95.78500366210938,73186
2025-09-15,ZQ,95.78250122070312,197426
2025-09-16,ZQ,95.77999877929688,51578
2025-09-17,ZQ,95.77749633789062,142791
2025-09-18,ZQ,95.7750015258789,104672
2025-09-19,ZQ,95.77749633789062,84827
2025-09-22,ZQ,95.77749633789062,43564
2025-09-23,ZQ,95.7750015258789,299176
2025-09-24,ZQ,95.7750015258789,495412
2025-09-25,ZQ,95.7750015258789,19314
2025-09-26,ZQ,95.77249908447266,42743
2025-09-29,ZQ,95.7750015258789,63954
2025-09-30,ZQ,95.7750015258789,157088
2025-10-01,ZQ,95.92250061035156,86796
2025-10-02,ZQ,95.91999816894531,119201
2025-10-03,ZQ,95.91999816894531,64627
2025-10-06,ZQ,95.91999816894531,73465
2025-10-07,ZQ,95.92250061035156,75263
2025-10-08,ZQ,95.91999816894531,29563
2025-10-09,ZQ,95.91500091552734,87299
2025-10-10,ZQ,95.91500091552734,92749
2025-10-13,ZQ,95.91500091552734,92749
2025-10-14,ZQ,95.9175033569336,225034
2025-10-15,ZQ,95.90750122070312,153239
2025-10-16,ZQ,95.9124984741211,151728
2025-10-17,ZQ,95.9124984741211,94353
2025-10-20,ZQ,95.9124984741211,25051
2025-10-21,ZQ,95.91000366210938,90546
2025-10-22,ZQ,95.9124984741211,16335
2025-10-23,ZQ,95.91000366210938,29003
2025-10-24,ZQ,95.91000366210938,24046
2025-10-27,ZQ,95.9124984741211,67561
2025-10-28,ZQ,95.91500091552734,113042
2025-10-29,ZQ,95.91000366210938,31886
2025-10-30,ZQ,95.91000366210938,35270
2025-10-31,ZQ,95.9124984741211,217771
2025-11-03,ZQ,96.12000274658203,0
2025-11-04,ZQ,96.125,111673
2025-11-05,ZQ,96.12249755859375,107089
2025-11-06,ZQ,96.12750244140625,97399
2025-11-07,ZQ,96.12750244140625,37976
2025-11-10,ZQ,96.125,47572
2025-11-11,ZQ,96.12249755859375,8257
2025-11-12,ZQ,96.12249755859375,33833
2025-11-13,ZQ,96.125,29920
2025-11-14,ZQ,96.125,77108
2025-11-17,ZQ,96.12000274658203,33145
2025-11-18,ZQ,96.12000274658203,22614
2025-11-19,ZQ,96.12249755859375,69405
2025-11-20,ZQ,96.12000274658203,54222
2025-11-21,ZQ,96.12000274658203,83589
2025-11-24,ZQ,96.12249755859375,59069
2025-11-25,ZQ,96.125,30139
2025-11-26,ZQ,96.125,33039
2025-11-28,ZQ,96.12249755859375,20583
2025-12-01,ZQ,96.26000213623047,80652
2025-12-02,ZQ,96.26499938964844,93264
2025-12-03,ZQ,96.2699966430664,99350
2025-12-04,ZQ,96.26750183105469,30614
2025-12-05,ZQ,96.26249694824219,32124
2025-12-08,ZQ,96.26750183105469,52144
2025-12-09,ZQ,96.2699966430664,66368
2025-12-10,ZQ,96.27749633789062,166388
2025-12-11,ZQ,96.27749633789062,80773
2025-12-12,ZQ,96.27749633789062,44442
2025-12-15,ZQ,96.27749633789062,46377
2025-12-16,ZQ,96.2750015258789,42937
2025-12-17,ZQ,96.2750015258789,20633
2025-12-18,ZQ,96.27749633789062,48193
2025-12-19,ZQ,96.2750015258789,15485
2025-12-22,ZQ,96.2750015258789,36973
2025-12-23,ZQ,96.27749633789062,26619
2025-12-24,ZQ,96.27749633789062,30294
2025-12-26,ZQ,96.27749633789062,14185
2025-12-29,ZQ,96.27749633789062,9203
2025-12-30,ZQ,96.27749633789062,21391
2025-12-31,ZQ,96.27749633789062,52041
2026-01-02,ZQ,96.36750030517578,61633
2026-01-05,ZQ,96.36750030517578,43653
2026-01-06,ZQ,96.36000061035156,728134
2026-01-07,ZQ,96.36250305175781,62237
2026-01-08,ZQ,96.36000061035156,65777
2026-01-09,ZQ,96.36000061035156,113382
2026-01-12,ZQ,96.36000061035156,37585
2026-01-13,ZQ,96.36000061035156,135260
2026-01-14,ZQ,96.36000061035156,252584
2026-01-15,ZQ,96.36000061035156,24665
2026-01-16,ZQ,96.36000061035156,30655
2026-01-20,ZQ,96.36250305175781,38138
2026-01-21,ZQ,96.36000061035156,126090
2026-01-22,ZQ,96.36000061035156,4760
2026-01-23,ZQ,96.36000061035156,63404
2026-01-26,ZQ,96.36000061035156,9529
2026-01-27,ZQ,96.36000061035156,14529
2026-01-28,ZQ,96.36250305175781,35048
2026-01-29,ZQ,96.36000061035156,38981
2026-01-30,ZQ,96.36000061035156,58101
2026-02-02,ZQ,96.36250305175781,22038
2026-02-03,ZQ,96.36499786376953,71664
2026-02-04,ZQ,96.36000061035156,64370
2026-02-05,ZQ,96.36499786376953,94593
2026-02-06,ZQ,96.36250305175781,70462
2026-02-09,ZQ,96.36000061035156,37766
2026-02-10,ZQ,96.36250305175781,13834
2026-02-11,ZQ,96.36250305175781,10351
2026-02-12,ZQ,96.36250305175781,18793
2026-02-13,ZQ,96.36000061035156,36202
2026-02-17,ZQ,96.36000061035156,71283
2026-02-18,ZQ,96.36250305175781,67747
2026-02-19,ZQ,96.36000061035156,14710
2026-02-20,ZQ,96.36000061035156,21907
2026-02-23,ZQ,96.36000061035156,25391
2026-02-24,ZQ,96.36250305175781,9525
2026-02-25,ZQ,96.36000061035156,11320
2026-02-26,ZQ,96.36250305175781,7035
2026-02-27,ZQ,96.36000061035156,56973
2026-03-02,ZQ,96.36499786376953,119426
2026-03-03,ZQ,96.36499786376953,98647
2026-03-04,ZQ,96.36000061035156,36251
2026-03-05,ZQ,96.36250305175781,46793
2026-03-06,ZQ,96.36250305175781,99278
2026-03-09,ZQ,96.36000061035156,86162
2026-03-10,ZQ,96.36250305175781,32617
2026-03-11,ZQ,96.36000061035156,38954
2026-03-12,ZQ,96.36000061035156,27407
2026-03-13,ZQ,96.36250305175781,11947
2026-03-16,ZQ,96.36250305175781,48227
2026-03-17,ZQ,96.35749816894531,70418
2026-03-18,ZQ,96.36000061035156,29629
2026-03-19,ZQ,96.35749816894531,20982
2026-03-20,ZQ,96.36000061035156,40658
2026-03-23,ZQ,96.36000061035156,9263
2026-03-24,ZQ,96.35749816894531,12464
2026-03-25,ZQ,96.35749816894531,8425
2026-03-26,ZQ,96.36000061035156,1166
2026-03-27,ZQ,96.36000061035156,48312
2026-03-30,ZQ,96.36000061035156,16134
2026-03-31,ZQ,96.35749816894531,70433
2026-04-01,ZQ,96.35749816894531,43811
2026-04-02,ZQ,96.36000061035156,23469
2026-04-06,ZQ,96.35749816894531,6278
2026-04-07,ZQ,96.36000061035156,31270
2026-04-08,ZQ,96.35749816894531,123851
2026-04-09,ZQ,96.36000061035156,75835
2026-04-10,ZQ,96.36000061035156,52758
2026-04-13,ZQ,96.35749816894531,29087
2026-04-14,ZQ,96.35749816894531,41434
2026-04-15,ZQ,96.35749816894531,61316
2026-04-16,ZQ,96.36000061035156,16593
2026-04-17,ZQ,96.35749816894531,21630
2026-04-20,ZQ,96.36000061035156,3764
2026-04-21,ZQ,96.36000061035156,27697
2026-04-22,ZQ,96.36000061035156,10507
2026-04-23,ZQ,96.35749816894531,80782
2026-04-24,ZQ,96.35749816894531,27807
2026-04-27,ZQ,96.36000061035156,330
2026-04-28,ZQ,96.35749816894531,6411
2026-04-29,ZQ,96.35749816894531,1585
2026-04-30,ZQ,96.36000061035156,16316
2026-05-01,ZQ,96.35749816894531,26484
2026-05-04,ZQ,96.36000061035156,80310
2026-05-05,ZQ,96.36000061035156,23066
2026-05-06,ZQ,96.36000061035156,16926
2026-05-07,ZQ,96.36499786376953,130383
2026-05-08,ZQ,96.36750030517578,67623
2026-05-11,ZQ,96.36750030517578,36394
2026-05-12,ZQ,96.36499786376953,18944
2026-05-13,ZQ,96.36750030517578,77933
2026-05-14,ZQ,96.37000274658203,72112
2026-05-15,ZQ,96.37249755859375,95739
2026-05-18,ZQ,96.37249755859375,35793
2026-05-19,ZQ,96.37000274658203,47981
2026-05-20,ZQ,96.37000274658203,66038
2026-05-21,ZQ,96.37249755859375,66048
2026-05-22,ZQ,96.37249755859375,58310
2026-05-26,ZQ,96.37000274658203,48550
2026-05-27,ZQ,96.37249755859375,18778
2026-05-28,ZQ,96.37249755859375,8185
2026-05-29,ZQ,96.37000274658203,41876
2026-06-01,ZQ,96.375,49579
2026-06-02,ZQ,96.37750244140625,67008
2026-06-03,ZQ,96.37999725341797,48343
2026-06-04,ZQ,96.38249969482422,58569
2026-06-05,ZQ,96.37750244140625,42666
2026-06-08,ZQ,96.37999725341797,52066
2026-06-09,ZQ,96.37750244140625,18118
2026-06-10,ZQ,96.37999725341797,37771
2026-06-11,ZQ,96.37999725341797,27967
2026-06-12,ZQ,96.37999725341797,44629
2026-06-15,ZQ,96.37750244140625,64729
2026-06-16,ZQ,96.37750244140625,108822
2026-06-17,ZQ,96.37249755859375,91394
2026-06-18,ZQ,96.375,99053
2026-06-22,ZQ,96.37249755859375,36682
2026-06-23,ZQ,96.37249755859375,40945
2026-06-24,ZQ,96.37249755859375,17534
2026-06-25,ZQ,96.375,15701
2026-06-26,ZQ,96.37249755859375,31540
2026-06-29,ZQ,96.37249755859375,3787
2026-06-30,ZQ,96.375,53955
2026-07-01,ZQ,96.36750030517578,80804
2026-07-02,ZQ,96.36750030517578,138767
2026-07-06,ZQ,96.36499786376953,111736
2026-07-07,ZQ,96.36750030517578,75792
2026-07-08,ZQ,96.36750030517578,178906
2026-07-09,ZQ,96.37249755859375,179210
2026-07-10,ZQ,96.37000274658203,105648
2026-07-13,ZQ,96.36750030517578,81039
2026-07-14,ZQ,96.37249755859375,62631
2026-07-15,ZQ,96.37000274658203,55739
2026-07-16,ZQ,96.37249755859375,68592
2026-07-17,ZQ,96.37000274658203,73287
2026-07-20,ZQ,96.37249755859375,46020
2026-07-21,ZQ,96.37000274658203,69408
2026-07-22,ZQ,96.36499786376953,75688
2026-07-23,ZQ,96.36499786376953,25607
2026-07-24,ZQ,96.36750030517578,31909
2026-07-27,ZQ,96.36499786376953,26967
2026-07-28,ZQ,96.36750030517578,33187
2026-07-29,ZQ,96.37000274658203,30690
2026-07-30,ZQ,96.37000274658203,1367
2026-07-31,ZQ,96.37249755859375,126431
2026-08-03,ZQ,96.36499786376953,89069
2026-08-04,ZQ,96.36750030517578,59580
2026-08-05,ZQ,96.36750030517578,66445
2026-08-06,ZQ,96.36499786376953,16005
2026-08-07,ZQ,96.36750030517578,95428
2026-08-10,ZQ,96.36750030517578,53875
2026-08-11,ZQ,96.36750030517578,36805
2026-08-12,ZQ,96.36750030517578,48069
2026-08-13,ZQ,96.37000274658203,54882
2026-08-14,ZQ,96.36750030517578,49630
2026-08-17,ZQ,96.37000274658203,1266
2026-08-18,ZQ,96.37000274658203,4603
2026-08-19,ZQ,96.36750030517578,14980
2026-08-20,ZQ,96.37000274658203,23525
2026-08-21,ZQ,96.37000274658203,13671
2026-08-24,ZQ,96.37000274658203,45074
2026-08-25,ZQ,96.37000274658203,9179
2026-08-26,ZQ,96.36750030517578,10237
2026-08-27,ZQ,96.37000274658203,6857
2026-08-28,ZQ,96.37000274658203,4523
2026-08-31,ZQ,96.37000274658203,47121
2026-09-01,ZQ,96.2925033569336,46872
2026-09-02,ZQ,96.29750061035156,50046
2026-09-03,ZQ,96.31500244140625,52145
2026-09-04,ZQ,96.30249786376953,59418
2026-09-08,ZQ,96.30249786376953,26418
2026-09-09,ZQ,96.30000305175781,40179
2026-09-10,ZQ,96.2874984741211,74346
2026-09-11,ZQ,96.26750183105469,114611
2026-09-14,ZQ,96.26000213623047,84816
2026-09-15,ZQ,96.26249694824219,93699
2026-09-16,ZQ,96.25499725341797,93699
2026-09-17,ZQ,96.25250244140625,117608
2026-09-18,ZQ,95.9749984741211,72710
2021-09-20,CL,70.29000091552734,75837
2021-09-21,CL,70.55999755859375,393403
2021-09-22,CL,72.2300033569336,381061
2021-09-23,CL,73.30000305175781,403405
2021-09-24,CL,73.9800033569336,350382
2021-09-27,CL,75.44999694824219,417829
2021-09-28,CL,75.29000091552734,476143
2021-09-29,CL,74.83000183105469,424193
2021-09-30,CL,75.02999877929688,583189
2021-10-01,CL,75.87999725341797,388996
2021-10-04,CL,77.62000274658203,458006
2021-10-05,CL,78.93000030517578,449617
2021-10-06,CL,77.43000030517578,459055
2021-10-07,CL,78.30000305175781,545008
2021-10-08,CL,79.3499984741211,662010
2021-10-11,CL,80.5199966430664,653756
2021-10-12,CL,80.63999938964844,598181
2021-10-13,CL,80.44000244140625,487220
2021-10-14,CL,81.30999755859375,399813
2021-10-15,CL,82.27999877929688,277953
2021-10-18,CL,82.44000244140625,134098
2021-10-19,CL,82.95999908447266,82607
2021-10-20,CL,83.87000274658203,530693
2021-10-21,CL,82.5,567503
2021-10-22,CL,83.76000213623047,465355
2021-10-25,CL,83.76000213623047,568725
2021-10-26,CL,84.6500015258789,467716
2021-10-27,CL,82.66000366210938,529952
2021-10-28,CL,82.80999755859375,491585
2021-10-29,CL,83.56999969482422,507309
2021-11-01,CL,84.05000305175781,412309
2021-11-02,CL,83.91000366210938,429608
2021-11-03,CL,80.86000061035156,546577
2021-11-04,CL,78.80999755859375,701119
2021-11-05,CL,81.2699966430664,531054
2021-11-08,CL,81.93000030517578,393953
2021-11-09,CL,84.1500015258789,504832
2021-11-10,CL,81.33999633789062,555215
2021-11-11,CL,81.58999633789062,475436
2021-11-12,CL,80.79000091552734,390304
2021-11-15,CL,80.87999725341797,343484
2021-11-16,CL,80.76000213623047,325668
2021-11-17,CL,78.36000061035156,174471
2021-11-18,CL,79.01000213623047,83984
2021-11-19,CL,76.0999984741211,623448
2021-11-22,CL,76.75,465768
2021-11-23,CL,78.5,506987
2021-11-24,CL,78.38999938964844,328848
2021-11-26,CL,68.1500015258789,844630
2021-11-29,CL,69.94999694824219,675090
2021-11-30,CL,66.18000030517578,722475
2021-12-01,CL,65.56999969482422,602447
2021-12-02,CL,66.5,668293
2021-12-03,CL,66.26000213623047,449974
2021-12-06,CL,69.48999786376953,401060
2021-12-07,CL,72.05000305175781,496528
2021-12-08,CL,72.36000061035156,464846
2021-12-09,CL,70.94000244140625,393205
2021-12-10,CL,71.66999816894531,397883
2021-12-13,CL,71.29000091552734,406604
2021-12-14,CL,70.7300033569336,359454
2021-12-15,CL,70.87000274658203,294337
2021-12-16,CL,72.37999725341797,142541
2021-12-17,CL,70.86000061035156,78125
2021-12-20,CL,68.2300033569336,492217
2021-12-21,CL,71.12000274658203,358779
2021-12-22,CL,72.76000213623047,306709
2021-12-23,CL,73.79000091552734,270223
2021-12-27,CL,75.56999969482422,268490
2021-12-28,CL,75.9800033569336,249728
2021-12-29,CL,76.55999755859375,283557
2021-12-30,CL,76.98999786376953,231163
2021-12-31,CL,75.20999908447266,237118
2022-01-03,CL,76.08000183105469,317628
2022-01-04,CL,76.98999786376953,372848
2022-01-05,CL,77.8499984741211,397898
2022-01-06,CL,79.45999908447266,476665
2022-01-07,CL,78.9000015258789,414434
2022-01-10,CL,78.2300033569336,389956
2022-01-11,CL,81.22000122070312,481815
2022-01-12,CL,82.63999938964844,420619
2022-01-13,CL,82.12000274658203,364769
2022-01-14,CL,83.81999969482422,364442
2022-01-18,CL,85.43000030517578,163643
2022-01-19,CL,86.95999908447266,113153
2022-01-20,CL,86.9000015258789,532202
2022-01-21,CL,85.13999938964844,509103
2022-01-24,CL,83.30999755859375,511695
2022-01-25,CL,85.5999984741211,507219
2022-01-26,CL,87.3499984741211,459642
2022-01-27,CL,86.61000061035156,427804
2022-01-28,CL,86.81999969482422,436172
2022-01-31,CL,88.1500015258789,359080
2022-02-01,CL,88.19999694824219,376841
2022-02-02,CL,88.26000213623047,456863
2022-02-03,CL,90.2699966430664,465771
2022-02-04,CL,92.30999755859375,410926
2022-02-07,CL,91.31999969482422,497754
2022-02-08,CL,89.36000061035156,467386
2022-02-09,CL,89.66000366210938,445618
2022-02-10,CL,89.87999725341797,492091
2022-02-11,CL,93.0999984741211,554423
2022-02-14,CL,95.45999908447266,467071
2022-02-15,CL,92.06999969482422,442641
2022-02-16,CL,93.66000366210938,401453
2022-02-17,CL,91.76000213623047,212552
2022-02-18,CL,91.06999969482422,150382
2022-02-22,CL,92.3499984741211,789041
2022-02-23,CL,92.0999984741211,440574
2022-02-24,CL,92.80999755859375,872244
2022-02-25,CL,91.58999633789062,523793
2022-02-28,CL,95.72000122070312,490796
2022-03-01,CL,103.41000366210938,698814
2022-03-02,CL,110.5999984741211,651853
2022-03-03,CL,107.66999816894531,592031
2022-03-04,CL,115.68000030517578,493875
2022-03-07,CL,119.4000015258789,576022
2022-03-08,CL,123.69999694824219,583106
2022-03-09,CL,108.69999694824219,594773
2022-03-10,CL,106.0199966430664,437924
2022-03-11,CL,109.33000183105469,368194
2022-03-14,CL,103.01000213623047,344184
2022-03-15,CL,96.44000244140625,401690
2022-03-16,CL,95.04000091552734,293947
2022-03-17,CL,102.9800033569336,210763
2022-03-18,CL,104.69999694824219,74247
2022-03-21,CL,112.12000274658203,77217
2022-03-22,CL,111.76000213623047,318629
2022-03-23,CL,114.93000030517578,289182
2022-03-24,CL,112.33999633789062,307238
2022-03-25,CL,113.9000015258789,320304
2022-03-28,CL,105.95999908447266,372251
2022-03-29,CL,104.23999786376953,387200
2022-03-30,CL,107.81999969482422,284544
2022-03-31,CL,100.27999877929688,450845
2022-04-01,CL,99.2699966430664,324777
2022-04-04,CL,103.27999877929688,288131
2022-04-05,CL,101.95999908447266,280283
2022-04-06,CL,96.2300033569336,366036
2022-04-07,CL,96.02999877929688,367318
2022-04-08,CL,98.26000213623047,310082
2022-04-11,CL,94.29000091552734,315873
2022-04-12,CL,100.5999984741211,329037
2022-04-13,CL,104.25,312502
2022-04-14,CL,106.94999694824219,244952
2022-04-18,CL,108.20999908447266,68489
2022-04-19,CL,102.55999755859375,71792
2022-04-20,CL,102.75,299028
2022-04-21,CL,103.79000091552734,280321
2022-04-22,CL,102.06999969482422,246116
2022-04-25,CL,98.54000091552734,328153
2022-04-26,CL,101.69999694824219,351850
2022-04-27,CL,102.0199966430664,278781
2022-04-28,CL,105.36000061035156,312064
2022-04-29,CL,104.69000244140625,294386
2022-05-02,CL,105.16999816894531,261878
2022-05-03,CL,102.41000366210938,239266
2022-05-04,CL,107.80999755859375,272909
2022-05-05,CL,108.26000213623047,286916
2022-05-06,CL,109.7699966430664,294278
2022-05-09,CL,103.08999633789062,368183
2022-05-10,CL,99.76000213623047,389750
2022-05-11,CL,105.70999908447266,382701
2022-05-12,CL,106.12999725341797,323547
2022-05-13,CL,110.48999786376953,240989
2022-05-16,CL,114.19999694824219,289127
2022-05-17,CL,112.4000015258789,252630
2022-05-18,CL,109.58999633789062,103669
2022-05-19,CL,112.20999908447266,68511
2022-05-20,CL,113.2300033569336,229930
2022-05-23,CL,110.29000091552734,215623
2022-05-24,CL,109.7699966430664,224794
2022-05-25,CL,110.33000183105469,191370
2022-05-26,CL,114.08999633789062,234752
2022-05-27,CL,115.06999969482422,217281
2022-05-31,CL,114.66999816894531,440796
2022-06-01,CL,115.26000213623047,290530
2022-06-02,CL,116.87000274658203,327600
2022-06-03,CL,118.87000274658203,240831
2022-06-06,CL,118.5,246825
2022-06-07,CL,119.41000366210938,341694
2022-06-08,CL,122.11000061035156,340591
2022-06-09,CL,121.51000213623047,293295
2022-06-10,CL,120.66999816894531,352906
2022-06-13,CL,120.93000030517578,372403
2022-06-14,CL,118.93000030517578,366320
2022-06-15,CL,115.30999755859375,301750
2022-06-16,CL,117.58999633789062,162543
2022-06-17,CL,109.55999755859375,103149
2022-06-21,CL,110.6500015258789,427262
2022-06-22,CL,106.19000244140625,432724
2022-06-23,CL,104.2699966430664,346362
2022-06-24,CL,107.62000274658203,321591
2022-06-27,CL,109.56999969482422,282914
2022-06-28,CL,111.76000213623047,306748
2022-06-29,CL,109.77999877929688,322060
2022-06-30,CL,105.76000213623047,362890
2022-07-01,CL,108.43000030517578,305338
2022-07-05,CL,99.5,594215
2022-07-06,CL,98.52999877929688,444106
2022-07-07,CL,102.7300033569336,379861
2022-07-08,CL,104.79000091552734,327461
2022-07-11,CL,104.08999633789062,348566
2022-07-12,CL,95.83999633789062,398552
2022-07-13,CL,96.30000305175781,347193
2022-07-14,CL,95.77999877929688,387528
2022-07-15,CL,97.58999633789062,240766
2022-07-18,CL,102.5999984741211,84669
2022-07-19,CL,104.22000122070312,63149
2022-07-20,CL,102.26000213623047,315620
2022-07-21,CL,96.3499984741211,318911
2022-07-22,CL,94.69999694824219,307568
2022-07-25,CL,96.69999694824219,278998
2022-07-26,CL,94.9800033569336,310043
2022-07-27,CL,97.26000213623047,321903
2022-07-28,CL,96.41999816894531,318403
2022-07-29,CL,98.62000274658203,349374
2022-08-01,CL,93.88999938964844,365293
2022-08-02,CL,94.41999816894531,328538
2022-08-03,CL,90.66000366210938,395099
2022-08-04,CL,88.54000091552734,334931
2022-08-05,CL,89.01000213623047,350016
2022-08-08,CL,90.76000213623047,340157
2022-08-09,CL,90.5,347045
2022-08-10,CL,91.93000030517578,383766
2022-08-11,CL,94.33999633789062,341234
2022-08-12,CL,92.08999633789062,264953
2022-08-15,CL,89.41000366210938,275443
2022-08-16,CL,86.52999877929688,305366
2022-08-17,CL,88.11000061035156,230346
2022-08-18,CL,90.5,80029
2022-08-19,CL,90.7699966430664,58714
2022-08-22,CL,90.2300033569336,352665
2022-08-23,CL,93.73999786376953,285607
2022-08-24,CL,94.88999938964844,320388
2022-08-25,CL,92.5199966430664,279877
2022-08-26,CL,93.05999755859375,288392
2022-08-29,CL,97.01000213623047,283463
2022-08-30,CL,91.63999938964844,386272
2022-08-31,CL,89.55000305175781,344147
2022-09-01,CL,86.61000061035156,305106
2022-09-02,CL,86.87000274658203,277533
2022-09-06,CL,86.87999725341797,420255
2022-09-07,CL,81.94000244140625,380781
2022-09-08,CL,83.54000091552734,342763
2022-09-09,CL,86.79000091552734,305188
2022-09-12,CL,87.77999877929688,275104
2022-09-13,CL,87.30999755859375,347998
2022-09-14,CL,88.4800033569336,335381
2022-09-15,CL,85.0999984741211,235358
2022-09-16,CL,85.11000061035156,87829
2022-09-19,CL,85.7300033569336,59626
2022-09-20,CL,84.44999694824219,279813
2022-09-21,CL,82.94000244140625,339683
2022-09-22,CL,83.48999786376953,303492
2022-09-23,CL,78.73999786376953,334271
2022-09-26,CL,76.70999908447266,280927
2022-09-27,CL,78.5,283614
2022-09-28,CL,82.1500015258789,324678
2022-09-29,CL,81.2300033569336,286126
2022-09-30,CL,79.48999786376953,253154
2022-10-03,CL,83.62999725341797,287168
2022-10-04,CL,86.5199966430664,302549
2022-10-05,CL,87.76000213623047,329790
2022-10-06,CL,88.44999694824219,235296
2022-10-07,CL,92.63999938964844,429162
2022-10-10,CL,91.12999725341797,289508
2022-10-11,CL,89.3499984741211,333158
2022-10-12,CL,87.2699966430664,332271
2022-10-13,CL,89.11000061035156,298032
2022-10-14,CL,85.61000061035156,237026
2022-10-17,CL,85.45999908447266,172020
2022-10-18,CL,82.81999969482422,97304
2022-10-19,CL,85.55000305175781,71309
2022-10-20,CL,85.9800033569336,338344
2022-10-21,CL,85.05000305175781,272803
2022-10-24,CL,84.58000183105469,250726
2022-10-25,CL,85.31999969482422,240441
2022-10-26,CL,87.91000366210938,287182
2022-10-27,CL,89.08000183105469,292556
2022-10-28,CL,87.9000015258789,263404
2022-10-31,CL,86.52999877929688,285342
2022-11-01,CL,88.37000274658203,274321
2022-11-02,CL,90.0,280961
2022-11-03,CL,88.16999816894531,239816
2022-11-04,CL,92.61000061035156,354060
2022-11-07,CL,91.79000091552734,322419
2022-11-08,CL,88.91000366210938,344223
2022-11-09,CL,85.83000183105469,388301
2022-11-10,CL,86.47000122070312,340007
2022-11-11,CL,88.95999908447266,301664
2022-11-14,CL,85.87000274658203,315450
2022-11-15,CL,86.91999816894531,331709
2022-11-16,CL,85.58999633789062,225668
2022-11-17,CL,81.63999938964844,138476
2022-11-18,CL,80.08000183105469,96583
2022-11-21,CL,79.7300033569336,475104
2022-11-22,CL,80.94999694824219,269615
2022-11-23,CL,77.94000244140625,379145
2022-11-25,CL,76.27999877929688,266451
2022-11-28,CL,77.23999786376953,405033
2022-11-29,CL,78.19999694824219,381869
2022-11-30,CL,80.55000305175781,287534
2022-12-01,CL,81.22000122070312,321432
2022-12-02,CL,79.9800033569336,280235
2022-12-05,CL,76.93000030517578,346657
2022-12-06,CL,74.25,380598
2022-12-07,CL,72.01000213623047,392236
2022-12-08,CL,71.45999908447266,474459
2022-12-09,CL,71.0199966430664,356722
2022-12-12,CL,73.16999816894531,323553
2022-12-13,CL,75.38999938964844,352858
2022-12-14,CL,77.27999877929688,292488
2022-12-15,CL,76.11000061035156,224663
2022-12-16,CL,74.29000091552734,99205
2022-12-19,CL,75.19000244140625,69348
2022-12-20,CL,76.08999633789062,254792
2022-12-21,CL,78.29000091552734,234624
2022-12-22,CL,77.48999786376953,219142
2022-12-23,CL,79.55999755859375,237711
2022-12-27,CL,79.52999877929688,199601
2022-12-28,CL,78.95999908447266,207717
2022-12-29,CL,78.4000015258789,199858
2022-12-30,CL,80.26000213623047,205909
2023-01-03,CL,76.93000030517578,338520
2023-01-04,CL,72.83999633789062,352434
2023-01-05,CL,73.66999816894531,300731
2023-01-06,CL,73.7699966430664,258128
2023-01-09,CL,74.62999725341797,329290
2023-01-10,CL,75.12000274658203,307430
2023-01-11,CL,77.41000366210938,350891
2023-01-12,CL,78.38999938964844,307705
2023-01-13,CL,79.86000061035156,283539
2023-01-17,CL,80.18000030517578,312275
2023-01-18,CL,79.4800033569336,92549
2023-01-19,CL,80.33000183105469,58863
2023-01-20,CL,81.30999755859375,300145
2023-01-23,CL,81.62000274658203,297076
2023-01-24,CL,80.12999725341797,288207
2023-01-25,CL,80.1500015258789,297234
2023-01-26,CL,81.01000213623047,291060
2023-01-27,CL,79.68000030517578,367588
2023-01-30,CL,77.9000015258789,327426
2023-01-31,CL,78.87000274658203,312734
2023-02-01,CL,76.41000366210938,360859
2023-02-02,CL,75.87999725341797,339755
2023-02-03,CL,73.38999938964844,413414
2023-02-06,CL,74.11000061035156,380028
2023-02-07,CL,77.13999938964844,408279
2023-02-08,CL,78.47000122070312,353468
2023-02-09,CL,78.05999755859375,324156
2023-02-10,CL,79.72000122070312,356062
2023-02-13,CL,80.13999938964844,301299
2023-02-14,CL,79.05999755859375,299938
2023-02-15,CL,78.58999633789062,264486
2023-02-16,CL,78.48999786376953,117600
2023-02-17,CL,76.33999633789062,93267
2023-02-21,CL,76.16000366210938,402351
2023-02-22,CL,73.94999694824219,332018
2023-02-23,CL,75.38999938964844,333838
2023-02-24,CL,76.31999969482422,329254
2023-02-27,CL,75.68000030517578,266091
2023-02-28,CL,77.05000305175781,300093
2023-03-01,CL,77.69000244140625,342121
2023-03-02,CL,78.16000366210938,260331
2023-03-03,CL,79.68000030517578,374201
2023-03-06,CL,80.45999908447266,292351
2023-03-07,CL,77.58000183105469,398241
2023-03-08,CL,76.66000366210938,335930
2023-03-09,CL,75.72000122070312,349960
2023-03-10,CL,76.68000030517578,371834
2023-03-13,CL,74.80000305175781,457423
2023-03-14,CL,71.33000183105469,432858
2023-03-15,CL,67.61000061035156,555164
2023-03-16,CL,68.3499984741211,327120
2023-03-17,CL,66.73999786376953,152255
2023-03-20,CL,67.63999938964844,76873
2023-03-21,CL,69.33000183105469,409495
2023-03-22,CL,70.9000015258789,337639
2023-03-23,CL,69.95999908447266,335241
2023-03-24,CL,69.26000213623047,380852
2023-03-27,CL,72.80999755859375,353598
2023-03-28,CL,73.19999694824219,328472
2023-03-29,CL,72.97000122070312,312669
2023-03-30,CL,74.37000274658203,269743
2023-03-31,CL,75.66999816894531,304361
2023-04-03,CL,80.41999816894531,547126
2023-04-04,CL,80.70999908447266,343570
2023-04-05,CL,80.61000061035156,254974
2023-04-06,CL,80.69999694824219,0
2023-04-10,CL,79.73999786376953,264906
2023-04-11,CL,81.52999877929688,309683
2023-04-12,CL,83.26000213623047,356133
2023-04-13,CL,82.16000366210938,261230
2023-04-14,CL,82.5199966430664,275129
2023-04-17,CL,80.83000183105469,217048
2023-04-18,CL,80.86000061035156,96290
2023-04-19,CL,79.16000366210938,78310
2023-04-20,CL,77.29000091552734,361413
2023-04-21,CL,77.87000274658203,291114
2023-04-24,CL,78.76000213623047,306720
2023-04-25,CL,77.06999969482422,361646
2023-04-26,CL,74.30000305175781,497778
2023-04-27,CL,74.76000213623047,345880
2023-04-28,CL,76.77999877929688,328399
2023-05-01,CL,75.66000366210938,215017
2023-05-02,CL,71.66000366210938,417820
2023-05-03,CL,68.5999984741211,490523
2023-05-04,CL,68.55999755859375,412495
2023-05-05,CL,71.33999633789062,330585
2023-05-08,CL,73.16000366210938,290076
2023-05-09,CL,73.70999908447266,317493
2023-05-10,CL,72.55999755859375,351506
2023-05-11,CL,70.87000274658203,365892
2023-05-12,CL,70.04000091552734,275435
2023-05-15,CL,71.11000061035156,259013
2023-05-16,CL,70.86000061035156,232328
2023-05-17,CL,72.83000183105469,273708
2023-05-18,CL,71.86000061035156,80864
2023-05-19,CL,71.55000305175781,69949
2023-05-22,CL,71.98999786376953,263977
2023-05-23,CL,72.91000366210938,317586
2023-05-24,CL,74.33999633789062,386611
2023-05-25,CL,71.83000183105469,422637
2023-05-26,CL,72.66999816894531,261498
2023-05-30,CL,69.45999908447266,440862
2023-05-31,CL,68.08999633789062,444787
2023-06-01,CL,70.0999984741211,395393
2023-06-02,CL,71.73999786376953,322596
2023-06-05,CL,72.1500015258789,383943
2023-06-06,CL,71.73999786376953,314962
2023-06-07,CL,72.52999877929688,299127
2023-06-08,CL,71.29000091552734,485396
2023-06-09,CL,70.16999816894531,300724
2023-06-12,CL,67.12000274658203,404769
2023-06-13,CL,69.41999816894531,366354
2023-06-14,CL,68.2699966430664,304449
2023-06-15,CL,70.62000274658203,115613
2023-06-16,CL,71.77999877929688,99185
2023-06-20,CL,70.5,430492
2023-06-21,CL,72.52999877929688,264656
2023-06-22,CL,69.51000213623047,421348
2023-06-23,CL,69.16000366210938,322475
2023-06-26,CL,69.37000274658203,280116
2023-06-27,CL,67.69999694824219,384752
2023-06-28,CL,69.55999755859375,368295
2023-06-29,CL,69.86000061035156,292865
2023-06-30,CL,70.63999938964844,299873
2023-07-03,CL,69.79000091552734,303479
2023-07-05,CL,71.79000091552734,456809
2023-07-06,CL,71.80000305175781,395381
2023-07-07,CL,73.86000061035156,362632
2023-07-10,CL,72.98999786376953,301014
2023-07-11,CL,74.83000183105469,326883
2023-07-12,CL,75.75,352887
2023-07-13,CL,76.88999938964844,379728
2023-07-14,CL,75.41999816894531,299576
2023-07-17,CL,74.1500015258789,244785
2023-07-18,CL,75.75,125092
2023-07-19,CL,75.3499984741211,92920
2023-07-20,CL,75.62999725341797,340962
2023-07-21,CL,77.06999969482422,308106
2023-07-24,CL,78.73999786376953,368285
2023-07-25,CL,79.62999725341797,349600
2023-07-26,CL,78.77999877929688,322031
2023-07-27,CL,80.08999633789062,374358
2023-07-28,CL,80.58000183105469,299547
2023-07-31,CL,81.80000305175781,297270
2023-08-01,CL,81.37000274658203,307859
2023-08-02,CL,79.48999786376953,414825
2023-08-03,CL,81.55000305175781,402641
2023-08-04,CL,82.81999969482422,320873
2023-08-07,CL,81.94000244140625,293036
2023-08-08,CL,82.91999816894531,424545
2023-08-09,CL,84.4000015258789,478140
2023-08-10,CL,82.81999969482422,362188
2023-08-11,CL,83.19000244140625,331254
2023-08-14,CL,82.51000213623047,277352
2023-08-15,CL,80.98999786376953,303207
2023-08-16,CL,79.37999725341797,325403
2023-08-17,CL,80.38999938964844,235581
2023-08-18,CL,81.25,128090
2023-08-21,CL,80.72000122070312,115874
2023-08-22,CL,80.3499984741211,287489
2023-08-23,CL,78.88999938964844,378146
2023-08-24,CL,79.05000305175781,349230
2023-08-25,CL,79.83000183105469,411409
2023-08-28,CL,80.0999984741211,246584
2023-08-29,CL,81.16000366210938,284168
2023-08-30,CL,81.62999725341797,299418
2023-08-31,CL,83.62999725341797,368848
2023-09-01,CL,85.55000305175781,420461
2023-09-05,CL,86.69000244140625,452908
2023-09-06,CL,87.54000091552734,307115
2023-09-07,CL,86.87000274658203,270736
2023-09-08,CL,87.51000213623047,294437
2023-09-11,CL,87.29000091552734,292388
2023-09-12,CL,88.83999633789062,341137
2023-09-13,CL,88.5199966430664,345972
2023-09-14,CL,90.16000366210938,325270
2023-09-15,CL,90.7699966430664,315003
2023-09-18,CL,91.4800033569336,119258
2023-09-19,CL,91.19999694824219,94597
2023-09-20,CL,90.27999877929688,457854
2023-09-21,CL,89.62999725341797,351032
2023-09-22,CL,90.02999877929688,402087
2023-09-25,CL,89.68000030517578,328369
2023-09-26,CL,90.38999938964844,318016
2023-09-27,CL,93.68000030517578,504630
2023-09-28,CL,91.70999908447266,406709
2023-09-29,CL,90.79000091552734,355782
2023-10-02,CL,88.81999969482422,334493
2023-10-03,CL,89.2300033569336,350659
2023-10-04,CL,84.22000122070312,459995
2023-10-05,CL,82.30999755859375,465997
2023-10-06,CL,82.79000091552734,461139
2023-10-09,CL,86.37999725341797,435037
2023-10-10,CL,85.97000122070312,337654
2023-10-11,CL,83.48999786376953,425395
2023-10-12,CL,82.91000366210938,373492
2023-10-13,CL,87.69000244140625,356863
2023-10-16,CL,86.66000366210938,235780
2023-10-17,CL,86.66000366210938,197124
2023-10-18,CL,88.31999969482422,92797
2023-10-19,CL,89.37000274658203,72058
2023-10-20,CL,88.75,311917
2023-10-23,CL,85.48999786376953,315517
2023-10-24,CL,83.73999786376953,370591
2023-10-25,CL,85.38999938964844,429459
2023-10-26,CL,83.20999908447266,341792
2023-10-27,CL,85.54000091552734,333760
2023-10-30,CL,82.30999755859375,356928
2023-10-31,CL,81.0199966430664,346007
2023-11-01,CL,80.44000244140625,321592
2023-11-02,CL,82.45999908447266,307122
2023-11-03,CL,80.51000213623047,457281
2023-11-06,CL,80.81999969482422,271131
2023-11-07,CL,77.37000274658203,396289
2023-11-08,CL,75.33000183105469,429647
2023-11-09,CL,75.73999786376953,303430
2023-11-10,CL,77.16999816894531,266998
2023-11-13,CL,78.26000213623047,262903
2023-11-14,CL,78.26000213623047,263002
2023-11-15,CL,76.66000366210938,282301
2023-11-16,CL,72.9000015258789,125165
2023-11-17,CL,75.88999938964844,101484
2023-11-20,CL,77.5999984741211,270638
2023-11-21,CL,77.7699966430664,238629
2023-11-22,CL,77.0999984741211,389325
2023-11-24,CL,75.54000091552734,281147
2023-11-27,CL,74.86000061035156,289562
2023-11-28,CL,76.41000366210938,286618
2023-11-29,CL,77.86000061035156,322170
2023-11-30,CL,75.95999908447266,559169
2023-12-01,CL,74.06999969482422,358976
2023-12-04,CL,73.04000091552734,388832
2023-12-05,CL,72.31999969482422,358703
2023-12-06,CL,69.37999725341797,436803
2023-12-07,CL,69.33999633789062,339000
2023-12-08,CL,71.2300033569336,302250
2023-12-11,CL,71.31999969482422,274414
2023-12-12,CL,68.61000061035156,324530
2023-12-13,CL,69.47000122070312,306996
2023-12-14,CL,71.58000183105469,275688
2023-12-15,CL,71.43000030517578,95513
2023-12-18,CL,72.47000122070312,73941
2023-12-19,CL,73.44000244140625,230042
2023-12-20,CL,74.22000122070312,273364
2023-12-21,CL,73.88999938964844,251982
2023-12-22,CL,73.55999755859375,222600
2023-12-26,CL,75.56999969482422,208715
2023-12-27,CL,74.11000061035156,253323
2023-12-28,CL,71.7699966430664,262748
2023-12-29,CL,71.6500015258789,214486
2024-01-02,CL,70.37999725341797,330992
2024-01-03,CL,72.69999694824219,334861
2024-01-04,CL,72.19000244140625,344467
2024-01-05,CL,73.80999755859375,325525
2024-01-08,CL,70.7699966430664,392249
2024-01-09,CL,72.23999786376953,363445
2024-01-10,CL,71.37000274658203,352772
2024-01-11,CL,72.0199966430664,373645
2024-01-12,CL,72.68000030517578,403636
2024-01-16,CL,72.4000015258789,430437
2024-01-17,CL,72.55999755859375,315679
2024-01-18,CL,74.08000183105469,86646
2024-01-19,CL,73.41000366210938,78234
2024-01-22,CL,75.19000244140625,372284
2024-01-23,CL,74.37000274658203,306060
2024-01-24,CL,75.08999633789062,323726
2024-01-25,CL,77.36000061035156,320177
2024-01-26,CL,78.01000213623047,365456
2024-01-29,CL,76.77999877929688,331925
2024-01-30,CL,77.81999969482422,347242
2024-01-31,CL,75.8499984741211,344493
2024-02-01,CL,73.81999969482422,577936
2024-02-02,CL,72.27999877929688,467768
2024-02-05,CL,72.77999877929688,350843
2024-02-06,CL,73.30999755859375,310955
2024-02-07,CL,73.86000061035156,294955
2024-02-08,CL,76.22000122070312,377906
2024-02-09,CL,76.83999633789062,302612
2024-02-12,CL,76.91999816894531,248476
2024-02-13,CL,77.87000274658203,338174
2024-02-14,CL,76.63999938964844,296131
2024-02-15,CL,78.02999877929688,122432
2024-02-16,CL,79.19000244140625,113713
2024-02-20,CL,78.18000030517578,435235
2024-02-21,CL,77.91000366210938,323243
2024-02-22,CL,78.61000061035156,330511
2024-02-23,CL,76.48999786376953,353437
2024-02-26,CL,77.58000183105469,274710
2024-02-27,CL,78.87000274658203,269236
2024-02-28,CL,78.54000091552734,330043
2024-02-29,CL,78.26000213623047,317939
2024-03-01,CL,79.97000122070312,363417
2024-03-04,CL,78.73999786376953,347214
2024-03-05,CL,78.1500015258789,436521
2024-03-06,CL,79.12999725341797,371049
2024-03-07,CL,78.93000030517578,432923
2024-03-08,CL,78.01000213623047,347533
2024-03-11,CL,77.93000030517578,329873
2024-03-12,CL,77.55999755859375,309922
2024-03-13,CL,79.72000122070312,316390
2024-03-14,CL,81.26000213623047,297450
2024-03-15,CL,81.04000091552734,185078
2024-03-18,CL,82.72000122070312,84718
2024-03-19,CL,83.47000122070312,76814
2024-03-20,CL,81.68000030517578,351161
2024-03-21,CL,81.06999969482422,266860
2024-03-22,CL,80.62999725341797,231101
2024-03-25,CL,81.94999694824219,300360
2024-03-26,CL,81.62000274658203,235845
2024-03-27,CL,81.3499984741211,249964
2024-03-28,CL,83.16999816894531,293774
2024-04-01,CL,83.70999908447266,321059
2024-04-02,CL,85.1500015258789,344040
2024-04-03,CL,85.43000030517578,322549
2024-04-04,CL,86.58999633789062,359534
2024-04-05,CL,86.91000366210938,353206
2024-04-08,CL,86.43000030517578,393734
2024-04-09,CL,85.2300033569336,314994
2024-04-10,CL,86.20999908447266,373939
2024-04-11,CL,85.0199966430664,388128
2024-04-12,CL,85.66000366210938,369958
2024-04-15,CL,85.41000366210938,343894
2024-04-16,CL,85.36000061035156,241343
2024-04-17,CL,82.69000244140625,259540
2024-04-18,CL,82.7300033569336,84468
2024-04-19,CL,83.13999938964844,76901
2024-04-22,CL,82.8499984741211,313914
2024-04-23,CL,83.36000061035156,355814
2024-04-24,CL,82.80999755859375,329077
2024-04-25,CL,83.56999969482422,314116
2024-04-26,CL,83.8499984741211,244090
2024-04-29,CL,82.62999725341797,336984
2024-04-30,CL,81.93000030517578,400680
2024-05-01,CL,79.0,441978
2024-05-02,CL,78.94999694824219,359652
2024-05-03,CL,78.11000061035156,324438
2024-05-06,CL,78.4800033569336,297369
2024-05-07,CL,78.37999725341797,327593
2024-05-08,CL,78.98999786376953,355449
2024-05-09,CL,79.26000213623047,272712
2024-05-10,CL,78.26000213623047,281169
2024-05-13,CL,79.12000274658203,287701
2024-05-14,CL,78.0199966430664,307410
2024-05-15,CL,78.62999725341797,321267
2024-05-16,CL,79.2300033569336,230277
2024-05-17,CL,80.05999755859375,94152
2024-05-20,CL,79.80000305175781,85072
2024-05-21,CL,79.26000213623047,371672
2024-05-22,CL,77.56999969482422,314145
2024-05-23,CL,76.87000274658203,330273
2024-05-24,CL,77.72000122070312,299075
2024-05-28,CL,79.83000183105469,334074
2024-05-29,CL,79.2300033569336,259594
2024-05-30,CL,77.91000366210938,373779
2024-05-31,CL,76.98999786376953,345120
2024-06-03,CL,74.22000122070312,443271
2024-06-04,CL,73.25,408721
2024-06-05,CL,74.06999969482422,307701
2024-06-06,CL,75.55000305175781,291082
2024-06-07,CL,75.52999877929688,280253
2024-06-10,CL,77.73999786376953,317031
2024-06-11,CL,77.9000015258789,314874
2024-06-12,CL,78.5,322285
2024-06-13,CL,78.62000274658203,307638
2024-06-14,CL,78.44999694824219,245827
2024-06-17,CL,80.33000183105469,126733
2024-06-18,CL,81.56999969482422,140709
2024-06-20,CL,82.16999816894531,420499
2024-06-21,CL,80.7300033569336,290500
2024-06-24,CL,81.62999725341797,271745
2024-06-25,CL,80.83000183105469,286038
2024-06-26,CL,80.9000015258789,308410
2024-06-27,CL,81.73999786376953,306342
2024-06-28,CL,81.54000091552734,260252
2024-07-01,CL,83.37999725341797,345780
2024-07-02,CL,82.80999755859375,367787
2024-07-03,CL,83.87999725341797,289685
2024-07-05,CL,83.16000366210938,361357
2024-07-08,CL,82.33000183105469,251774
2024-07-09,CL,81.41000366210938,297325
2024-07-10,CL,82.0999984741211,334380
2024-07-11,CL,82.62000274658203,324170
2024-07-12,CL,82.20999908447266,370062
2024-07-15,CL,81.91000366210938,296520
2024-07-16,CL,80.76000213623047,308186
2024-07-17,CL,82.8499984741211,257437
2024-07-18,CL,82.81999969482422,95704
2024-07-19,CL,80.12999725341797,83795
2024-07-22,CL,79.77999877929688,345235
2024-07-23,CL,76.95999908447266,417941
2024-07-24,CL,77.58999633789062,355971
2024-07-25,CL,78.27999877929688,457288
2024-07-26,CL,77.16000366210938,365121
2024-07-29,CL,75.80999755859375,362635
2024-07-30,CL,74.7300033569336,419478
2024-07-31,CL,77.91000366210938,460315
2024-08-01,CL,76.30999755859375,383014
2024-08-02,CL,73.5199966430664,467786
2024-08-05,CL,72.94000244140625,500151
2024-08-06,CL,73.19999694824219,352250
2024-08-07,CL,75.2300033569336,427995
2024-08-08,CL,76.19000244140625,327301
2024-08-09,CL,76.83999633789062,263007
2024-08-12,CL,80.05999755859375,376747
2024-08-13,CL,78.3499984741211,370763
2024-08-14,CL,76.9800033569336,357636
2024-08-15,CL,78.16000366210938,195122
2024-08-16,CL,76.6500015258789,100810
2024-08-19,CL,74.37000274658203,118172
2024-08-20,CL,74.04000091552734,329276
2024-08-21,CL,71.93000030517578,390527
2024-08-22,CL,73.01000213623047,334117
2024-08-23,CL,74.83000183105469,313764
2024-08-26,CL,77.41999816894531,409675
2024-08-27,CL,75.52999877929688,331162
2024-08-28,CL,74.5199966430664,337361
2024-08-29,CL,75.91000366210938,408147
2024-08-30,CL,73.55000305175781,427273
2024-09-03,CL,70.33999633789062,546617
2024-09-04,CL,69.19999694824219,482025
2024-09-05,CL,69.1500015258789,405596
2024-09-06,CL,67.66999816894531,351074
2024-09-09,CL,68.70999908447266,351074
2024-09-10,CL,65.75,442855
2024-09-11,CL,67.30999755859375,393311
2024-09-12,CL,68.97000122070312,351976
2024-09-13,CL,68.6500015258789,308983
2024-09-16,CL,70.08999633789062,295176
2024-09-17,CL,71.19000244140625,251629
2024-09-18,CL,70.91000366210938,102907
2024-09-19,CL,71.94999694824219,86630
2024-09-20,CL,71.91999816894531,306997
2024-09-23,CL,70.37000274658203,338267
2024-09-24,CL,71.55999755859375,318516
2024-09-25,CL,69.69000244140625,476237
2024-09-26,CL,67.66999816894531,478069
2024-09-27,CL,68.18000030517578,341133
2024-09-30,CL,68.16999816894531,350115
2024-10-01,CL,69.83000183105469,668216
2024-10-02,CL,70.0999984741211,429225
2024-10-03,CL,73.70999908447266,460554
2024-10-04,CL,74.37999725341797,428815
2024-10-07,CL,77.13999938964844,419018
2024-10-08,CL,73.56999969482422,496760
2024-10-09,CL,73.23999786376953,401159
2024-10-10,CL,75.8499984741211,321453
2024-10-11,CL,75.55999755859375,315302
2024-10-14,CL,73.83000183105469,273455
2024-10-15,CL,70.58000183105469,328738
2024-10-16,CL,70.38999938964844,222437
2024-10-17,CL,70.66999816894531,188161
2024-10-18,CL,69.22000122070312,95768
2024-10-21,CL,70.55999755859375,92584
2024-10-22,CL,72.08999633789062,330456
2024-10-23,CL,70.7699966430664,293835
2024-10-24,CL,70.19000244140625,286571
2024-10-25,CL,71.77999877929688,287189
2024-10-28,CL,67.37999725341797,419623
2024-10-29,CL,67.20999908447266,291929
2024-10-30,CL,68.61000061035156,284795
2024-10-31,CL,69.26000213623047,311055
2024-11-01,CL,69.48999786376953,320572
2024-11-04,CL,71.47000122070312,286947
2024-11-05,CL,71.98999786376953,247311
2024-11-06,CL,71.69000244140625,388265
2024-11-07,CL,72.36000061035156,353595
2024-11-08,CL,70.37999725341797,362038
2024-11-11,CL,68.04000091552734,364506
2024-11-12,CL,68.12000274658203,286926
2024-11-13,CL,68.43000030517578,386027
2024-11-14,CL,68.69999694824219,232270
2024-11-15,CL,67.0199966430664,205235
2024-11-18,CL,69.16000366210938,110375
2024-11-19,CL,69.38999938964844,89360
2024-11-20,CL,68.87000274658203,235637
2024-11-21,CL,70.0999984741211,283850
2024-11-22,CL,71.23999786376953,408207
2024-11-25,CL,68.94000244140625,380922
2024-11-26,CL,68.7699966430664,292138
2024-11-27,CL,68.72000122070312,227215
2024-11-29,CL,68.0,291408
2024-12-02,CL,68.0999984741211,264883
2024-12-03,CL,69.94000244140625,303752
2024-12-04,CL,68.54000091552734,325636
2024-12-05,CL,68.30000305175781,286701
2024-12-06,CL,67.19999694824219,341593
2024-12-09,CL,68.37000274658203,297085
2024-12-10,CL,68.58999633789062,286003
2024-12-11,CL,70.29000091552734,335892
2024-12-12,CL,70.0199966430664,326046
2024-12-13,CL,71.29000091552734,230429
2024-12-16,CL,70.70999908447266,204296
2024-12-17,CL,70.08000183105469,99604
2024-12-18,CL,70.58000183105469,99386
2024-12-19,CL,69.91000366210938,291660
2024-12-20,CL,69.45999908447266,231592
2024-12-23,CL,69.23999786376953,188843
2024-12-24,CL,70.0999984741211,122602
2024-12-26,CL,69.62000274658203,144877
2024-12-27,CL,70.5999984741211,172641
2024-12-30,CL,70.98999786376953,199296
2024-12-31,CL,71.72000122070312,151155
2025-01-02,CL,73.12999725341797,306498
2025-01-03,CL,73.95999908447266,296040
2025-01-06,CL,73.55999755859375,306042
2025-01-07,CL,74.25,277328
2025-01-08,CL,73.31999969482422,328617
2025-01-09,CL,73.91999816894531,213421
2025-01-10,CL,76.56999969482422,478432
2025-01-13,CL,78.81999969482422,460942
2025-01-14,CL,77.5,326729
2025-01-15,CL,80.04000091552734,321422
2025-01-16,CL,78.68000030517578,159948
2025-01-17,CL,77.87999725341797,112409
2025-01-21,CL,75.88999938964844,568807
2025-01-22,CL,75.44000244140625,315333
2025-01-23,CL,74.62000274658203,350688
2025-01-24,CL,74.66000366210938,319679
2025-01-27,CL,73.16999816894531,334418
2025-01-28,CL,73.7699966430664,326075
2025-01-29,CL,72.62000274658203,312733
2025-01-30,CL,72.7300033569336,336475
2025-01-31,CL,72.52999877929688,376335
2025-02-03,CL,73.16000366210938,517853
2025-02-04,CL,72.69999694824219,452961
2025-02-05,CL,71.02999877929688,289902
2025-02-06,CL,70.61000061035156,299037
2025-02-07,CL,71.0,273766
2025-02-10,CL,72.31999969482422,255941
2025-02-11,CL,73.31999969482422,266819
2025-02-12,CL,71.37000274658203,318123
2025-02-13,CL,71.29000091552734,278197
2025-02-14,CL,70.73999786376953,207719
2025-02-18,CL,71.8499984741211,130937
2025-02-19,CL,72.25,69012
2025-02-20,CL,72.56999969482422,240060
2025-02-21,CL,70.4000015258789,268470
2025-02-24,CL,70.69999694824219,205468
2025-02-25,CL,68.93000030517578,267310
2025-02-26,CL,68.62000274658203,255601
2025-02-27,CL,70.3499984741211,265933
2025-02-28,CL,69.76000213623047,250074
2025-03-03,CL,68.37000274658203,332751
2025-03-04,CL,68.26000213623047,386750
2025-03-05,CL,66.30999755859375,382493
2025-03-06,CL,66.36000061035156,341632
2025-03-07,CL,67.04000091552734,329710
2025-03-10,CL,66.02999877929688,249633
2025-03-11,CL,66.25,222511
2025-03-12,CL,67.68000030517578,246675
2025-03-13,CL,66.55000305175781,268590
2025-03-14,CL,67.18000030517578,180495
2025-03-17,CL,67.58000183105469,161298
2025-03-18,CL,66.9000015258789,110338
2025-03-19,CL,67.16000366210938,73077
2025-03-20,CL,68.26000213623047,283376
2025-03-21,CL,68.27999877929688,198964
2025-03-24,CL,69.11000061035156,247024
2025-03-25,CL,69.0,258411
2025-03-26,CL,69.6500015258789,262413
2025-03-27,CL,69.91999816894531,211825
2025-03-28,CL,69.36000061035156,246650
2025-03-31,CL,71.4800033569336,313087
2025-04-01,CL,71.19999694824219,272832
2025-04-02,CL,71.70999908447266,286501
2025-04-03,CL,66.94999694824219,459238
2025-04-04,CL,61.9900016784668,559638
2025-04-07,CL,60.70000076293945,597617
2025-04-08,CL,59.58000183105469,557655
2025-04-09,CL,62.349998474121094,592250
2025-04-10,CL,60.06999969482422,391826
2025-04-11,CL,61.5,306231
2025-04-14,CL,61.529998779296875,238068
2025-04-15,CL,61.33000183105469,197404
2025-04-16,CL,62.470001220703125,213194
2025-04-17,CL,64.68000030517578,111479
2025-04-21,CL,63.08000183105469,82671
2025-04-22,CL,64.30999755859375,297928
2025-04-23,CL,62.27000045776367,397841
2025-04-24,CL,62.790000915527344,264908
2025-04-25,CL,63.02000045776367,283758
2025-04-28,CL,62.04999923706055,276116
2025-04-29,CL,60.41999816894531,312373
2025-04-30,CL,58.209999084472656,419549
2025-05-01,CL,59.2400016784668,364216
2025-05-02,CL,58.290000915527344,322096
2025-05-05,CL,57.130001068115234,308387
2025-05-06,CL,59.09000015258789,343893
2025-05-07,CL,58.06999969482422,295238
2025-05-08,CL,59.90999984741211,281000
2025-05-09,CL,61.02000045776367,239640
2025-05-12,CL,61.95000076293945,325865
2025-05-13,CL,63.66999816894531,258795
2025-05-14,CL,63.150001525878906,225626
2025-05-15,CL,61.619998931884766,258404
2025-05-16,CL,62.4900016784668,121556
2025-05-19,CL,62.689998626708984,95570
2025-05-20,CL,62.560001373291016,250414
2025-05-21,CL,61.56999969482422,302702
2025-05-22,CL,61.20000076293945,258549
2025-05-23,CL,61.529998779296875,273392
2025-05-27,CL,60.88999938964844,291317
2025-05-28,CL,61.84000015258789,260374
2025-05-29,CL,60.939998626708984,299859
2025-05-30,CL,60.790000915527344,384927
2025-06-02,CL,62.52000045776367,403580
2025-06-03,CL,63.40999984741211,291260
2025-06-04,CL,62.849998474121094,321128
2025-06-05,CL,63.369998931884766,232423
2025-06-06,CL,64.58000183105469,310133
2025-06-09,CL,65.29000091552734,235900
2025-06-10,CL,64.9800033569336,279021
2025-06-11,CL,68.1500015258789,378473
2025-06-12,CL,68.04000091552734,379394
2025-06-13,CL,72.9800033569336,715652
2025-06-16,CL,71.7699966430664,367312
2025-06-17,CL,74.83999633789062,154264
2025-06-18,CL,75.13999938964844,0
2025-06-20,CL,74.93000030517578,678377
2025-06-23,CL,68.51000213623047,728868
2025-06-24,CL,64.37000274658203,541475
2025-06-25,CL,64.91999816894531,278504
2025-06-26,CL,65.23999786376953,233771
2025-06-27,CL,65.5199966430664,236284
2025-06-30,CL,65.11000061035156,193289
2025-07-01,CL,65.44999694824219,193162
2025-07-02,CL,67.44999694824219,265200
2025-07-03,CL,67.0,0
2025-07-04,CL,66.5,0
2025-07-07,CL,67.93000030517578,332949
2025-07-08,CL,68.33000183105469,219882
2025-07-09,CL,68.37999725341797,223945
2025-07-10,CL,66.56999969482422,258654
2025-07-11,CL,68.44999694824219,226297
2025-07-14,CL,66.9800033569336,263877
2025-07-15,CL,66.5199966430664,252724
2025-07-16,CL,66.37999725341797,248346
2025-07-17,CL,67.54000091552734,188802
2025-07-18,CL,67.33999633789062,107628
2025-07-21,CL,67.19999694824219,81194
2025-07-22,CL,66.20999908447266,269991
2025-07-23,CL,65.25,251825
2025-07-24,CL,66.02999877929688,281209
2025-07-25,CL,65.16000366210938,234283
2025-07-28,CL,66.70999908447266,262038
2025-07-29,CL,69.20999908447266,329112
2025-07-30,CL,70.0,345336
2025-07-31,CL,69.26000213623047,247031
2025-08-01,CL,67.33000183105469,355819
2025-08-04,CL,66.29000091552734,277375
2025-08-05,CL,65.16000366210938,279030
2025-08-06,CL,64.3499984741211,353827
2025-08-07,CL,63.880001068115234,300518
2025-08-08,CL,63.880001068115234,322939
2025-08-11,CL,63.959999084472656,234807
2025-08-12,CL,63.16999816894531,304441
2025-08-13,CL,62.650001525878906,298939
2025-08-14,CL,63.959999084472656,251652
2025-08-15,CL,62.79999923706055,197390
2025-08-18,CL,63.41999816894531,95113
2025-08-19,CL,62.349998474121094,99484
2025-08-20,CL,63.209999084472656,280663
2025-08-21,CL,63.52000045776367,250166
2025-08-22,CL,63.65999984741211,223169
2025-08-25,CL,64.80000305175781,185270
2025-08-26,CL,63.25,199101
2025-08-27,CL,64.1500015258789,193476
2025-08-28,CL,64.5999984741211,208931
2025-08-29,CL,64.01000213623047,0
2025-09-02,CL,65.58999633789062,320218
2025-09-03,CL,63.970001220703125,298737
2025-09-04,CL,63.47999954223633,251689
2025-09-05,CL,61.869998931884766,294540
2025-09-08,CL,62.2599983215332,237288
2025-09-09,CL,62.630001068115234,268529
2025-09-10,CL,63.66999816894531,260684
2025-09-11,CL,62.369998931884766,222661
2025-09-12,CL,62.689998626708984,313265
2025-09-15,CL,63.29999923706055,205560
2025-09-16,CL,64.5199966430664,234250
2025-09-17,CL,64.05000305175781,165427
2025-09-18,CL,63.56999969482422,82321
2025-09-19,CL,62.68000030517578,87165
2025-09-22,CL,62.63999938964844,223779
2025-09-23,CL,63.40999984741211,265948
2025-09-24,CL,64.98999786376953,282721
2025-09-25,CL,64.9800033569336,258353
2025-09-26,CL,65.72000122070312,284990
2025-09-29,CL,63.45000076293945,294292
2025-09-30,CL,62.369998931884766,271649
2025-10-01,CL,61.779998779296875,274339
2025-10-02,CL,60.47999954223633,290507
2025-10-03,CL,60.880001068115234,240044
2025-10-06,CL,61.689998626708984,224682
2025-10-07,CL,61.72999954223633,245121
2025-10-08,CL,62.54999923706055,273318
2025-10-09,CL,61.5099983215332,259171
2025-10-10,CL,58.900001525878906,339103
2025-10-13,CL,59.4900016784668,339103
2025-10-14,CL,58.70000076293945,259200
2025-10-15,CL,58.27000045776367,224919
2025-10-16,CL,57.459999084472656,203866
2025-10-17,CL,57.540000915527344,108748
2025-10-20,CL,57.52000045776367,108146
2025-10-21,CL,57.81999969482422,314207
2025-10-22,CL,58.5,378637
2025-10-23,CL,61.790000915527344,735186
2025-10-24,CL,61.5,373744
2025-10-27,CL,61.310001373291016,272191
2025-10-28,CL,60.150001525878906,307568
2025-10-29,CL,60.47999954223633,276875
2025-10-30,CL,60.56999969482422,247917
2025-10-31,CL,60.97999954223633,278598
2025-11-03,CL,61.04999923706055,0
2025-11-04,CL,60.560001373291016,219300
2025-11-05,CL,59.599998474121094,292518
2025-11-06,CL,59.43000030517578,277768
2025-11-07,CL,59.75,259446
2025-11-10,CL,60.130001068115234,222879
2025-11-11,CL,61.040000915527344,264427
2025-11-12,CL,58.4900016784668,329517
2025-11-13,CL,58.689998626708984,247349
2025-11-14,CL,60.09000015258789,334116
2025-11-17,CL,59.90999984741211,189638
2025-11-18,CL,60.7400016784668,105325
2025-11-19,CL,59.439998626708984,79622
2025-11-20,CL,59.13999938964844,324282
2025-11-21,CL,58.060001373291016,345014
2025-11-24,CL,58.84000015258789,238138
2025-11-25,CL,57.95000076293945,334442
2025-11-26,CL,58.650001525878906,228285
2025-11-28,CL,58.54999923706055,153758
2025-12-01,CL,59.31999969482422,232770
2025-12-02,CL,58.63999938964844,255513
2025-12-03,CL,58.95000076293945,260974
2025-12-04,CL,59.66999816894531,264993
2025-12-05,CL,60.08000183105469,255075
2025-12-08,CL,58.880001068115234,263009
2025-12-09,CL,58.25,260206
2025-12-10,CL,58.459999084472656,256508
2025-12-11,CL,57.599998474121094,286808
2025-12-12,CL,57.439998626708984,212806
2025-12-15,CL,56.81999969482422,229310
2025-12-16,CL,55.27000045776367,230933
2025-12-17,CL,55.939998626708984,125608
2025-12-18,CL,56.150001525878906,85735
2025-12-19,CL,56.65999984741211,209264
2025-12-22,CL,58.0099983215332,221576
2025-12-23,CL,58.380001068115234,183633
2025-12-24,CL,58.349998474121094,111762
2025-12-26,CL,56.7400016784668,166669
2025-12-29,CL,58.08000183105469,178590
2025-12-30,CL,57.95000076293945,143802
2025-12-31,CL,57.41999816894531,157160
2026-01-02,CL,57.31999969482422,189503
2026-01-05,CL,58.31999969482422,301483
2026-01-06,CL,57.130001068115234,292067
2026-01-07,CL,55.9900016784668,383128
2026-01-08,CL,57.7599983215332,334134
2026-01-09,CL,59.119998931884766,360309
2026-01-12,CL,59.5,309700
2026-01-13,CL,61.150001525878906,411190
2026-01-14,CL,62.02000045776367,410261
2026-01-15,CL,59.189998626708984,113642
2026-01-16,CL,59.439998626708984,113794
2026-01-20,CL,60.34000015258789,499595
2026-01-21,CL,60.619998931884766,333062
2026-01-22,CL,59.36000061035156,324349
2026-01-23,CL,61.06999969482422,283419
2026-01-26,CL,60.630001068115234,281062
2026-01-27,CL,62.38999938964844,360208
2026-01-28,CL,63.209999084472656,354864
2026-01-29,CL,65.41999816894531,560007
2026-01-30,CL,65.20999908447266,449325
2026-02-02,CL,62.13999938964844,414083
2026-02-03,CL,63.209999084472656,381144
2026-02-04,CL,65.13999938964844,446588
2026-02-05,CL,63.290000915527344,389763
2026-02-06,CL,63.54999923706055,448924
2026-02-09,CL,64.36000061035156,298005
2026-02-10,CL,63.959999084472656,276292
2026-02-11,CL,64.62999725341797,340194
2026-02-12,CL,62.84000015258789,369303
2026-02-13,CL,62.88999938964844,255793
2026-02-17,CL,62.33000183105469,328727
2026-02-18,CL,65.19000244140625,115379
2026-02-19,CL,66.43000030517578,113408
2026-02-20,CL,66.38999938964844,351351
2026-02-23,CL,66.30999755859375,270365
2026-02-24,CL,65.62999725341797,312124
2026-02-25,CL,65.41999816894531,306780
2026-02-26,CL,65.20999908447266,498542
2026-02-27,CL,67.0199966430664,437053
2026-03-02,CL,71.2300033569336,881329
2026-03-03,CL,74.55999755859375,1009753
2026-03-04,CL,74.66000366210938,617822
2026-03-05,CL,81.01000213623047,707030
2026-03-06,CL,90.9000015258789,996251
2026-03-09,CL,94.7699966430664,1107193
2026-03-10,CL,83.44999694824219,801564
2026-03-11,CL,87.25,538020
2026-03-12,CL,95.7300033569336,548999
2026-03-13,CL,98.70999908447266,436700
2026-03-16,CL,93.5,455454
2026-03-17,CL,96.20999908447266,308425
2026-03-18,CL,96.31999969482422,157222
2026-03-19,CL,96.13999938964844,118719
2026-03-20,CL,98.31999969482422,461845
2026-03-23,CL,88.12999725341797,666790
2026-03-24,CL,92.3499984741211,420067
2026-03-25,CL,90.31999969482422,405170
2026-03-26,CL,94.4800033569336,350768
2026-03-27,CL,99.63999938964844,374920
2026-03-30,CL,102.87999725341797,374075
2026-03-31,CL,101.37999725341797,495395
2026-04-01,CL,100.12000274658203,434561
2026-04-02,CL,111.54000091552734,0
2026-04-06,CL,112.41000366210938,271742
2026-04-07,CL,112.94999694824219,429331
2026-04-08,CL,94.41000366210938,599576
2026-04-09,CL,97.87000274658203,427201
2026-04-10,CL,96.56999969482422,314855
2026-04-13,CL,99.08000183105469,344337
2026-04-14,CL,91.27999877929688,315821
2026-04-15,CL,91.29000091552734,240397
2026-04-16,CL,94.69000244140625,194354
2026-04-17,CL,83.8499984741211,116624
2026-04-20,CL,89.61000061035156,115578
2026-04-21,CL,92.12999725341797,383596
2026-04-22,CL,92.95999908447266,299675
2026-04-23,CL,95.8499984741211,365210
2026-04-24,CL,94.4000015258789,330280
2026-04-27,CL,96.37000274658203,219055
2026-04-28,CL,99.93000030517578,281078
2026-04-29,CL,106.87999725341797,318841
2026-04-30,CL,105.06999969482422,341994
2026-05-01,CL,101.94000244140625,268707
2026-05-04,CL,106.41999816894531,342843
2026-05-05,CL,102.2699966430664,241150
2026-05-06,CL,95.08000183105469,423491
2026-05-07,CL,94.80999755859375,392091
2026-05-08,CL,95.41999816894531,243423
2026-05-11,CL,98.06999969482422,256251
2026-05-12,CL,102.18000030517578,231747
2026-05-13,CL,101.0199966430664,212582
2026-05-14,CL,101.16999816894531,173862
2026-05-15,CL,105.41999816894531,96552
2026-05-18,CL,108.66000366210938,117910
2026-05-19,CL,107.7699966430664,206472
2026-05-20,CL,98.26000213623047,320034
2026-05-21,CL,96.3499984741211,345482
2026-05-22,CL,96.5999984741211,261142
2026-05-26,CL,93.88999938964844,358867
2026-05-27,CL,88.68000030517578,290948
2026-05-28,CL,88.9000015258789,235145
2026-05-29,CL,87.36000061035156,267803
2026-06-01,CL,92.16000366210938,322039
2026-06-02,CL,93.76000213623047,238146
2026-06-03,CL,96.0199966430664,260613
2026-06-04,CL,93.04000091552734,219500
2026-06-05,CL,90.54000091552734,252903
2026-06-08,CL,91.30000305175781,278650
2026-06-09,CL,88.19999694824219,306101
2026-06-10,CL,90.02999877929688,291935
2026-06-11,CL,87.70999908447266,317151
2026-06-12,CL,84.87999725341797,233924
2026-06-15,CL,80.75,208395
2026-06-16,CL,76.05000305175781,205050
2026-06-17,CL,76.79000091552734,100474
2026-06-18,CL,76.5999984741211,97813
2026-06-22,CL,74.81999969482422,315903
2026-06-23,CL,73.20999908447266,203509
2026-06-24,CL,70.33999633789062,251403
2026-06-25,CL,71.91999816894531,228065
2026-06-26,CL,69.2300033569336,249316
2026-06-29,CL,70.75,170488
2026-06-30,CL,69.5,194279
2026-07-01,CL,68.58000183105469,200004
2026-07-02,CL,68.69000244140625,183635
2026-07-06,CL,68.55000305175781,229909
2026-07-07,CL,70.44000244140625,264072
2026-07-08,CL,73.5199966430664,445251
2026-07-09,CL,72.08000183105469,264009
2026-07-10,CL,71.41000366210938,219817
2026-07-13,CL,78.13999938964844,327411
2026-07-14,CL,79.33999633789062,409973
2026-07-15,CL,79.5999984741211,239855
2026-07-16,CL,78.94999694824219,188731
2026-07-17,CL,82.48999786376953,96003
2026-07-20,CL,83.2300033569336,99783
2026-07-21,CL,84.91000366210938,298109
2026-07-22,CL,86.83000183105469,358021
2026-07-23,CL,92.19000244140625,401934
2026-07-24,CL,89.30999755859375,365438
2026-07-27,CL,82.61000061035156,352813
2026-07-28,CL,79.26000213623047,368026
2026-07-29,CL,84.45999908447266,327417
2026-07-30,CL,83.58999633789062,235395
2026-07-31,CL,84.66999816894531,257851
2026-08-03,CL,80.33999633789062,294823
2026-08-04,CL,75.7699966430664,362270
2026-08-05,CL,75.22000122070312,259965
2026-08-06,CL,77.29000091552734,246260
2026-08-07,CL,78.18000030517578,241222
2026-08-10,CL,82.12999725341797,271132
2026-08-11,CL,83.19999694824219,283823
2026-08-12,CL,83.2699966430664,250779
2026-08-13,CL,81.25,245842
2026-08-14,CL,82.4000015258789,192132
2026-08-17,CL,84.5,180066
2026-08-18,CL,84.94000244140625,90110
2026-08-19,CL,85.83000183105469,98764
2026-08-20,CL,87.83000183105469,262550
2026-08-21,CL,87.05999755859375,228718
2026-08-24,CL,85.01000213623047,219422
2026-08-25,CL,82.36000061035156,282408
2026-08-26,CL,82.2300033569336,255920
2026-08-27,CL,83.52999877929688,220113
2026-08-28,CL,83.4000015258789,167615
2026-08-31,CL,85.76000213623047,235761
2026-09-01,CL,90.22000122070312,331106
2026-09-02,CL,91.01000213623047,283450
2026-09-03,CL,91.30000305175781,324521
2026-09-04,CL,91.4800033569336,273129
2026-09-08,CL,93.02999877929688,435231
2026-09-09,CL,96.05000305175781,325209
2026-09-10,CL,102.4800033569336,437382
2026-09-11,CL,100.05000305175781,399142
2026-09-14,CL,101.38999938964844,413090
2026-09-15,CL,105.83000183105469,371490
2026-09-16,CL,102.43000030517578,301167
2026-09-17,CL,101.91000366210938,265972
2026-09-18,CL,96.08000183105469,300567
2021-09-20,NG,4.985000133514404,156870
2021-09-21,NG,4.804999828338623,163097
2021-09-22,NG,4.804999828338623,108777
2021-09-23,NG,4.97599983215332,105201
2021-09-24,NG,5.139999866485596,47436
2021-09-27,NG,5.705999851226807,63065
2021-09-28,NG,5.841000080108643,338968
2021-09-29,NG,5.4770002365112305,226344
2021-09-30,NG,5.867000102996826,243240
2021-10-01,NG,5.61899995803833,178941
2021-10-04,NG,5.765999794006348,209582
2021-10-05,NG,6.311999797821045,219522
2021-10-06,NG,5.675000190734863,274653
2021-10-07,NG,5.677000045776367,239503
2021-10-08,NG,5.565000057220459,163349
2021-10-11,NG,5.34499979019165,188699
2021-10-12,NG,5.505000114440918,215447
2021-10-13,NG,5.590000152587891,198786
2021-10-14,NG,5.686999797821045,169162
2021-10-15,NG,5.409999847412109,184583
2021-10-18,NG,4.988999843597412,167896
2021-10-19,NG,5.0879998207092285,152725
2021-10-20,NG,5.170000076293945,140026
2021-10-21,NG,5.114999771118164,107707
2021-10-22,NG,5.28000020980835,74365
2021-10-25,NG,5.8979997634887695,50883
2021-10-26,NG,5.881999969482422,50705
2021-10-27,NG,6.202000141143799,187421
2021-10-28,NG,5.7820000648498535,165632
2021-10-29,NG,5.426000118255615,154410
2021-11-01,NG,5.185999870300293,163258
2021-11-02,NG,5.541999816894531,153757
2021-11-03,NG,5.670000076293945,141498
2021-11-04,NG,5.716000080108643,147035
2021-11-05,NG,5.515999794006348,133344
2021-11-08,NG,5.427000045776367,154221
2021-11-09,NG,4.979000091552734,202741
2021-11-10,NG,4.880000114440918,170388
2021-11-11,NG,5.14900016784668,135953
2021-11-12,NG,4.790999889373779,137099
2021-11-15,NG,5.017000198364258,117666
2021-11-16,NG,5.177000045776367,141140
2021-11-17,NG,4.815999984741211,145607
2021-11-18,NG,4.9019999504089355,111027
2021-11-19,NG,5.065000057220459,110058
2021-11-22,NG,4.789000034332275,96186
2021-11-23,NG,4.9670000076293945,47431
2021-11-24,NG,5.067999839782715,40864
2021-11-26,NG,5.447000026702881,141778
2021-11-29,NG,4.854000091552734,172471
2021-11-30,NG,4.566999912261963,171822
2021-12-01,NG,4.257999897003174,171938
2021-12-02,NG,4.056000232696533,145506
2021-12-03,NG,4.131999969482422,124765
2021-12-06,NG,3.6570000648498535,176715
2021-12-07,NG,3.7079999446868896,162973
2021-12-08,NG,3.815000057220459,146872
2021-12-09,NG,3.813999891281128,141107
2021-12-10,NG,3.924999952316284,133283
2021-12-13,NG,3.7939999103546143,162586
2021-12-14,NG,3.746999979019165,116826
2021-12-15,NG,3.802000045776367,110311
2021-12-16,NG,3.7660000324249268,122851
2021-12-17,NG,3.690000057220459,101625
2021-12-20,NG,3.8340001106262207,128582
2021-12-21,NG,3.86899995803833,128438
2021-12-22,NG,3.9760000705718994,86619
2021-12-23,NG,3.7309999465942383,82233
2021-12-27,NG,4.059999942779541,38911
2021-12-28,NG,4.054999828338623,35643
2021-12-29,NG,4.02400016784668,141906
2021-12-30,NG,3.561000108718872,124667
2021-12-31,NG,3.7300000190734863,93098
2022-01-03,NG,3.815000057220459,99069
2022-01-04,NG,3.7170000076293945,133394
2022-01-05,NG,3.881999969482422,96811
2022-01-06,NG,3.812000036239624,116579
2022-01-07,NG,3.9159998893737793,127012
2022-01-10,NG,4.078999996185303,177628
2022-01-11,NG,4.249000072479248,121623
2022-01-12,NG,4.85699987411499,217499
2022-01-13,NG,4.269999980926514,221612
2022-01-14,NG,4.26200008392334,108856
2022-01-18,NG,4.2829999923706055,119454
2022-01-19,NG,4.031000137329102,116542
2022-01-20,NG,3.802000045776367,104199
2022-01-21,NG,3.999000072479248,70256
2022-01-24,NG,4.0269999504089355,47100
2022-01-25,NG,4.052999973297119,23443
2022-01-26,NG,4.2769999504089355,44321
2022-01-27,NG,6.264999866485596,193252
2022-01-28,NG,4.638999938964844,263418
2022-01-31,NG,4.874000072479248,156746
2022-02-01,NG,4.750999927520752,140785
2022-02-02,NG,5.500999927520752,305898
2022-02-03,NG,4.888000011444092,205841
2022-02-04,NG,4.572000026702881,152119
2022-02-07,NG,4.23199987411499,192859
2022-02-08,NG,4.248000144958496,154444
2022-02-09,NG,4.008999824523926,154599
2022-02-10,NG,3.9590001106262207,141740
2022-02-11,NG,3.940999984741211,177373
2022-02-14,NG,4.195000171661377,121204
2022-02-15,NG,4.306000232696533,141954
2022-02-16,NG,4.7170000076293945,155480
2022-02-17,NG,4.486000061035156,117789
2022-02-18,NG,4.431000232696533,73219
2022-02-22,NG,4.498000144958496,42641
2022-02-23,NG,4.623000144958496,47180
2022-02-24,NG,4.567999839782715,184107
2022-02-25,NG,4.46999979019165,114859
2022-02-28,NG,4.4019999504089355,107186
2022-03-01,NG,4.572999954223633,112546
2022-03-02,NG,4.76200008392334,141694
2022-03-03,NG,4.7220001220703125,137151
2022-03-04,NG,5.015999794006348,125385
2022-03-07,NG,4.833000183105469,130864
2022-03-08,NG,4.5269999504089355,159168
2022-03-09,NG,4.526000022888184,95126
2022-03-10,NG,4.63100004196167,81807
2022-03-11,NG,4.724999904632568,84506
2022-03-14,NG,4.6579999923706055,73961
2022-03-15,NG,4.567999839782715,86943
2022-03-16,NG,4.748000144958496,80521
2022-03-17,NG,4.989999771118164,93844
2022-03-18,NG,4.86299991607666,67268
2022-03-21,NG,4.900000095367432,75457
2022-03-22,NG,5.186999797821045,122753
2022-03-23,NG,5.23199987411499,74535
2022-03-24,NG,5.401000022888184,84230
2022-03-25,NG,5.571000099182129,29472
2022-03-28,NG,5.507999897003174,33907
2022-03-29,NG,5.335999965667725,111300
2022-03-30,NG,5.605000019073486,117845
2022-03-31,NG,5.642000198364258,159717
2022-04-01,NG,5.71999979019165,178521
2022-04-04,NG,5.711999893188477,137180
2022-04-05,NG,6.0320000648498535,158216
2022-04-06,NG,6.0289998054504395,166720
2022-04-07,NG,6.359000205993652,199510
2022-04-08,NG,6.2779998779296875,188342
2022-04-11,NG,6.64300012588501,177957
2022-04-12,NG,6.679999828338623,234248
2022-04-13,NG,6.997000217437744,210551
2022-04-14,NG,7.300000190734863,214218
2022-04-18,NG,7.820000171661377,191084
2022-04-19,NG,7.176000118255615,236995
2022-04-20,NG,6.936999797821045,157958
2022-04-21,NG,6.956999778747559,145263
2022-04-22,NG,6.533999919891357,80599
2022-04-25,NG,6.669000148773193,32516
2022-04-26,NG,6.849999904632568,41407
2022-04-27,NG,7.267000198364258,155327
2022-04-28,NG,6.888000011444092,139569
2022-04-29,NG,7.24399995803833,109239
2022-05-02,NG,7.474999904632568,110917
2022-05-03,NG,7.953999996185303,153339
2022-05-04,NG,8.414999961853027,132317
2022-05-05,NG,8.782999992370605,160163
2022-05-06,NG,8.043000221252441,168297
2022-05-09,NG,7.026000022888184,202616
2022-05-10,NG,7.385000228881836,185464
2022-05-11,NG,7.639999866485596,120930
2022-05-12,NG,7.738999843597412,107056
2022-05-13,NG,7.663000106811523,85042
2022-05-16,NG,7.955999851226807,93521
2022-05-17,NG,8.303999900817871,76666
2022-05-18,NG,8.368000030517578,80717
2022-05-19,NG,8.307999610900879,90577
2022-05-20,NG,8.083000183105469,85458
2022-05-23,NG,8.744000434875488,65546
2022-05-24,NG,8.795999526977539,31660
2022-05-25,NG,8.970999717712402,37393
2022-05-26,NG,8.907999992370605,163265
2022-05-27,NG,8.72700023651123,107093
2022-05-31,NG,8.145000457763672,125484
2022-06-01,NG,8.696000099182129,111962
2022-06-02,NG,8.484999656677246,119011
2022-06-03,NG,8.52299976348877,75228
2022-06-06,NG,9.321999549865723,129103
2022-06-07,NG,9.293000221252441,140029
2022-06-08,NG,8.699000358581543,250296
2022-06-09,NG,8.963000297546387,244480
2022-06-10,NG,8.850000381469727,134611
2022-06-13,NG,8.609000205993652,167556
2022-06-14,NG,7.189000129699707,273717
2022-06-15,NG,7.420000076293945,123589
2022-06-16,NG,7.464000225067139,137433
2022-06-17,NG,6.943999767303467,103759
2022-06-21,NG,6.808000087738037,120010
2022-06-22,NG,6.857999801635742,92473
2022-06-23,NG,6.238999843597412,78031
2022-06-24,NG,6.21999979019165,26571
2022-06-27,NG,6.500999927520752,33103
2022-06-28,NG,6.551000118255615,90792
2022-06-29,NG,6.498000144958496,82205
2022-06-30,NG,5.423999786376953,182579
2022-07-01,NG,5.730000019073486,106967
2022-07-05,NG,5.5229997634887695,110174
2022-07-06,NG,5.510000228881836,73506
2022-07-07,NG,6.296999931335449,127670
2022-07-08,NG,6.033999919891357,107326
2022-07-11,NG,6.426000118255615,109392
2022-07-12,NG,6.163000106811523,132046
2022-07-13,NG,6.689000129699707,116805
2022-07-14,NG,6.599999904632568,121044
2022-07-15,NG,7.015999794006348,105875
2022-07-18,NG,7.479000091552734,91133
2022-07-19,NG,7.263999938964844,96160
2022-07-20,NG,8.006999969482422,120860
2022-07-21,NG,7.932000160217285,96422
2022-07-22,NG,8.298999786376953,52813
2022-07-25,NG,8.72700023651123,33164
2022-07-26,NG,8.993000030517578,38204
2022-07-27,NG,8.687000274658203,105217
2022-07-28,NG,8.133999824523926,89237
2022-07-29,NG,8.229000091552734,77774
2022-08-01,NG,8.282999992370605,104021
2022-08-02,NG,7.705999851226807,106080
2022-08-03,NG,8.265999794006348,134210
2022-08-04,NG,8.121999740600586,102540
2022-08-05,NG,8.064000129699707,111704
2022-08-08,NG,7.589000225067139,117789
2022-08-09,NG,7.833000183105469,88511
2022-08-10,NG,8.20199966430664,111811
2022-08-11,NG,8.87399959564209,141751
2022-08-12,NG,8.767999649047852,68126
2022-08-15,NG,8.727999687194824,80221
2022-08-16,NG,9.329000473022461,104087
2022-08-17,NG,9.244000434875488,88675
2022-08-18,NG,9.187999725341797,112102
2022-08-19,NG,9.336000442504883,69809
2022-08-22,NG,9.680000305175781,92412
2022-08-23,NG,9.192999839782715,118634
2022-08-24,NG,9.329999923706055,50496
2022-08-25,NG,9.375,25827
2022-08-26,NG,9.295999526977539,33977
2022-08-29,NG,9.352999687194824,89284
2022-08-30,NG,9.041999816894531,76599
2022-08-31,NG,9.126999855041504,86294
2022-09-01,NG,9.26200008392334,94244
2022-09-02,NG,8.78600025177002,103166
2022-09-06,NG,8.145000457763672,149360
2022-09-07,NG,7.8420000076293945,127189
2022-09-08,NG,7.914999961853027,105989
2022-09-09,NG,7.995999813079834,90496
2022-09-12,NG,8.24899959564209,106172
2022-09-13,NG,8.284000396728516,108829
2022-09-14,NG,9.11400032043457,137213
2022-09-15,NG,8.324000358581543,127214
2022-09-16,NG,7.763999938964844,96572
2022-09-19,NG,7.751999855041504,87547
2022-09-20,NG,7.7170000076293945,80107
2022-09-21,NG,7.7789998054504395,98568
2022-09-22,NG,7.089000225067139,136340
2022-09-23,NG,6.828000068664551,73669
2022-09-26,NG,6.9029998779296875,24604
2022-09-27,NG,6.651000022888184,36366
2022-09-28,NG,6.868000030517578,98396
2022-09-29,NG,6.874000072479248,85719
2022-09-30,NG,6.765999794006348,97372
2022-10-03,NG,6.46999979019165,104483
2022-10-04,NG,6.836999893188477,121681
2022-10-05,NG,6.929999828338623,80869
2022-10-06,NG,6.9720001220703125,109938
2022-10-07,NG,6.748000144958496,124707
2022-10-10,NG,6.434999942779541,114235
2022-10-11,NG,6.5960001945495605,106885
2022-10-12,NG,6.434999942779541,112382
2022-10-13,NG,6.741000175476074,131392
2022-10-14,NG,6.453000068664551,96729
2022-10-17,NG,5.999000072479248,132424
2022-10-18,NG,5.744999885559082,102085
2022-10-19,NG,5.461999893188477,107157
2022-10-20,NG,5.357999801635742,104216
2022-10-21,NG,4.959000110626221,101734
2022-10-24,NG,5.198999881744385,69672
2022-10-25,NG,5.61299991607666,39947
2022-10-26,NG,5.605999946594238,36778
2022-10-27,NG,5.185999870300293,118808
2022-10-28,NG,5.684000015258789,84706
2022-10-31,NG,6.355000019073486,128751
2022-11-01,NG,5.714000225067139,136649
2022-11-02,NG,6.26800012588501,104854
2022-11-03,NG,5.974999904632568,98527
2022-11-04,NG,6.400000095367432,117251
2022-11-07,NG,6.943999767303467,171262
2022-11-08,NG,6.138000011444092,146540
2022-11-09,NG,5.864999771118164,134654
2022-11-10,NG,6.238999843597412,101637
2022-11-11,NG,5.879000186920166,110492
2022-11-14,NG,5.933000087738037,110910
2022-11-15,NG,6.033999919891357,76925
2022-11-16,NG,6.199999809265137,112921
2022-11-17,NG,6.36899995803833,106768
2022-11-18,NG,6.302999973297119,102563
2022-11-21,NG,6.776000022888184,107821
2022-11-22,NG,6.7789998054504395,73116
2022-11-23,NG,7.308000087738037,59054
2022-11-25,NG,7.02400016784668,35506
2022-11-28,NG,6.711999893188477,105914
2022-11-29,NG,7.235000133514404,101680
2022-11-30,NG,6.929999828338623,107306
2022-12-01,NG,6.73799991607666,94563
2022-12-02,NG,6.281000137329102,115609
2022-12-05,NG,5.577000141143799,167674
2022-12-06,NG,5.468999862670898,131231
2022-12-07,NG,5.7230000495910645,172964
2022-12-08,NG,5.961999893188477,154504
2022-12-09,NG,6.244999885559082,160027
2022-12-12,NG,6.586999893188477,171431
2022-12-13,NG,6.934999942779541,168109
2022-12-14,NG,6.429999828338623,139039
2022-12-15,NG,6.96999979019165,139782
2022-12-16,NG,6.599999904632568,116642
2022-12-19,NG,5.85099983215332,121279
2022-12-20,NG,5.326000213623047,123996
2022-12-21,NG,5.331999778747559,89444
2022-12-22,NG,4.999000072479248,66757
2022-12-23,NG,5.078999996185303,42105
2022-12-27,NG,5.2820000648498535,41154
2022-12-28,NG,4.709000110626221,115022
2022-12-29,NG,4.559000015258789,78441
2022-12-30,NG,4.474999904632568,62281
2023-01-03,NG,3.98799991607666,116837
2023-01-04,NG,4.171999931335449,99759
2023-01-05,NG,3.7200000286102295,116682
2023-01-06,NG,3.7100000381469727,105050
2023-01-09,NG,3.9100000858306885,130276
2023-01-10,NG,3.6389999389648438,112231
2023-01-11,NG,3.6710000038146973,133203
2023-01-12,NG,3.694999933242798,123743
2023-01-13,NG,3.4189999103546143,112096
2023-01-17,NG,3.5859999656677246,143310
2023-01-18,NG,3.311000108718872,119853
2023-01-19,NG,3.2750000953674316,99670
2023-01-20,NG,3.1740000247955322,106735
2023-01-23,NG,3.447000026702881,130377
2023-01-24,NG,3.257999897003174,62585
2023-01-25,NG,3.066999912261963,40750
2023-01-26,NG,2.944000005722046,47669
2023-01-27,NG,3.1089999675750732,128689
2023-01-30,NG,2.677000045776367,167291
2023-01-31,NG,2.684000015258789,145544
2023-02-01,NG,2.4679999351501465,210664
2023-02-02,NG,2.4560000896453857,160777
2023-02-03,NG,2.4100000858306885,145394
2023-02-06,NG,2.4570000171661377,138819
2023-02-07,NG,2.5840001106262207,228475
2023-02-08,NG,2.3959999084472656,204605
2023-02-09,NG,2.430000066757202,227981
2023-02-10,NG,2.5139999389648438,230687
2023-02-13,NG,2.4049999713897705,251399
2023-02-14,NG,2.566999912261963,169804
2023-02-15,NG,2.4709999561309814,147505
2023-02-16,NG,2.3889999389648438,141459
2023-02-17,NG,2.2750000953674316,133999
2023-02-21,NG,2.072999954223633,108507
2023-02-22,NG,2.1740000247955322,57853
2023-02-23,NG,2.313999891281128,57085
2023-02-24,NG,2.4509999752044678,168130
2023-02-27,NG,2.7309999465942383,238896
2023-02-28,NG,2.746999979019165,160843
2023-03-01,NG,2.811000108718872,157116
2023-03-02,NG,2.765000104904175,134243
2023-03-03,NG,3.009000062942505,185066
2023-03-06,NG,2.572000026702881,246373
2023-03-07,NG,2.687000036239624,149484
2023-03-08,NG,2.5510001182556152,132610
2023-03-09,NG,2.5429999828338623,138147
2023-03-10,NG,2.430000066757202,127165
2023-03-13,NG,2.6059999465942383,146573
2023-03-14,NG,2.572999954223633,93916
2023-03-15,NG,2.438999891281128,132196
2023-03-16,NG,2.5139999389648438,114147
2023-03-17,NG,2.3380000591278076,118455
2023-03-20,NG,2.2230000495910645,110519
2023-03-21,NG,2.3480000495910645,138551
2023-03-22,NG,2.1710000038146973,121562
2023-03-23,NG,2.1540000438690186,87692
2023-03-24,NG,2.2160000801086426,55636
2023-03-27,NG,2.0880000591278076,39811
2023-03-28,NG,2.0299999713897705,62598
2023-03-29,NG,1.9910000562667847,155175
2023-03-30,NG,2.1040000915527344,153725
2023-03-31,NG,2.2160000801086426,164651
2023-04-03,NG,2.0969998836517334,173583
2023-04-04,NG,2.1059999465942383,149115
2023-04-05,NG,2.1549999713897705,147112
2023-04-06,NG,2.010999917984009,0
2023-04-10,NG,2.171999931335449,256800
2023-04-11,NG,2.186000108718872,220673
2023-04-12,NG,2.0929999351501465,247319
2023-04-13,NG,2.006999969482422,224382
2023-04-14,NG,2.114000082015991,226788
2023-04-17,NG,2.2750000953674316,191441
2023-04-18,NG,2.365999937057495,120611
2023-04-19,NG,2.2219998836517334,147565
2023-04-20,NG,2.249000072479248,115594
2023-04-21,NG,2.2330000400543213,82961
2023-04-24,NG,2.2730000019073486,56324
2023-04-25,NG,2.306999921798706,66131
2023-04-26,NG,2.117000102996826,149625
2023-04-27,NG,2.3550000190734863,105218
2023-04-28,NG,2.4100000858306885,176420
2023-05-01,NG,2.318000078201294,108993
2023-05-02,NG,2.2139999866485596,127225
2023-05-03,NG,2.1700000762939453,130327
2023-05-04,NG,2.1010000705718994,113278
2023-05-05,NG,2.13700008392334,120689
2023-05-08,NG,2.23799991607666,125345
2023-05-09,NG,2.2669999599456787,134534
2023-05-10,NG,2.190999984741211,126485
2023-05-11,NG,2.190000057220459,119033
2023-05-12,NG,2.2660000324249268,159351
2023-05-15,NG,2.375,142753
2023-05-16,NG,2.375999927520752,135427
2023-05-17,NG,2.365000009536743,139262
2023-05-18,NG,2.5920000076293945,186293
2023-05-19,NG,2.5850000381469727,162128
2023-05-22,NG,2.4000000953674316,114478
2023-05-23,NG,2.321000099182129,58742
2023-05-24,NG,2.3980000019073486,33040
2023-05-25,NG,2.306999921798706,48663
2023-05-26,NG,2.180999994277954,140560
2023-05-30,NG,2.3269999027252197,183534
2023-05-31,NG,2.2660000324249268,151831
2023-06-01,NG,2.1579999923706055,210624
2023-06-02,NG,2.171999931335449,155169
2023-06-05,NG,2.244999885559082,149918
2023-06-06,NG,2.26200008392334,147732
2023-06-07,NG,2.3289999961853027,182391
2023-06-08,NG,2.3519999980926514,217008
2023-06-09,NG,2.253999948501587,169479
2023-06-12,NG,2.2660000324249268,174479
2023-06-13,NG,2.3399999141693115,179755
2023-06-14,NG,2.3420000076293945,141175
2023-06-15,NG,2.5329999923706055,260280
2023-06-16,NG,2.631999969482422,194535
2023-06-20,NG,2.492000102996826,198217
2023-06-21,NG,2.5969998836517334,125413
2023-06-22,NG,2.6080000400543213,109156
2023-06-23,NG,2.7290000915527344,84433
2023-06-26,NG,2.7909998893737793,31600
2023-06-27,NG,2.763000011444092,71154
2023-06-28,NG,2.6029999256134033,137907
2023-06-29,NG,2.7009999752044678,118610
2023-06-30,NG,2.7980000972747803,147265
2023-07-03,NG,2.7090001106262207,79618
2023-07-05,NG,2.6570000648498535,124912
2023-07-06,NG,2.6089999675750732,109301
2023-07-07,NG,2.5820000171661377,103593
2023-07-10,NG,2.6689999103546143,124495
2023-07-11,NG,2.7309999465942383,130580
2023-07-12,NG,2.631999969482422,149633
2023-07-13,NG,2.5450000762939453,148019
2023-07-14,NG,2.5390000343322754,134591
2023-07-17,NG,2.51200008392334,110913
2023-07-18,NG,2.628999948501587,134874
2023-07-19,NG,2.6029999256134033,102069
2023-07-20,NG,2.756999969482422,165848
2023-07-21,NG,2.7130000591278076,94148
2023-07-24,NG,2.684999942779541,54167
2023-07-25,NG,2.7300000190734863,35545
2023-07-26,NG,2.6649999618530273,37310
2023-07-27,NG,2.492000102996826,166760
2023-07-28,NG,2.638000011444092,136505
2023-07-31,NG,2.634000062942505,97877
2023-08-01,NG,2.559999942779541,135522
2023-08-02,NG,2.4769999980926514,147612
2023-08-03,NG,2.565000057220459,139151
2023-08-04,NG,2.5769999027252197,104012
2023-08-07,NG,2.7249999046325684,228905
2023-08-08,NG,2.7769999504089355,186795
2023-08-09,NG,2.9590001106262207,312252
2023-08-10,NG,2.763000011444092,230514
2023-08-11,NG,2.7699999809265137,163958
2023-08-14,NG,2.7950000762939453,93502
2023-08-15,NG,2.6589999198913574,158887
2023-08-16,NG,2.5920000076293945,142515
2023-08-17,NG,2.621000051498413,119544
2023-08-18,NG,2.5510001182556152,128027
2023-08-21,NG,2.631999969482422,102634
2023-08-22,NG,2.559999942779541,111965
2023-08-23,NG,2.496999979019165,93844
2023-08-24,NG,2.5190000534057617,76080
2023-08-25,NG,2.5399999618530273,31329
2023-08-28,NG,2.5789999961853027,58220
2023-08-29,NG,2.555999994277954,145380
2023-08-30,NG,2.7960000038146973,146876
2023-08-31,NG,2.7679998874664307,176016
2023-09-01,NG,2.765000104904175,127248
2023-09-05,NG,2.5820000171661377,178329
2023-09-06,NG,2.509999990463257,116663
2023-09-07,NG,2.5789999961853027,140334
2023-09-08,NG,2.6050000190734863,101228
2023-09-11,NG,2.6080000400543213,110879
2023-09-12,NG,2.743000030517578,202189
2023-09-13,NG,2.680000066757202,191712
2023-09-14,NG,2.7079999446868896,154082
2023-09-15,NG,2.6440000534057617,127780
2023-09-18,NG,2.7279999256134033,128308
2023-09-19,NG,2.8480000495910645,164806
2023-09-20,NG,2.7330000400543213,140309
2023-09-21,NG,2.609999895095825,99971
2023-09-22,NG,2.63700008392334,52641
2023-09-25,NG,2.6389999389648438,36175
2023-09-26,NG,2.6559998989105225,57087
2023-09-27,NG,2.7639999389648438,136011
2023-09-28,NG,2.944999933242798,123674
2023-09-29,NG,2.928999900817871,114663
2023-10-02,NG,2.8399999141693115,124338
2023-10-03,NG,2.9489998817443848,128578
2023-10-04,NG,2.9619998931884766,155568
2023-10-05,NG,3.1659998893737793,220407
2023-10-06,NG,3.3380000591278076,247997
2023-10-09,NG,3.375999927520752,208300
2023-10-10,NG,3.381999969482422,170101
2023-10-11,NG,3.377000093460083,211414
2023-10-12,NG,3.3440001010894775,160315
2023-10-13,NG,3.2360000610351562,139194
2023-10-16,NG,3.1089999675750732,165019
2023-10-17,NG,3.0789999961853027,133591
2023-10-18,NG,3.055999994277954,122851
2023-10-19,NG,2.9570000171661377,138650
2023-10-20,NG,2.8989999294281006,144044
2023-10-23,NG,2.9260001182556152,99128
2023-10-24,NG,2.9709999561309814,65427
2023-10-25,NG,3.009999990463257,31461
2023-10-26,NG,3.2139999866485596,88611
2023-10-27,NG,3.1640000343322754,140955
2023-10-30,NG,3.3519999980926514,119526
2023-10-31,NG,3.575000047683716,238330
2023-11-01,NG,3.49399995803833,151262
2023-11-02,NG,3.4719998836517334,118508
2023-11-03,NG,3.515000104904175,110113
2023-11-06,NG,3.2639999389648438,185742
2023-11-07,NG,3.140000104904175,186182
2023-11-08,NG,3.1059999465942383,172750
2023-11-09,NG,3.0409998893737793,142578
2023-11-10,NG,3.0329999923706055,106720
2023-11-13,NG,3.197000026702881,165652
2023-11-14,NG,3.1059999465942383,146724
2023-11-15,NG,3.190000057220459,153744
2023-11-16,NG,3.062000036239624,179663
2023-11-17,NG,2.9600000381469727,159777
2023-11-20,NG,2.881999969482422,113704
2023-11-21,NG,2.8459999561309814,103671
2023-11-22,NG,2.8970000743865967,59224
2023-11-23,NG,2.934000015258789,59224
2023-11-24,NG,2.8550000190734863,34118
2023-11-27,NG,2.7939999103546143,67039
2023-11-28,NG,2.7060000896453857,187190
2023-11-29,NG,2.803999900817871,141591
2023-11-30,NG,2.802000045776367,147752
2023-12-01,NG,2.813999891281128,133190
2023-12-04,NG,2.694000005722046,161786
2023-12-05,NG,2.7100000381469727,119974
2023-12-06,NG,2.569000005722046,218374
2023-12-07,NG,2.5850000381469727,248396
2023-12-08,NG,2.5810000896453857,190998
2023-12-11,NG,2.430999994277954,330300
2023-12-12,NG,2.311000108718872,223455
2023-12-13,NG,2.3350000381469727,255188
2023-12-14,NG,2.3919999599456787,159486
2023-12-15,NG,2.490999937057495,189244
2023-12-18,NG,2.503000020980835,154295
2023-12-19,NG,2.492000102996826,170435
2023-12-20,NG,2.447000026702881,125263
2023-12-21,NG,2.572000026702881,84545
2023-12-22,NG,2.609999895095825,42835
2023-12-26,NG,2.549999952316284,50762
2023-12-27,NG,2.61899995803833,129265
2023-12-28,NG,2.556999921798706,116059
2023-12-29,NG,2.5139999389648438,89598
2024-01-02,NG,2.568000078201294,132454
2024-01-03,NG,2.6679999828338623,166472
2024-01-04,NG,2.821000099182129,206311
2024-01-05,NG,2.8929998874664307,187503
2024-01-08,NG,2.9800000190734863,237672
2024-01-09,NG,3.190000057220459,351780
2024-01-10,NG,3.0390000343322754,258013
2024-01-11,NG,3.0969998836517334,235033
2024-01-12,NG,3.312999963760376,265883
2024-01-16,NG,2.9000000953674316,228164
2024-01-17,NG,2.869999885559082,150330
2024-01-18,NG,2.697000026702881,151819
2024-01-19,NG,2.5190000534057617,138427
2024-01-22,NG,2.4189999103546143,121583
2024-01-23,NG,2.450000047683716,69155
2024-01-24,NG,2.6410000324249268,65497
2024-01-25,NG,2.571000099182129,44984
2024-01-26,NG,2.7119998931884766,73015
2024-01-29,NG,2.490000009536743,164621
2024-01-30,NG,2.0769999027252197,139745
2024-01-31,NG,2.0999999046325684,142856
2024-02-01,NG,2.049999952316284,161340
2024-02-02,NG,2.0789999961853027,125062
2024-02-05,NG,2.0820000171661377,136031
2024-02-06,NG,2.009000062942505,137680
2024-02-07,NG,1.9670000076293945,204064
2024-02-08,NG,1.9170000553131104,237169
2024-02-09,NG,1.847000002861023,247314
2024-02-12,NG,1.7680000066757202,242152
2024-02-13,NG,1.6890000104904175,286586
2024-02-14,NG,1.6089999675750732,208956
2024-02-15,NG,1.5809999704360962,183342
2024-02-16,NG,1.6089999675750732,170384
2024-02-20,NG,1.5759999752044678,201471
2024-02-21,NG,1.7730000019073486,170658
2024-02-22,NG,1.7319999933242798,87803
2024-02-23,NG,1.6030000448226929,47590
2024-02-26,NG,1.659000039100647,110505
2024-02-27,NG,1.6150000095367432,179943
2024-02-28,NG,1.8849999904632568,149429
2024-02-29,NG,1.8600000143051147,141543
2024-03-01,NG,1.8350000381469727,105501
2024-03-04,NG,1.9160000085830688,185412
2024-03-05,NG,1.9570000171661377,142113
2024-03-06,NG,1.9290000200271606,107219
2024-03-07,NG,1.8179999589920044,173658
2024-03-08,NG,1.8049999475479126,143794
2024-03-11,NG,1.7589999437332153,159954
2024-03-12,NG,1.7139999866485596,199589
2024-03-13,NG,1.6579999923706055,176633
2024-03-14,NG,1.7410000562667847,168141
2024-03-15,NG,1.6549999713897705,154729
2024-03-18,NG,1.7029999494552612,137349
2024-03-19,NG,1.74399995803833,128064
2024-03-20,NG,1.6990000009536743,115068
2024-03-21,NG,1.6829999685287476,77701
2024-03-22,NG,1.659000039100647,44514
2024-03-25,NG,1.6150000095367432,84776
2024-03-26,NG,1.5750000476837158,123173
2024-03-27,NG,1.718000054359436,144888
2024-03-28,NG,1.7630000114440918,155745
2024-04-01,NG,1.8370000123977661,169145
2024-04-02,NG,1.8619999885559082,170434
2024-04-03,NG,1.840999960899353,133034
2024-04-04,NG,1.7740000486373901,179437
2024-04-05,NG,1.784999966621399,191179
2024-04-08,NG,1.843999981880188,216676
2024-04-09,NG,1.871999979019165,215016
2024-04-10,NG,1.8849999904632568,174388
2024-04-11,NG,1.7640000581741333,230318
2024-04-12,NG,1.7699999809265137,162917
2024-04-15,NG,1.690999984741211,170569
2024-04-16,NG,1.7319999933242798,231556
2024-04-17,NG,1.7120000123977661,152348
2024-04-18,NG,1.7569999694824219,160729
2024-04-19,NG,1.7519999742507935,154111
2024-04-22,NG,1.7910000085830688,107242
2024-04-23,NG,1.812000036239624,71346
2024-04-24,NG,1.652999997138977,58154
2024-04-25,NG,1.6380000114440918,75479
2024-04-26,NG,1.6139999628067017,119516
2024-04-29,NG,2.0299999713897705,158855
2024-04-30,NG,1.9910000562667847,150370
2024-05-01,NG,1.9320000410079956,135918
2024-05-02,NG,2.0350000858306885,153739
2024-05-03,NG,2.1419999599456787,209456
2024-05-06,NG,2.194999933242798,196381
2024-05-07,NG,2.2070000171661377,149430
2024-05-08,NG,2.187000036239624,149910
2024-05-09,NG,2.3010001182556152,207677
2024-05-10,NG,2.252000093460083,142992
2024-05-13,NG,2.38100004196167,164690
2024-05-14,NG,2.3440001010894775,147573
2024-05-15,NG,2.4159998893737793,180743
2024-05-16,NG,2.494999885559082,229617
2024-05-17,NG,2.625999927520752,185798
2024-05-20,NG,2.750999927520752,211255
2024-05-21,NG,2.6710000038146973,174162
2024-05-22,NG,2.8420000076293945,184820
2024-05-23,NG,2.6570000648498535,116689
2024-05-24,NG,2.5199999809265137,51814
2024-05-28,NG,2.5899999141693115,86031
2024-05-29,NG,2.493000030517578,161403
2024-05-30,NG,2.572000026702881,160060
2024-05-31,NG,2.5869998931884766,139119
2024-06-03,NG,2.75600004196167,233692
2024-06-04,NG,2.5859999656677246,221922
2024-06-05,NG,2.756999969482422,201665
2024-06-06,NG,2.821000099182129,194237
2024-06-07,NG,2.9179999828338623,209110
2024-06-10,NG,2.9059998989105225,269719
2024-06-11,NG,3.128999948501587,227818
2024-06-12,NG,3.0450000762939453,224795
2024-06-13,NG,2.9590001106262207,209730
2024-06-14,NG,2.88100004196167,154123
2024-06-17,NG,2.7880001068115234,152241
2024-06-18,NG,2.9089999198913574,147414
2024-06-20,NG,2.740999937057495,186686
2024-06-21,NG,2.7049999237060547,79372
2024-06-24,NG,2.811000108718872,45418
2024-06-25,NG,2.75600004196167,78233
2024-06-26,NG,2.628000020980835,141345
2024-06-27,NG,2.684999942779541,139995
2024-06-28,NG,2.6010000705718994,151326
2024-07-01,NG,2.4779999256134033,181931
2024-07-02,NG,2.434999942779541,154263
2024-07-03,NG,2.4179999828338623,125894
2024-07-05,NG,2.319000005722046,156544
2024-07-08,NG,2.365999937057495,162309
2024-07-09,NG,2.3440001010894775,155187
2024-07-10,NG,2.3289999961853027,146358
2024-07-11,NG,2.2679998874664307,122365
2024-07-12,NG,2.3289999961853027,129723
2024-07-15,NG,2.1579999923706055,189516
2024-07-16,NG,2.187999963760376,131219
2024-07-17,NG,2.0350000858306885,212196
2024-07-18,NG,2.125,159464
2024-07-19,NG,2.128000020980835,101992
2024-07-22,NG,2.250999927520752,148699
2024-07-23,NG,2.187000036239624,112276
2024-07-24,NG,2.117000102996826,65013
2024-07-25,NG,2.0409998893737793,44964
2024-07-26,NG,2.00600004196167,58506
2024-07-29,NG,1.906999945640564,162676
2024-07-30,NG,2.125999927520752,157477
2024-07-31,NG,2.0360000133514404,167713
2024-08-01,NG,1.968000054359436,215979
2024-08-02,NG,1.9670000076293945,164207
2024-08-05,NG,1.9420000314712524,150595
2024-08-06,NG,2.009999990463257,154471
2024-08-07,NG,2.111999988555908,226781
2024-08-08,NG,2.127000093460083,232204
2024-08-09,NG,2.1429998874664307,183426
2024-08-12,NG,2.188999891281128,181250
2024-08-13,NG,2.1480000019073486,202099
2024-08-14,NG,2.2190001010894775,189925
2024-08-15,NG,2.197000026702881,165423
2024-08-16,NG,2.122999906539917,140820
2024-08-19,NG,2.234999895095825,179074
2024-08-20,NG,2.197999954223633,129952
2024-08-21,NG,2.177000045776367,124659
2024-08-22,NG,2.052999973297119,153777
2024-08-23,NG,2.0220000743865967,62492
2024-08-26,NG,1.9559999704360962,50432
2024-08-27,NG,1.9040000438690186,68871
2024-08-28,NG,1.9299999475479126,165219
2024-08-29,NG,2.13700008392334,154737
2024-08-30,NG,2.127000093460083,131106
2024-09-03,NG,2.203000068664551,221115
2024-09-04,NG,2.1449999809265137,150022
2024-09-05,NG,2.253999948501587,196899
2024-09-06,NG,2.2750000953674316,121498
2024-09-09,NG,2.1700000762939453,121498
2024-09-10,NG,2.2320001125335693,183556
2024-09-11,NG,2.2699999809265137,198836
2024-09-12,NG,2.3570001125335693,231423
2024-09-13,NG,2.305000066757202,173713
2024-09-16,NG,2.372999906539917,163817
2024-09-17,NG,2.3239998817443848,171895
2024-09-18,NG,2.2839999198913574,137696
2024-09-19,NG,2.3480000495910645,190187
2024-09-20,NG,2.434000015258789,161905
2024-09-23,NG,2.61299991607666,124650
2024-09-24,NG,2.5510001182556152,61695
2024-09-25,NG,2.63700008392334,91605
2024-09-26,NG,2.5850000381469727,187374
2024-09-27,NG,2.9019999504089355,224258
2024-09-30,NG,2.9230000972747803,156783
2024-10-01,NG,2.8959999084472656,161084
2024-10-02,NG,2.885999917984009,162673
2024-10-03,NG,2.9700000286102295,133170
2024-10-04,NG,2.8540000915527344,173745
2024-10-07,NG,2.746000051498413,216871
2024-10-08,NG,2.7330000400543213,162513
2024-10-09,NG,2.6600000858306885,190644
2024-10-10,NG,2.674999952316284,188461
2024-10-11,NG,2.631999969482422,150928
2024-10-14,NG,2.49399995803833,139692
2024-10-15,NG,2.497999906539917,156441
2024-10-16,NG,2.367000102996826,173482
2024-10-17,NG,2.3469998836517334,135847
2024-10-18,NG,2.257999897003174,164160
2024-10-21,NG,2.312000036239624,154025
2024-10-22,NG,2.311000108718872,198772
2024-10-23,NG,2.3420000076293945,145225
2024-10-24,NG,2.5220000743865967,139719
2024-10-25,NG,2.559999942779541,67455
2024-10-28,NG,2.309000015258789,89409
2024-10-29,NG,2.3459999561309814,143883
2024-10-30,NG,2.8450000286102295,162834
2024-10-31,NG,2.7070000171661377,185486
2024-11-01,NG,2.6630001068115234,166422
2024-11-04,NG,2.7809998989105225,201168
2024-11-05,NG,2.6700000762939453,153934
2024-11-06,NG,2.746999979019165,157298
2024-11-07,NG,2.693000078201294,165551
2024-11-08,NG,2.6689999103546143,158000
2024-11-11,NG,2.9200000762939453,252383
2024-11-12,NG,2.9070000648498535,245266
2024-11-13,NG,2.9830000400543213,218400
2024-11-14,NG,2.7850000858306885,209678
2024-11-15,NG,2.822999954223633,181092
2024-11-18,NG,2.9730000495910645,188338
2024-11-19,NG,2.997999906539917,211932
2024-11-20,NG,3.193000078201294,225693
2024-11-21,NG,3.3389999866485596,192156
2024-11-22,NG,3.128999948501587,95807
2024-11-25,NG,3.36899995803833,108485
2024-11-26,NG,3.430999994277954,222049
2024-11-27,NG,3.2039999961853027,214291
2024-11-29,NG,3.36299991607666,163060
2024-12-02,NG,3.2130000591278076,208653
2024-12-03,NG,3.0420000553131104,184347
2024-12-04,NG,3.0429999828338623,171700
2024-12-05,NG,3.0789999961853027,183885
2024-12-06,NG,3.0759999752044678,188687
2024-12-09,NG,3.181999921798706,258430
2024-12-10,NG,3.1630001068115234,233880
2024-12-11,NG,3.378000020980835,276534
2024-12-12,NG,3.4549999237060547,328089
2024-12-13,NG,3.2799999713897705,213643
2024-12-16,NG,3.2139999866485596,172230
2024-12-17,NG,3.308000087738037,229155
2024-12-18,NG,3.374000072479248,193391
2024-12-19,NG,3.5840001106262207,195546
2024-12-20,NG,3.747999906539917,221930
2024-12-23,NG,3.6559998989105225,125622
2024-12-24,NG,3.946000099182129,66852
2024-12-26,NG,3.7149999141693115,67209
2024-12-27,NG,3.5139999389648438,189959
2024-12-30,NG,3.936000108718872,374324
2024-12-31,NG,3.632999897003174,184552
2025-01-02,NG,3.6600000858306885,156670
2025-01-03,NG,3.3540000915527344,188094
2025-01-06,NG,3.671999931335449,228124
2025-01-07,NG,3.4489998817443848,182148
2025-01-08,NG,3.6510000228881836,189259
2025-01-09,NG,3.7009999752044678,145203
2025-01-10,NG,3.989000082015991,229112
2025-01-13,NG,3.934000015258789,195514
2025-01-14,NG,3.9679999351501465,167416
2025-01-15,NG,4.083000183105469,169338
2025-01-16,NG,4.257999897003174,193018
2025-01-17,NG,3.947999954223633,204277
2025-01-21,NG,3.75600004196167,209907
2025-01-22,NG,3.9600000381469727,128783
2025-01-23,NG,3.944999933242798,120839
2025-01-24,NG,4.0269999504089355,87568
2025-01-27,NG,3.697000026702881,66940
2025-01-28,NG,3.4709999561309814,63816
2025-01-29,NG,3.5350000858306885,167840
2025-01-30,NG,3.046999931335449,201741
2025-01-31,NG,3.0439999103546143,138212
2025-02-03,NG,3.3519999980926514,273510
2025-02-04,NG,3.253000020980835,182531
2025-02-05,NG,3.359999895095825,170256
2025-02-06,NG,3.4079999923706055,177672
2025-02-07,NG,3.309000015258789,188698
2025-02-10,NG,3.444000005722046,203924
2025-02-11,NG,3.5190000534057617,219162
2025-02-12,NG,3.565000057220459,194725
2025-02-13,NG,3.628000020980835,305899
2025-02-14,NG,3.7249999046325684,201102
2025-02-18,NG,4.006999969482422,300505
2025-02-19,NG,4.28000020980835,338827
2025-02-20,NG,4.1519999504089355,211817
2025-02-21,NG,4.234000205993652,164320
2025-02-24,NG,3.99399995803833,82872
2025-02-25,NG,4.173999786376953,91529
2025-02-26,NG,3.9059998989105225,172826
2025-02-27,NG,3.934000015258789,171402
2025-02-28,NG,3.8340001106262207,141989
2025-03-03,NG,4.122000217437744,269838
2025-03-04,NG,4.349999904632568,350513
2025-03-05,NG,4.449999809265137,224571
2025-03-06,NG,4.302000045776367,202475
2025-03-07,NG,4.39900016784668,211901
2025-03-10,NG,4.491000175476074,221480
2025-03-11,NG,4.453000068664551,192161
2025-03-12,NG,4.084000110626221,224052
2025-03-13,NG,4.111000061035156,227071
2025-03-14,NG,4.104000091552734,144405
2025-03-17,NG,4.01800012588501,153362
2025-03-18,NG,4.052000045776367,171724
2025-03-19,NG,4.247000217437744,149299
2025-03-20,NG,3.9749999046325684,185932
2025-03-21,NG,3.9800000190734863,125273
2025-03-24,NG,3.9140000343322754,78987
2025-03-25,NG,3.8399999141693115,50289
2025-03-26,NG,3.8610000610351562,52751
2025-03-27,NG,3.950000047683716,181918
2025-03-28,NG,4.065000057220459,176361
2025-03-31,NG,4.11899995803833,171857
2025-04-01,NG,3.9509999752044678,156694
2025-04-02,NG,4.054999828338623,141243
2025-04-03,NG,4.138000011444092,165412
2025-04-04,NG,3.8369998931884766,246548
2025-04-07,NG,3.6549999713897705,298843
2025-04-08,NG,3.4649999141693115,278152
2025-04-09,NG,3.815999984741211,359064
2025-04-10,NG,3.556999921798706,260676
2025-04-11,NG,3.5269999504089355,181628
2025-04-14,NG,3.325000047683716,160225
2025-04-15,NG,3.3289999961853027,143589
2025-04-16,NG,3.246999979019165,150410
2025-04-17,NG,3.244999885559082,145610
2025-04-21,NG,3.0160000324249268,175116
2025-04-22,NG,3.006999969482422,133976
2025-04-23,NG,3.0220000743865967,86140
2025-04-24,NG,2.930000066757202,66984
2025-04-25,NG,2.937000036239624,58815
2025-04-28,NG,3.1700000762939453,229473
2025-04-29,NG,3.385999917984009,156565
2025-04-30,NG,3.3259999752044678,145962
2025-05-01,NG,3.4790000915527344,159640
2025-05-02,NG,3.630000114440918,140954
2025-05-05,NG,3.549999952316284,161317
2025-05-06,NG,3.4630000591278076,200855
2025-05-07,NG,3.621000051498413,162366
2025-05-08,NG,3.5920000076293945,158746
2025-05-09,NG,3.7950000762939453,174974
2025-05-12,NG,3.6459999084472656,163731
2025-05-13,NG,3.6470000743865967,130015
2025-05-14,NG,3.492000102996826,119947
2025-05-15,NG,3.361999988555908,152653
2025-05-16,NG,3.3340001106262207,141334
2025-05-19,NG,3.11299991607666,182905
2025-05-20,NG,3.427000045776367,230771
2025-05-21,NG,3.368000030517578,135733
2025-05-22,NG,3.253000020980835,91988
2025-05-23,NG,3.3340001106262207,60597
2025-05-27,NG,3.3980000019073486,55895
2025-05-28,NG,3.2039999961853027,204259
2025-05-29,NG,3.5220000743865967,180662
2025-05-30,NG,3.447000026702881,131545
2025-06-02,NG,3.694000005722046,199977
2025-06-03,NG,3.7219998836517334,139410
2025-06-04,NG,3.7160000801086426,126093
2025-06-05,NG,3.677000045776367,208764
2025-06-06,NG,3.7839999198913574,180631
2025-06-09,NG,3.634999990463257,215678
2025-06-10,NG,3.5329999923706055,179312
2025-06-11,NG,3.506999969482422,211742
2025-06-12,NG,3.492000102996826,220853
2025-06-13,NG,3.5810000896453857,133290
2025-06-16,NG,3.747999906539917,171746
2025-06-17,NG,3.8510000705718994,163883
2025-06-18,NG,3.989000082015991,0
2025-06-20,NG,3.8469998836517334,194501
2025-06-23,NG,3.697999954223633,102698
2025-06-24,NG,3.5369999408721924,70983
2025-06-25,NG,3.4059998989105225,74500
2025-06-26,NG,3.260999917984009,230496
2025-06-27,NG,3.739000082015991,153056
2025-06-30,NG,3.4560000896453857,212922
2025-07-01,NG,3.4149999618530273,177010
2025-07-02,NG,3.48799991607666,115605
2025-07-03,NG,3.4089999198913574,0
2025-07-04,NG,3.38700008392334,0
2025-07-07,NG,3.4119999408721924,163396
2025-07-08,NG,3.3399999141693115,130237
2025-07-09,NG,3.2139999866485596,217203
2025-07-10,NG,3.3369998931884766,163043
2025-07-11,NG,3.313999891281128,130290
2025-07-14,NG,3.4660000801086426,149455
2025-07-15,NG,3.5230000019073486,132955
2025-07-16,NG,3.5510001182556152,116044
2025-07-17,NG,3.5420000553131104,108569
2025-07-18,NG,3.565000057220459,123961
2025-07-21,NG,3.325000047683716,176972
2025-07-22,NG,3.252000093460083,124612
2025-07-23,NG,3.0769999027252197,158442
2025-07-24,NG,3.0940001010894775,75361
2025-07-25,NG,3.109999895095825,39115
2025-07-28,NG,2.98799991607666,69852
2025-07-29,NG,3.0810000896453857,117204
2025-07-30,NG,3.0450000762939453,126252
2025-07-31,NG,3.1059999465942383,168396
2025-08-01,NG,3.0829999446868896,102378
2025-08-04,NG,2.931999921798706,167435
2025-08-05,NG,3.009999990463257,134125
2025-08-06,NG,3.0769999027252197,133710
2025-08-07,NG,3.066999912261963,171662
2025-08-08,NG,2.990000009536743,164260
2025-08-11,NG,2.9539999961853027,156872
2025-08-12,NG,2.808000087738037,219061
2025-08-13,NG,2.828000068664551,179251
2025-08-14,NG,2.8410000801086426,138654
2025-08-15,NG,2.9159998893737793,132775
2025-08-18,NG,2.890000104904175,143784
2025-08-19,NG,2.7660000324249268,171271
2025-08-20,NG,2.752000093460083,121113
2025-08-21,NG,2.8259999752044678,115270
2025-08-22,NG,2.697999954223633,79364
2025-08-25,NG,2.696000099182129,60316
2025-08-26,NG,2.7170000076293945,70243
2025-08-27,NG,2.867000102996826,162239
2025-08-28,NG,2.944000005722046,186265
2025-08-29,NG,2.996999979019165,0
2025-09-02,NG,3.009000062942505,226571
2025-09-03,NG,3.063999891281128,187561
2025-09-04,NG,3.0739998817443848,165913
2025-09-05,NG,3.0480000972747803,130911
2025-09-08,NG,3.0899999141693115,200532
2025-09-09,NG,3.117000102996826,181519
2025-09-10,NG,3.0290000438690186,171976
2025-09-11,NG,2.934000015258789,199072
2025-09-12,NG,2.940999984741211,160049
2025-09-15,NG,3.0429999828338623,152709
2025-09-16,NG,3.1029999256134033,166585
2025-09-17,NG,3.0999999046325684,132465
2025-09-18,NG,2.938999891281128,180476
2025-09-19,NG,2.888000011444092,142217
2025-09-22,NG,2.805999994277954,163184
2025-09-23,NG,2.8529999256134033,70892
2025-09-24,NG,2.8580000400543213,55699
2025-09-25,NG,2.9040000438690186,74214
2025-09-26,NG,2.8350000381469727,168752
2025-09-29,NG,3.2669999599456787,166628
2025-09-30,NG,3.302999973297119,162025
2025-10-01,NG,3.4760000705718994,240703
2025-10-02,NG,3.441999912261963,259354
2025-10-03,NG,3.3239998817443848,217261
2025-10-06,NG,3.3570001125335693,165229
2025-10-07,NG,3.497999906539917,230258
2025-10-08,NG,3.3329999446868896,242687
2025-10-09,NG,3.2690000534057617,198680
2025-10-10,NG,3.1059999465942383,195346
2025-10-13,NG,3.118000030517578,195346
2025-10-14,NG,3.0280001163482666,150478
2025-10-15,NG,3.0160000324249268,149150
2025-10-16,NG,2.937999963760376,161360
2025-10-17,NG,3.007999897003174,128236
2025-10-20,NG,3.3970000743865967,266597
2025-10-21,NG,3.4739999771118164,197775
2025-10-22,NG,3.450000047683716,202361
2025-10-23,NG,3.3440001010894775,157089
2025-10-24,NG,3.303999900817871,108141
2025-10-27,NG,3.441999912261963,67444
2025-10-28,NG,3.3450000286102295,85022
2025-10-29,NG,3.375999927520752,153684
2025-10-30,NG,3.9560000896453857,201075
2025-10-31,NG,4.124000072479248,238492
2025-11-03,NG,4.265999794006348,0
2025-11-04,NG,4.3429999351501465,231288
2025-11-05,NG,4.23199987411499,156270
2025-11-06,NG,4.35699987411499,193866
2025-11-07,NG,4.315000057220459,178319
2025-11-10,NG,4.3379998207092285,189080
2025-11-11,NG,4.565000057220459,243691
2025-11-12,NG,4.5329999923706055,170351
2025-11-13,NG,4.645999908447266,201019
2025-11-14,NG,4.565999984741211,227908
2025-11-17,NG,4.361000061035156,191623
2025-11-18,NG,4.370999813079834,204812
2025-11-19,NG,4.550000190734863,152272
2025-11-20,NG,4.473999977111816,105538
2025-11-21,NG,4.579999923706055,80707
2025-11-24,NG,4.548999786376953,78483
2025-11-25,NG,4.423999786376953,240457
2025-11-26,NG,4.558000087738037,155159
2025-11-28,NG,4.849999904632568,127694
2025-12-01,NG,4.921000003814697,209469
2025-12-02,NG,4.840000152587891,172375
2025-12-03,NG,4.994999885559082,186366
2025-12-04,NG,5.063000202178955,209843
2025-12-05,NG,5.289000034332275,376679
2025-12-08,NG,4.9120001792907715,301953
2025-12-09,NG,4.573999881744385,249501
2025-12-10,NG,4.59499979019165,271105
2025-12-11,NG,4.230999946594238,287859
2025-12-12,NG,4.11299991607666,199844
2025-12-15,NG,4.01200008392334,169239
2025-12-16,NG,3.885999917984009,155859
2025-12-17,NG,4.02400016784668,153559
2025-12-18,NG,3.9079999923706055,158058
2025-12-19,NG,3.9839999675750732,145508
2025-12-22,NG,3.9649999141693115,157602
2025-12-23,NG,4.4079999923706055,126794
2025-12-24,NG,4.242000102996826,57070
2025-12-26,NG,4.366000175476074,46351
2025-12-29,NG,4.686999797821045,163457
2025-12-30,NG,3.9719998836517334,136981
2025-12-31,NG,3.686000108718872,132231
2026-01-02,NG,3.618000030517578,133024
2026-01-05,NG,3.5230000019073486,228737
2026-01-06,NG,3.3499999046325684,145165
2026-01-07,NG,3.5250000953674316,151941
2026-01-08,NG,3.4070000648498535,193218
2026-01-09,NG,3.1689999103546143,322218
2026-01-12,NG,3.4089999198913574,248893
2026-01-13,NG,3.4189999103546143,187132
2026-01-14,NG,3.119999885559082,215332
2026-01-15,NG,3.128000020980835,180723
2026-01-16,NG,3.1029999256134033,139667
2026-01-20,NG,3.9070000648498535,410520
2026-01-21,NG,4.875,367003
2026-01-22,NG,5.045000076293945,310947
2026-01-23,NG,5.275000095367432,107108
2026-01-26,NG,6.800000190734863,99498
2026-01-27,NG,6.953999996185303,77676
2026-01-28,NG,7.460000038146973,235065
2026-01-29,NG,3.9179999828338623,234642
2026-01-30,NG,4.354000091552734,351649
2026-02-02,NG,3.236999988555908,554857
2026-02-03,NG,3.311000108718872,238550
2026-02-04,NG,3.4649999141693115,194662
2026-02-05,NG,3.509000062942505,202389
2026-02-06,NG,3.421999931335449,215129
2026-02-09,NG,3.138000011444092,211763
2026-02-10,NG,3.115000009536743,175754
2026-02-11,NG,3.1589999198913574,174848
2026-02-12,NG,3.2170000076293945,222258
2026-02-13,NG,3.243000030517578,125822
2026-02-17,NG,3.0309998989105225,183610
2026-02-18,NG,3.010999917984009,142497
2026-02-19,NG,2.996000051498413,120477
2026-02-20,NG,3.046999931335449,90717
2026-02-23,NG,2.984999895095825,55412
2026-02-24,NG,2.9149999618530273,69623
2026-02-25,NG,2.9690001010894775,133499
2026-02-26,NG,2.8269999027252197,139781
2026-02-27,NG,2.8589999675750732,109106
2026-03-02,NG,2.9600000381469727,174543
2026-03-03,NG,3.053999900817871,225190
2026-03-04,NG,2.9170000553131104,155742
2026-03-05,NG,3.003000020980835,148177
2026-03-06,NG,3.186000108718872,196840
2026-03-09,NG,3.119999885559082,233306
2026-03-10,NG,3.0199999809265137,205911
2026-03-11,NG,3.2090001106262207,141651
2026-03-12,NG,3.2330000400543213,150134
2026-03-13,NG,3.13100004196167,129471
2026-03-16,NG,3.0230000019073486,130165
2026-03-17,NG,3.0329999923706055,101786
2026-03-18,NG,3.065000057220459,141167
2026-03-19,NG,3.1659998893737793,154492
2026-03-20,NG,3.0950000286102295,106682
2026-03-23,NG,2.8910000324249268,119426
2026-03-24,NG,2.943000078201294,52369
2026-03-25,NG,2.9519999027252197,30840
2026-03-26,NG,2.999000072479248,61382
2026-03-27,NG,3.0950000286102295,132398
2026-03-30,NG,2.88700008392334,126193
2026-03-31,NG,2.884000062942505,154156
2026-04-01,NG,2.819000005722046,126772
2026-04-02,NG,2.799999952316284,0
2026-04-06,NG,2.811000108718872,100084
2026-04-07,NG,2.869999885559082,135271
2026-04-08,NG,2.7239999771118164,223335
2026-04-09,NG,2.6700000762939453,170766
2026-04-10,NG,2.6480000019073486,151051
2026-04-13,NG,2.627000093460083,155024
2026-04-14,NG,2.5989999771118164,174530
2026-04-15,NG,2.609999895095825,114648
2026-04-16,NG,2.6470000743865967,108047
2026-04-17,NG,2.6740000247955322,109843
2026-04-20,NG,2.688999891281128,92530
2026-04-21,NG,2.697000026702881,94189
2026-04-22,NG,2.7219998836517334,78929
2026-04-23,NG,2.614000082015991,79279
2026-04-24,NG,2.5230000019073486,50988
2026-04-27,NG,2.549999952316284,65552
2026-04-28,NG,2.559000015258789,102074
2026-04-29,NG,2.6470000743865967,98371
2026-04-30,NG,2.7669999599456787,172760
2026-05-01,NG,2.7799999713897705,111530
2026-05-04,NG,2.867000102996826,125100
2026-05-05,NG,2.7880001068115234,115367
2026-05-06,NG,2.7300000190734863,107146
2026-05-07,NG,2.7690000534057617,166306
2026-05-08,NG,2.756999969482422,124590
2026-05-11,NG,2.9100000858306885,162409
2026-05-12,NG,2.8429999351501465,140080
2026-05-13,NG,2.864000082015991,132794
2026-05-14,NG,2.8940000534057617,144509
2026-05-15,NG,2.9600000381469727,144038
2026-05-18,NG,3.0239999294281006,149997
2026-05-19,NG,3.114000082015991,144723
2026-05-20,NG,3.003999948501587,149151
2026-05-21,NG,3.0179998874664307,73478
2026-05-22,NG,2.9070000648498535,63029
2026-05-26,NG,2.8940000534057617,55626
2026-05-27,NG,3.0399999618530273,188474
2026-05-28,NG,3.2850000858306885,200655
2026-05-29,NG,3.2899999618530273,167682
2026-06-01,NG,3.178999900817871,171269
2026-06-02,NG,3.1670000553131104,140767
2026-06-03,NG,3.2139999866485596,135015
2026-06-04,NG,3.3359999656677246,194709
2026-06-05,NG,3.2290000915527344,181904
2026-06-08,NG,3.1470000743865967,199640
2026-06-09,NG,3.140000104904175,179403
2026-06-10,NG,3.184999942779541,194341
2026-06-11,NG,3.0869998931884766,206797
2026-06-12,NG,3.119999885559082,138859
2026-06-15,NG,3.1470000743865967,139274
2026-06-16,NG,3.239000082015991,148973
2026-06-17,NG,3.1449999809265137,170489
2026-06-18,NG,3.2330000400543213,147984
2026-06-22,NG,3.253000020980835,151751
2026-06-23,NG,3.1470000743865967,76512
2026-06-24,NG,3.2209999561309814,39410
2026-06-25,NG,3.3429999351501465,106506
2026-06-26,NG,3.2309999465942383,171611
2026-06-29,NG,3.180999994277954,153806
2026-06-30,NG,3.2750000953674316,207986
2026-07-01,NG,3.2200000286102295,122894
2026-07-02,NG,3.196000099182129,137589
2026-07-06,NG,3.244999885559082,205853
2026-07-07,NG,3.265000104904175,172662
2026-07-08,NG,3.2119998931884766,158732
2026-07-09,NG,3.01200008392334,240595
2026-07-10,NG,2.940000057220459,187170
2026-07-13,NG,2.8970000743865967,137746
2026-07-14,NG,2.9040000438690186,113702
2026-07-15,NG,2.9240000247955322,114040
2026-07-16,NG,2.8580000400543213,141791
2026-07-17,NG,2.9110000133514404,106995
2026-07-20,NG,2.859999895095825,131706
2026-07-21,NG,2.865000009536743,105685
2026-07-22,NG,2.924999952316284,127528
2026-07-23,NG,2.9159998893737793,125863
2026-07-24,NG,2.871000051498413,69670
2026-07-27,NG,2.7669999599456787,57067
2026-07-28,NG,2.6619999408721924,45760
2026-07-29,NG,2.7249999046325684,112922
2026-07-30,NG,2.757999897003174,122809
2026-07-31,NG,2.746999979019165,117480
2026-08-03,NG,2.7809998989105225,101918
2026-08-04,NG,2.681999921798706,139814
2026-08-05,NG,2.687999963760376,87311
2026-08-06,NG,2.640000104904175,124916
2026-08-07,NG,2.6619999408721924,157146
2026-08-10,NG,2.7939999103546143,215477
2026-08-11,NG,2.7669999599456787,191841
2026-08-12,NG,2.803999900817871,179743
2026-08-13,NG,2.7269999980926514,197560
2026-08-14,NG,2.7330000400543213,117531
2026-08-17,NG,2.690000057220459,138756
2026-08-18,NG,2.7760000228881836,159550
2026-08-19,NG,2.813999891281128,189364
2026-08-20,NG,2.7330000400543213,178527
2026-08-21,NG,2.7730000019073486,110328
2026-08-24,NG,2.7820000648498535,90855
2026-08-25,NG,2.7699999809265137,42228
2026-08-26,NG,2.8420000076293945,68681
2026-08-27,NG,2.9070000648498535,188571
2026-08-28,NG,2.888000011444092,132710
2026-08-31,NG,2.934999942779541,145815
2026-09-01,NG,2.9040000438690186,148990
2026-09-02,NG,2.9560000896453857,134975
2026-09-03,NG,2.9130001068115234,197408
2026-09-04,NG,2.9749999046325684,150051
2026-09-08,NG,2.9159998893737793,248447
2026-09-09,NG,2.822000026702881,178990
2026-09-10,NG,2.8340001106262207,174179
2026-09-11,NG,2.8310000896453857,128318
2026-09-14,NG,2.8959999084472656,195801
2026-09-15,NG,2.9189999103546143,142797
2026-09-16,NG,2.8910000324249268,149573
2026-09-17,NG,2.9010000228881836,172220
2026-09-18,NG,2.9119999408721924,150209
2021-09-20,GC,1763.800048828125,152451
2021-09-21,GC,1778.199951171875,141622
2021-09-22,GC,1778.800048828125,172348
2021-09-23,GC,1749.800048828125,225456
2021-09-24,GC,1751.699951171875,151552
2021-09-27,GC,1752.0,137574
2021-09-28,GC,1737.5,215840
2021-09-29,GC,1722.9000244140625,177389
2021-09-30,GC,1757.0,246365
2021-10-01,GC,1758.4000244140625,151195
2021-10-04,GC,1767.5999755859375,166180
2021-10-05,GC,1760.9000244140625,151424
2021-10-06,GC,1761.800048828125,159218
2021-10-07,GC,1759.199951171875,146406
2021-10-08,GC,1757.4000244140625,240371
2021-10-11,GC,1755.699951171875,114771
2021-10-12,GC,1759.300048828125,168110
2021-10-13,GC,1794.699951171875,299041
2021-10-14,GC,1797.9000244140625,164651
2021-10-15,GC,1768.300048828125,202631
2021-10-18,GC,1765.699951171875,152741
2021-10-19,GC,1770.5,166972
2021-10-20,GC,1784.9000244140625,174076
2021-10-21,GC,1781.9000244140625,138729
2021-10-22,GC,1796.300048828125,312812
2021-10-25,GC,1806.800048828125,153589
2021-10-26,GC,1793.4000244140625,197929
2021-10-27,GC,1798.800048828125,182801
2021-10-28,GC,1802.5999755859375,220876
2021-10-29,GC,1783.9000244140625,254513
2021-11-01,GC,1795.800048828125,143332
2021-11-02,GC,1789.4000244140625,145786
2021-11-03,GC,1763.9000244140625,257427
2021-11-04,GC,1793.5,222609
2021-11-05,GC,1816.800048828125,299618
2021-11-08,GC,1828.0,200412
2021-11-09,GC,1830.800048828125,224407
2021-11-10,GC,1848.300048828125,352787
2021-11-11,GC,1863.9000244140625,205312
2021-11-12,GC,1868.5,201358
2021-11-15,GC,1866.5999755859375,221208
2021-11-16,GC,1854.0999755859375,220431
2021-11-17,GC,1870.199951171875,172417
2021-11-18,GC,1861.4000244140625,186062
2021-11-19,GC,1851.5999755859375,234083
2021-11-22,GC,1806.300048828125,352857
2021-11-23,GC,1783.800048828125,311348
2021-11-24,GC,1784.300048828125,203236
2021-11-26,GC,1785.5,186800
2021-11-29,GC,1782.300048828125,26926
2021-11-30,GC,1773.5999755859375,242861
2021-12-01,GC,1784.300048828125,180336
2021-12-02,GC,1762.699951171875,172719
2021-12-03,GC,1783.9000244140625,175176
2021-12-06,GC,1779.5,104477
2021-12-07,GC,1784.699951171875,129894
2021-12-08,GC,1785.5,109692
2021-12-09,GC,1776.699951171875,123974
2021-12-10,GC,1784.800048828125,141995
2021-12-13,GC,1788.300048828125,106057
2021-12-14,GC,1772.300048828125,153249
2021-12-15,GC,1764.5,161101
2021-12-16,GC,1798.199951171875,167777
2021-12-17,GC,1804.9000244140625,156607
2021-12-20,GC,1794.5999755859375,105386
2021-12-21,GC,1788.699951171875,134154
2021-12-22,GC,1802.199951171875,110408
2021-12-23,GC,1811.699951171875,104844
2021-12-27,GC,1808.800048828125,84225
2021-12-28,GC,1810.9000244140625,100542
2021-12-29,GC,1805.800048828125,138685
2021-12-30,GC,1814.0999755859375,113430
2021-12-31,GC,1828.5999755859375,106604
2022-01-03,GC,1800.0999755859375,168305
2022-01-04,GC,1814.5999755859375,167708
2022-01-05,GC,1825.0999755859375,173344
2022-01-06,GC,1789.199951171875,238644
2022-01-07,GC,1797.4000244140625,238931
2022-01-10,GC,1798.800048828125,173043
2022-01-11,GC,1818.5,184152
2022-01-12,GC,1827.300048828125,192979
2022-01-13,GC,1821.4000244140625,215522
2022-01-14,GC,1816.5,174944
2022-01-18,GC,1812.4000244140625,362944
2022-01-19,GC,1843.199951171875,318489
2022-01-20,GC,1842.5999755859375,233862
2022-01-21,GC,1831.800048828125,225249
2022-01-24,GC,1841.699951171875,244325
2022-01-25,GC,1852.5,197804
2022-01-26,GC,1829.699951171875,270028
2022-01-27,GC,1793.0999755859375,196036
2022-01-28,GC,1784.9000244140625,28521
2022-01-31,GC,1795.0,139421
2022-02-01,GC,1801.5,128880
2022-02-02,GC,1810.300048828125,123021
2022-02-03,GC,1804.0999755859375,173722
2022-02-04,GC,1807.800048828125,177709
2022-02-07,GC,1821.800048828125,139808
2022-02-08,GC,1827.9000244140625,142408
2022-02-09,GC,1836.5999755859375,136722
2022-02-10,GC,1837.4000244140625,227458
2022-02-11,GC,1842.0999755859375,239093
2022-02-14,GC,1869.4000244140625,231016
2022-02-15,GC,1856.199951171875,214880
2022-02-16,GC,1871.5,141486
2022-02-17,GC,1902.0,268547
2022-02-18,GC,1899.800048828125,161745
2022-02-22,GC,1907.4000244140625,334589
2022-02-23,GC,1910.4000244140625,154843
2022-02-24,GC,1926.300048828125,423048
2022-02-25,GC,1887.5999755859375,229780
2022-02-28,GC,1900.699951171875,249273
2022-03-01,GC,1943.800048828125,223998
2022-03-02,GC,1922.300048828125,227975
2022-03-03,GC,1935.9000244140625,180207
2022-03-04,GC,1966.5999755859375,241533
2022-03-07,GC,1995.9000244140625,372185
2022-03-08,GC,2043.300048828125,447651
2022-03-09,GC,1988.199951171875,360345
2022-03-10,GC,2000.4000244140625,303267
2022-03-11,GC,1985.0,262088
2022-03-14,GC,1960.800048828125,162203
2022-03-15,GC,1929.699951171875,220374
2022-03-16,GC,1909.199951171875,195460
2022-03-17,GC,1943.199951171875,149829
2022-03-18,GC,1929.300048828125,150882
2022-03-21,GC,1929.5,146411
2022-03-22,GC,1921.5,153282
2022-03-23,GC,1937.300048828125,153306
2022-03-24,GC,1962.199951171875,181204
2022-03-25,GC,1954.199951171875,147904
2022-03-28,GC,1939.800048828125,181367
2022-03-29,GC,1912.199951171875,128051
2022-03-30,GC,1933.5,17765
2022-03-31,GC,1949.199951171875,155299
2022-04-01,GC,1923.699951171875,135154
2022-04-04,GC,1934.0,108435
2022-04-05,GC,1927.5,147256
2022-04-06,GC,1923.0999755859375,153971
2022-04-07,GC,1937.800048828125,122809
2022-04-08,GC,1945.5999755859375,142498
2022-04-11,GC,1948.199951171875,184385
2022-04-12,GC,1976.0999755859375,172386
2022-04-13,GC,1984.699951171875,132029
2022-04-14,GC,1974.9000244140625,139424
2022-04-18,GC,1986.4000244140625,138130
2022-04-19,GC,1959.0,181440
2022-04-20,GC,1955.5999755859375,139507
2022-04-21,GC,1948.199951171875,154919
2022-04-22,GC,1934.300048828125,176681
2022-04-25,GC,1896.0,231494
2022-04-26,GC,1904.0999755859375,166199
2022-04-27,GC,1888.699951171875,178197
2022-04-28,GC,1891.300048828125,170910
2022-04-29,GC,1911.699951171875,177136
2022-05-02,GC,1863.5999755859375,193825
2022-05-03,GC,1870.5999755859375,167434
2022-05-04,GC,1868.800048828125,161479
2022-05-05,GC,1875.699951171875,218392
2022-05-06,GC,1882.800048828125,194279
2022-05-09,GC,1858.5999755859375,218821
2022-05-10,GC,1841.0,260811
2022-05-11,GC,1853.699951171875,243561
2022-05-12,GC,1824.5999755859375,255608
2022-05-13,GC,1808.199951171875,179483
2022-05-16,GC,1814.0,159493
2022-05-17,GC,1818.9000244140625,137288
2022-05-18,GC,1815.9000244140625,150353
2022-05-19,GC,1841.199951171875,175242
2022-05-20,GC,1842.0999755859375,143045
2022-05-23,GC,1847.800048828125,163266
2022-05-24,GC,1865.4000244140625,174762
2022-05-25,GC,1846.300048828125,182823
2022-05-26,GC,1847.5999755859375,123355
2022-05-27,GC,1851.300048828125,30091
2022-05-31,GC,1842.699951171875,201803
2022-06-01,GC,1848.699951171875,158036
2022-06-02,GC,1871.4000244140625,127471
2022-06-03,GC,1850.199951171875,115343
2022-06-06,GC,1843.699951171875,103179
2022-06-07,GC,1852.0999755859375,119211
2022-06-08,GC,1856.5,114141
2022-06-09,GC,1852.800048828125,131293
2022-06-10,GC,1875.5,267204
2022-06-13,GC,1831.800048828125,252543
2022-06-14,GC,1813.5,165146
2022-06-15,GC,1819.5999755859375,203421
2022-06-16,GC,1849.9000244140625,180893
2022-06-17,GC,1840.5999755859375,141718
2022-06-21,GC,1838.800048828125,176299
2022-06-22,GC,1838.4000244140625,149553
2022-06-23,GC,1829.800048828125,167071
2022-06-24,GC,1830.300048828125,139723
2022-06-27,GC,1824.800048828125,143820
2022-06-28,GC,1821.199951171875,111397
2022-06-29,GC,1817.5,155542
2022-06-30,GC,1807.300048828125,208898
2022-07-01,GC,1801.5,249489
2022-07-05,GC,1763.9000244140625,310369
2022-07-06,GC,1736.5,258824
2022-07-07,GC,1739.699951171875,151256
2022-07-08,GC,1742.300048828125,189178
2022-07-11,GC,1731.699951171875,171902
2022-07-12,GC,1724.800048828125,255170
2022-07-13,GC,1735.5,300550
2022-07-14,GC,1705.800048828125,266354
2022-07-15,GC,1703.5999755859375,176797
2022-07-18,GC,1710.199951171875,157535
2022-07-19,GC,1710.699951171875,131771
2022-07-20,GC,1700.199951171875,174466
2022-07-21,GC,1713.4000244140625,248875
2022-07-22,GC,1727.4000244140625,200622
2022-07-25,GC,1719.0999755859375,160719
2022-07-26,GC,1717.699951171875,147367
2022-07-27,GC,1719.0999755859375,144865
2022-07-28,GC,1750.300048828125,37236
2022-07-29,GC,1762.9000244140625,140666
2022-08-01,GC,1787.699951171875,133742
2022-08-02,GC,1789.699951171875,174165
2022-08-03,GC,1776.4000244140625,151734
2022-08-04,GC,1806.9000244140625,153292
2022-08-05,GC,1791.199951171875,168901
2022-08-08,GC,1805.199951171875,103683
2022-08-09,GC,1812.300048828125,120510
2022-08-10,GC,1813.699951171875,154592
2022-08-11,GC,1807.199951171875,121259
2022-08-12,GC,1815.5,118649
2022-08-15,GC,1798.0999755859375,137765
2022-08-16,GC,1789.699951171875,94403
2022-08-17,GC,1776.699951171875,137832
2022-08-18,GC,1771.199951171875,124319
2022-08-19,GC,1762.9000244140625,138699
2022-08-22,GC,1748.4000244140625,142857
2022-08-23,GC,1761.199951171875,145260
2022-08-24,GC,1761.5,112645
2022-08-25,GC,1771.4000244140625,117570
2022-08-26,GC,1749.800048828125,176904
2022-08-29,GC,1749.699951171875,156220
2022-08-30,GC,1736.300048828125,130664
2022-08-31,GC,1726.199951171875,176731
2022-09-01,GC,1709.300048828125,198618
2022-09-02,GC,1722.5999755859375,174684
2022-09-06,GC,1712.9000244140625,206268
2022-09-07,GC,1727.800048828125,173624
2022-09-08,GC,1720.199951171875,184176
2022-09-09,GC,1728.5999755859375,154706
2022-09-12,GC,1740.5999755859375,154374
2022-09-13,GC,1717.4000244140625,232696
2022-09-14,GC,1709.0999755859375,163288
2022-09-15,GC,1677.300048828125,268094
2022-09-16,GC,1683.5,217226
2022-09-19,GC,1678.199951171875,141171
2022-09-20,GC,1671.0999755859375,143933
2022-09-21,GC,1675.699951171875,227938
2022-09-22,GC,1681.0999755859375,241279
2022-09-23,GC,1655.5999755859375,243045
2022-09-26,GC,1633.4000244140625,219861
2022-09-27,GC,1636.199951171875,197058
2022-09-28,GC,1670.0,279817
2022-09-29,GC,1668.5999755859375,201961
2022-09-30,GC,1672.0,179989
2022-10-03,GC,1702.0,215493
2022-10-04,GC,1730.5,205084
2022-10-05,GC,1720.800048828125,173222
2022-10-06,GC,1720.800048828125,139443
2022-10-07,GC,1709.300048828125,157445
2022-10-10,GC,1675.199951171875,157149
2022-10-11,GC,1686.0,171814
2022-10-12,GC,1677.5,131769
2022-10-13,GC,1677.0,237007
2022-10-14,GC,1648.9000244140625,183170
2022-10-17,GC,1664.0,148889
2022-10-18,GC,1655.800048828125,163168
2022-10-19,GC,1634.199951171875,179246
2022-10-20,GC,1636.800048828125,163734
2022-10-21,GC,1656.300048828125,271095
2022-10-24,GC,1654.0999755859375,171022
2022-10-25,GC,1658.0,182795
2022-10-26,GC,1669.199951171875,186926
2022-10-27,GC,1665.5999755859375,189287
2022-10-28,GC,1644.800048828125,196363
2022-10-31,GC,1640.699951171875,128413
2022-11-01,GC,1649.699951171875,197976
2022-11-02,GC,1650.0,220926
2022-11-03,GC,1630.9000244140625,254699
2022-11-04,GC,1676.5999755859375,293521
2022-11-07,GC,1680.5,187589
2022-11-08,GC,1716.0,297618
2022-11-09,GC,1713.699951171875,239645
2022-11-10,GC,1753.699951171875,305717
2022-11-11,GC,1769.4000244140625,227044
2022-11-14,GC,1776.9000244140625,191347
2022-11-15,GC,1776.800048828125,283019
2022-11-16,GC,1775.800048828125,200755
2022-11-17,GC,1763.0,169097
2022-11-18,GC,1754.4000244140625,137327
2022-11-21,GC,1739.5999755859375,166082
2022-11-22,GC,1739.9000244140625,153092
2022-11-23,GC,1745.5999755859375,167770
2022-11-25,GC,1754.0,134299
2022-11-28,GC,1740.300048828125,132767
2022-11-29,GC,1748.4000244140625,19416
2022-11-30,GC,1746.0,192239
2022-12-01,GC,1815.199951171875,226148
2022-12-02,GC,1809.5999755859375,183724
2022-12-05,GC,1781.300048828125,179818
2022-12-06,GC,1782.4000244140625,127856
2022-12-07,GC,1798.0,155568
2022-12-08,GC,1801.5,116274
2022-12-09,GC,1810.699951171875,150938
2022-12-12,GC,1792.300048828125,107782
2022-12-13,GC,1825.5,230911
2022-12-14,GC,1818.699951171875,143804
2022-12-15,GC,1787.800048828125,185317
2022-12-16,GC,1800.199951171875,128751
2022-12-19,GC,1797.699951171875,86090
2022-12-20,GC,1825.4000244140625,197496
2022-12-21,GC,1825.4000244140625,110177
2022-12-22,GC,1795.300048828125,175774
2022-12-23,GC,1804.199951171875,105457
2022-12-27,GC,1823.0999755859375,159616
2022-12-28,GC,1815.800048828125,118076
2022-12-29,GC,1826.0,105992
2022-12-30,GC,1826.199951171875,107496
2023-01-03,GC,1846.0999755859375,212272
2023-01-04,GC,1859.0,198354
2023-01-05,GC,1840.5999755859375,188603
2023-01-06,GC,1869.699951171875,215367
2023-01-09,GC,1877.800048828125,204550
2023-01-10,GC,1876.5,170514
2023-01-11,GC,1878.9000244140625,222250
2023-01-12,GC,1898.800048828125,265174
2023-01-13,GC,1921.699951171875,247878
2023-01-17,GC,1909.9000244140625,268368
2023-01-18,GC,1907.0,218967
2023-01-19,GC,1923.9000244140625,214246
2023-01-20,GC,1928.199951171875,165272
2023-01-23,GC,1928.5999755859375,190094
2023-01-24,GC,1935.4000244140625,201713
2023-01-25,GC,1942.5999755859375,190302
2023-01-26,GC,1930.0,223255
2023-01-27,GC,1929.4000244140625,150902
2023-01-30,GC,1922.9000244140625,27220
2023-01-31,GC,1929.5,194077
2023-02-01,GC,1942.800048828125,210613
2023-02-02,GC,1930.800048828125,259844
2023-02-03,GC,1876.5999755859375,310612
2023-02-06,GC,1879.5,164540
2023-02-07,GC,1884.800048828125,179673
2023-02-08,GC,1890.699951171875,131904
2023-02-09,GC,1878.5,183551
2023-02-10,GC,1874.5,155270
2023-02-13,GC,1863.5,131217
2023-02-14,GC,1865.4000244140625,217012
2023-02-15,GC,1845.300048828125,169531
2023-02-16,GC,1851.800048828125,168509
2023-02-17,GC,1850.199951171875,165081
2023-02-21,GC,1842.5,210165
2023-02-22,GC,1841.5,141500
2023-02-23,GC,1826.800048828125,179972
2023-02-24,GC,1817.0999755859375,169473
2023-02-27,GC,1824.9000244140625,130427
2023-02-28,GC,1836.699951171875,184507
2023-03-01,GC,1845.4000244140625,182583
2023-03-02,GC,1840.5,139755
2023-03-03,GC,1854.5999755859375,158961
2023-03-06,GC,1854.5999755859375,136224
2023-03-07,GC,1820.0,248226
2023-03-08,GC,1818.5999755859375,208292
2023-03-09,GC,1834.5999755859375,228473
2023-03-10,GC,1867.199951171875,345814
2023-03-13,GC,1916.5,452332
2023-03-14,GC,1910.9000244140625,261275
2023-03-15,GC,1931.300048828125,385454
2023-03-16,GC,1923.0,248084
2023-03-17,GC,1973.5,351092
2023-03-20,GC,1982.800048828125,338016
2023-03-21,GC,1941.0999755859375,248934
2023-03-22,GC,1949.5999755859375,245031
2023-03-23,GC,1995.9000244140625,262247
2023-03-24,GC,1983.800048828125,285442
2023-03-27,GC,1953.800048828125,206630
2023-03-28,GC,1973.5,183582
2023-03-29,GC,1966.9000244140625,88563
2023-03-30,GC,1980.300048828125,10119
2023-03-31,GC,1969.0,162212
2023-04-03,GC,2000.4000244140625,187986
2023-04-04,GC,2038.199951171875,233301
2023-04-05,GC,2035.5999755859375,197371
2023-04-06,GC,2026.4000244140625,0
2023-04-10,GC,2003.800048828125,136231
2023-04-11,GC,2019.0,126376
2023-04-12,GC,2024.9000244140625,228494
2023-04-13,GC,2055.300048828125,198461
2023-04-14,GC,2015.800048828125,262825
2023-04-17,GC,2007.0,183425
2023-04-18,GC,2019.699951171875,164975
2023-04-19,GC,2007.300048828125,218808
2023-04-20,GC,2019.0999755859375,162840
2023-04-21,GC,1990.5,210502
2023-04-24,GC,1999.800048828125,139878
2023-04-25,GC,2004.5,222551
2023-04-26,GC,1996.0,241399
2023-04-27,GC,1999.0,203898
2023-04-28,GC,1999.0999755859375,172445
2023-05-01,GC,1992.199951171875,173016
2023-05-02,GC,2023.300048828125,245637
2023-05-03,GC,2037.0,229674
2023-05-04,GC,2055.699951171875,311003
2023-05-05,GC,2024.800048828125,283299
2023-05-08,GC,2033.199951171875,182213
2023-05-09,GC,2042.9000244140625,199701
2023-05-10,GC,2037.0999755859375,260807
2023-05-11,GC,2020.5,296976
2023-05-12,GC,2019.800048828125,220500
2023-05-15,GC,2022.699951171875,163251
2023-05-16,GC,1993.0,229938
2023-05-17,GC,1984.9000244140625,206552
2023-05-18,GC,1959.800048828125,227733
2023-05-19,GC,1981.5999755859375,234604
2023-05-22,GC,1977.199951171875,165768
2023-05-23,GC,1974.5,214358
2023-05-24,GC,1964.5999755859375,229885
2023-05-25,GC,1943.699951171875,253875
2023-05-26,GC,1944.300048828125,166036
2023-05-30,GC,1958.0,37838
2023-05-31,GC,1963.9000244140625,207753
2023-06-01,GC,1995.5,176911
2023-06-02,GC,1969.5999755859375,209694
2023-06-05,GC,1974.300048828125,179985
2023-06-06,GC,1981.5,135995
2023-06-07,GC,1958.4000244140625,189529
2023-06-08,GC,1978.5999755859375,191843
2023-06-09,GC,1977.199951171875,130408
2023-06-12,GC,1969.699951171875,122542
2023-06-13,GC,1958.5999755859375,198397
2023-06-14,GC,1968.9000244140625,199710
2023-06-15,GC,1970.699951171875,266353
2023-06-16,GC,1971.199951171875,160514
2023-06-20,GC,1947.699951171875,250140
2023-06-21,GC,1944.9000244140625,182021
2023-06-22,GC,1923.699951171875,171779
2023-06-23,GC,1929.5999755859375,186861
2023-06-26,GC,1933.800048828125,147769
2023-06-27,GC,1923.800048828125,180436
2023-06-28,GC,1922.199951171875,162493
2023-06-29,GC,1917.9000244140625,205252
2023-06-30,GC,1929.4000244140625,180688
2023-07-03,GC,1929.5,152959
2023-07-05,GC,1927.0999755859375,245932
2023-07-06,GC,1915.4000244140625,231513
2023-07-07,GC,1932.5,214272
2023-07-10,GC,1931.0,208085
2023-07-11,GC,1937.0999755859375,189372
2023-07-12,GC,1961.699951171875,270869
2023-07-13,GC,1963.800048828125,241215
2023-07-14,GC,1964.4000244140625,209306
2023-07-17,GC,1956.4000244140625,165833
2023-07-18,GC,1980.800048828125,264086
2023-07-19,GC,1980.800048828125,159409
2023-07-20,GC,1970.9000244140625,189926
2023-07-21,GC,1966.5999755859375,156540
2023-07-24,GC,1962.199951171875,197213
2023-07-25,GC,1963.699951171875,188848
2023-07-26,GC,1970.0999755859375,208106
2023-07-27,GC,1945.699951171875,194253
2023-07-28,GC,1960.4000244140625,23155
2023-07-31,GC,1970.5,139955
2023-08-01,GC,1978.800048828125,167756
2023-08-02,GC,1975.0,169658
2023-08-03,GC,1968.800048828125,141345
2023-08-04,GC,1976.0999755859375,156416
2023-08-07,GC,1970.0,104407
2023-08-08,GC,1959.9000244140625,142336
2023-08-09,GC,1950.5999755859375,139259
2023-08-10,GC,1948.9000244140625,168264
2023-08-11,GC,1946.5999755859375,122320
2023-08-14,GC,1944.0,120983
2023-08-15,GC,1935.199951171875,167153
2023-08-16,GC,1928.300048828125,128612
2023-08-17,GC,1915.199951171875,152329
2023-08-18,GC,1916.5,114737
2023-08-21,GC,1923.0,138109
2023-08-22,GC,1926.0,131088
2023-08-23,GC,1948.0999755859375,170040
2023-08-24,GC,1947.0999755859375,137393
2023-08-25,GC,1939.9000244140625,166988
2023-08-28,GC,1946.800048828125,115553
2023-08-29,GC,1965.0999755859375,174220
2023-08-30,GC,1973.0,142380
2023-08-31,GC,1965.9000244140625,133712
2023-09-01,GC,1967.0999755859375,160725
2023-09-05,GC,1952.5999755859375,192789
2023-09-06,GC,1944.199951171875,148775
2023-09-07,GC,1942.5,117168
2023-09-08,GC,1942.699951171875,138694
2023-09-11,GC,1947.199951171875,131076
2023-09-12,GC,1935.0999755859375,161993
2023-09-13,GC,1932.5,161003
2023-09-14,GC,1932.800048828125,201744
2023-09-15,GC,1946.199951171875,199773
2023-09-18,GC,1953.4000244140625,138031
2023-09-19,GC,1953.699951171875,131097
2023-09-20,GC,1967.0999755859375,220980
2023-09-21,GC,1939.5999755859375,225908
2023-09-22,GC,1945.5999755859375,139926
2023-09-25,GC,1936.5999755859375,164259
2023-09-26,GC,1919.800048828125,212263
2023-09-27,GC,1890.9000244140625,238525
2023-09-28,GC,1878.5999755859375,231419
2023-09-29,GC,1866.0999755859375,245131
2023-10-02,GC,1847.199951171875,202147
2023-10-03,GC,1841.5,216784
2023-10-04,GC,1834.800048828125,195048
2023-10-05,GC,1831.800048828125,172464
2023-10-06,GC,1845.199951171875,231024
2023-10-09,GC,1864.300048828125,187802
2023-10-10,GC,1875.300048828125,157340
2023-10-11,GC,1887.300048828125,169964
2023-10-12,GC,1883.0,163475
2023-10-13,GC,1941.5,312994
2023-10-16,GC,1934.300048828125,182823
2023-10-17,GC,1935.699951171875,165063
2023-10-18,GC,1968.300048828125,270045
2023-10-19,GC,1980.5,264821
2023-10-20,GC,1994.4000244140625,289109
2023-10-23,GC,1987.800048828125,212290
2023-10-24,GC,1986.0999755859375,200943
2023-10-25,GC,1994.9000244140625,240655
2023-10-26,GC,1997.4000244140625,214053
2023-10-27,GC,1998.5,213757
2023-10-30,GC,2005.5999755859375,181339
2023-10-31,GC,1994.300048828125,214776
2023-11-01,GC,1987.5,197629
2023-11-02,GC,1993.5,158650
2023-11-03,GC,1999.199951171875,222189
2023-11-06,GC,1988.5999755859375,146279
2023-11-07,GC,1973.5,218948
2023-11-08,GC,1957.800048828125,189359
2023-11-09,GC,1969.800048828125,214077
2023-11-10,GC,1937.699951171875,229637
2023-11-13,GC,1950.199951171875,183702
2023-11-14,GC,1966.5,180741
2023-11-15,GC,1964.300048828125,142924
2023-11-16,GC,1987.300048828125,186810
2023-11-17,GC,1984.699951171875,133120
2023-11-20,GC,1980.300048828125,177887
2023-11-21,GC,2001.5999755859375,230024
2023-11-22,GC,1992.800048828125,199370
2023-11-23,GC,1993.300048828125,199370
2023-11-24,GC,2003.0,214880
2023-11-27,GC,2012.4000244140625,251250
2023-11-28,GC,2040.0,174665
2023-11-29,GC,2047.0999755859375,15290
2023-11-30,GC,2038.0999755859375,151918
2023-12-01,GC,2089.699951171875,241615
2023-12-04,GC,2042.199951171875,378224
2023-12-05,GC,2036.300048828125,209549
2023-12-06,GC,2047.9000244140625,154219
2023-12-07,GC,2046.4000244140625,173977
2023-12-08,GC,2014.5,237289
2023-12-11,GC,1993.699951171875,160072
2023-12-12,GC,1993.199951171875,148532
2023-12-13,GC,1997.300048828125,192679
2023-12-14,GC,2044.9000244140625,231095
2023-12-15,GC,2035.699951171875,172147
2023-12-18,GC,2040.5,141406
2023-12-19,GC,2052.10009765625,134781
2023-12-20,GC,2047.699951171875,122567
2023-12-21,GC,2051.300048828125,119952
2023-12-22,GC,2069.10009765625,170150
2023-12-26,GC,2069.800048828125,79573
2023-12-27,GC,2093.10009765625,128179
2023-12-28,GC,2083.5,129544
2023-12-29,GC,2071.800048828125,105724
2024-01-02,GC,2073.39990234375,157555
2024-01-03,GC,2042.800048828125,221680
2024-01-04,GC,2050.0,130263
2024-01-05,GC,2049.800048828125,214684
2024-01-08,GC,2033.5,220988
2024-01-09,GC,2033.0,218745
2024-01-10,GC,2027.800048828125,205007
2024-01-11,GC,2019.199951171875,301337
2024-01-12,GC,2051.60009765625,272352
2024-01-16,GC,2030.199951171875,285254
2024-01-17,GC,2006.5,254292
2024-01-18,GC,2021.5999755859375,171928
2024-01-19,GC,2029.300048828125,172805
2024-01-22,GC,2022.199951171875,152756
2024-01-23,GC,2025.800048828125,156699
2024-01-24,GC,2016.0,234459
2024-01-25,GC,2017.800048828125,196670
2024-01-26,GC,2017.300048828125,119588
2024-01-29,GC,2025.4000244140625,150708
2024-01-30,GC,2031.5,26907
2024-01-31,GC,2048.39990234375,238373
2024-02-01,GC,2071.10009765625,260921
2024-02-02,GC,2053.699951171875,219800
2024-02-05,GC,2042.9000244140625,170431
2024-02-06,GC,2051.39990234375,126384
2024-02-07,GC,2051.699951171875,125631
2024-02-08,GC,2047.9000244140625,137076
2024-02-09,GC,2038.699951171875,116031
2024-02-12,GC,2033.0,116025
2024-02-13,GC,2007.199951171875,217571
2024-02-14,GC,2004.300048828125,193607
2024-02-15,GC,2014.9000244140625,204249
2024-02-16,GC,2024.0999755859375,162356
2024-02-20,GC,2039.800048828125,202432
2024-02-21,GC,2034.300048828125,120599
2024-02-22,GC,2030.699951171875,147947
2024-02-23,GC,2049.39990234375,212029
2024-02-26,GC,2038.9000244140625,129021
2024-02-27,GC,2044.0999755859375,148780
2024-02-28,GC,2042.699951171875,137077
2024-02-29,GC,2054.699951171875,227074
2024-03-01,GC,2095.699951171875,330592
2024-03-04,GC,2126.300048828125,328253
2024-03-05,GC,2141.89990234375,283148
2024-03-06,GC,2158.199951171875,319763
2024-03-07,GC,2165.199951171875,267795
2024-03-08,GC,2185.5,389682
2024-03-11,GC,2188.60009765625,242418
2024-03-12,GC,2166.10009765625,316254
2024-03-13,GC,2180.800048828125,232273
2024-03-14,GC,2167.5,207225
2024-03-15,GC,2161.5,187847
2024-03-18,GC,2164.300048828125,211858
2024-03-19,GC,2159.699951171875,178162
2024-03-20,GC,2161.0,233572
2024-03-21,GC,2184.699951171875,391750
2024-03-22,GC,2160.0,205808
2024-03-25,GC,2176.39990234375,211610
2024-03-26,GC,2177.199951171875,202373
2024-03-27,GC,2190.60009765625,31200
2024-03-28,GC,2217.39990234375,250248
2024-04-01,GC,2257.10009765625,220767
2024-04-02,GC,2281.800048828125,277228
2024-04-03,GC,2315.0,254574
2024-04-04,GC,2308.5,236227
2024-04-05,GC,2345.39990234375,293212
2024-04-08,GC,2351.0,285570
2024-04-09,GC,2362.39990234375,279608
2024-04-10,GC,2348.39990234375,353847
2024-04-11,GC,2372.699951171875,260415
2024-04-12,GC,2374.10009765625,479894
2024-04-15,GC,2383.0,343730
2024-04-16,GC,2407.800048828125,297592
2024-04-17,GC,2388.39990234375,284352
2024-04-18,GC,2398.0,200546
2024-04-19,GC,2413.800048828125,275405
2024-04-22,GC,2346.39990234375,262673
2024-04-23,GC,2342.10009765625,270225
2024-04-24,GC,2338.39990234375,187699
2024-04-25,GC,2342.5,224471
2024-04-26,GC,2347.199951171875,171011
2024-04-29,GC,2357.699951171875,187309
2024-04-30,GC,2302.89990234375,229064
2024-05-01,GC,2311.0,227384
2024-05-02,GC,2309.60009765625,193658
2024-05-03,GC,2308.60009765625,231400
2024-05-06,GC,2331.199951171875,191895
2024-05-07,GC,2324.199951171875,204623
2024-05-08,GC,2322.300048828125,214693
2024-05-09,GC,2340.300048828125,249092
2024-05-10,GC,2375.0,275241
2024-05-13,GC,2343.0,243075
2024-05-14,GC,2359.89990234375,192076
2024-05-15,GC,2394.89990234375,249843
2024-05-16,GC,2385.5,191026
2024-05-17,GC,2417.39990234375,218553
2024-05-20,GC,2438.5,281430
2024-05-21,GC,2425.89990234375,229421
2024-05-22,GC,2392.89990234375,253852
2024-05-23,GC,2337.199951171875,273658
2024-05-24,GC,2334.5,178343
2024-05-28,GC,2356.5,316223
2024-05-29,GC,2341.199951171875,119317
2024-05-30,GC,2342.89990234375,32587
2024-05-31,GC,2322.89990234375,183406
2024-06-03,GC,2369.300048828125,173149
2024-06-04,GC,2347.39990234375,171547
2024-06-05,GC,2375.5,171862
2024-06-06,GC,2390.89990234375,172202
2024-06-07,GC,2325.0,314551
2024-06-10,GC,2327.0,142888
2024-06-11,GC,2326.60009765625,145501
2024-06-12,GC,2354.800048828125,241670
2024-06-13,GC,2318.0,182657
2024-06-14,GC,2349.10009765625,163367
2024-06-17,GC,2329.0,122702
2024-06-18,GC,2346.89990234375,154251
2024-06-20,GC,2369.0,252687
2024-06-21,GC,2331.199951171875,194824
2024-06-24,GC,2344.39990234375,117625
2024-06-25,GC,2330.800048828125,144271
2024-06-26,GC,2313.199951171875,191628
2024-06-27,GC,2336.60009765625,140228
2024-06-28,GC,2339.60009765625,135383
2024-07-01,GC,2338.89990234375,142601
2024-07-02,GC,2333.39990234375,153709
2024-07-03,GC,2369.39990234375,193642
2024-07-05,GC,2397.699951171875,293254
2024-07-08,GC,2363.5,240781
2024-07-09,GC,2367.89990234375,252489
2024-07-10,GC,2379.699951171875,163900
2024-07-11,GC,2421.89990234375,303520
2024-07-12,GC,2420.699951171875,220933
2024-07-15,GC,2428.89990234375,193535
2024-07-16,GC,2467.800048828125,246085
2024-07-17,GC,2459.89990234375,259540
2024-07-18,GC,2456.39990234375,192770
2024-07-19,GC,2399.10009765625,254408
2024-07-22,GC,2394.699951171875,197562
2024-07-23,GC,2407.300048828125,171191
2024-07-24,GC,2415.699951171875,245884
2024-07-25,GC,2353.5,294897
2024-07-26,GC,2381.0,154523
2024-07-29,GC,2377.800048828125,126409
2024-07-30,GC,2405.0,25944
2024-07-31,GC,2426.5,176268
2024-08-01,GC,2480.800048828125,219834
2024-08-02,GC,2469.800048828125,309937
2024-08-05,GC,2444.39990234375,352229
2024-08-06,GC,2431.60009765625,186107
2024-08-07,GC,2432.39990234375,166078
2024-08-08,GC,2463.300048828125,178509
2024-08-09,GC,2473.39990234375,152173
2024-08-12,GC,2504.0,171204
2024-08-13,GC,2507.800048828125,155078
2024-08-14,GC,2479.699951171875,187384
2024-08-15,GC,2492.39990234375,169322
2024-08-16,GC,2537.800048828125,223934
2024-08-19,GC,2541.300048828125,155994
2024-08-20,GC,2550.60009765625,191196
2024-08-21,GC,2547.5,148894
2024-08-22,GC,2516.699951171875,177369
2024-08-23,GC,2546.300048828125,164613
2024-08-26,GC,2555.199951171875,127485
2024-08-27,GC,2552.89990234375,146222
2024-08-28,GC,2537.800048828125,165123
2024-08-29,GC,2560.300048828125,159965
2024-08-30,GC,2527.60009765625,175644
2024-09-03,GC,2523.0,273539
2024-09-04,GC,2526.0,167957
2024-09-05,GC,2543.10009765625,152709
2024-09-06,GC,2524.60009765625,228117
2024-09-09,GC,2532.699951171875,140583
2024-09-10,GC,2543.10009765625,156108
2024-09-11,GC,2542.39990234375,194085
2024-09-12,GC,2580.60009765625,233679
2024-09-13,GC,2610.699951171875,174674
2024-09-16,GC,2608.89990234375,127576
2024-09-17,GC,2592.39990234375,159525
2024-09-18,GC,2598.60009765625,233128
2024-09-19,GC,2614.60009765625,204475
2024-09-20,GC,2646.199951171875,207209
2024-09-23,GC,2652.5,170494
2024-09-24,GC,2677.0,216553
2024-09-25,GC,2684.699951171875,189943
2024-09-26,GC,2694.89990234375,217643
2024-09-27,GC,2668.10009765625,196732
2024-09-30,GC,2659.39990234375,173252
2024-10-01,GC,2690.300048828125,202756
2024-10-02,GC,2669.699951171875,128680
2024-10-03,GC,2679.199951171875,138551
2024-10-04,GC,2667.800048828125,192656
2024-10-07,GC,2666.0,130705
2024-10-08,GC,2635.39990234375,233849
2024-10-09,GC,2626.0,143000
2024-10-10,GC,2639.300048828125,195581
2024-10-11,GC,2676.300048828125,168597
2024-10-14,GC,2665.60009765625,123361
2024-10-15,GC,2678.89990234375,160564
2024-10-16,GC,2691.300048828125,156877
2024-10-17,GC,2707.5,181816
2024-10-18,GC,2730.0,178959
2024-10-21,GC,2738.89990234375,210450
2024-10-22,GC,2759.800048828125,173695
2024-10-23,GC,2729.39990234375,214515
2024-10-24,GC,2748.89990234375,175872
2024-10-25,GC,2754.60009765625,153487
2024-10-28,GC,2755.89990234375,161907
2024-10-29,GC,2781.10009765625,207424
2024-10-30,GC,2800.800048828125,191549
2024-10-31,GC,2749.300048828125,242571
2024-11-01,GC,2749.199951171875,180660
2024-11-04,GC,2746.199951171875,145248
2024-11-05,GC,2749.699951171875,151434
2024-11-06,GC,2676.300048828125,361313
2024-11-07,GC,2705.800048828125,292924
2024-11-08,GC,2694.800048828125,233110
2024-11-11,GC,2617.699951171875,281919
2024-11-12,GC,2606.300048828125,282766
2024-11-13,GC,2586.5,262752
2024-11-14,GC,2572.89990234375,266162
2024-11-15,GC,2570.10009765625,179892
2024-11-18,GC,2614.60009765625,195294
2024-11-19,GC,2631.0,202241
2024-11-20,GC,2651.699951171875,182012
2024-11-21,GC,2674.89990234375,186297
2024-11-22,GC,2712.199951171875,220554
2024-11-25,GC,2618.5,305339
2024-11-26,GC,2621.300048828125,177858
2024-11-27,GC,2639.89990234375,61653
2024-11-29,GC,2657.0,180756
2024-12-02,GC,2658.5,163543
2024-12-03,GC,2667.89990234375,140965
2024-12-04,GC,2676.199951171875,171792
2024-12-05,GC,2648.39990234375,156116
2024-12-06,GC,2659.60009765625,167166
2024-12-09,GC,2685.800048828125,182150
2024-12-10,GC,2718.39990234375,181509
2024-12-11,GC,2756.699951171875,264985
2024-12-12,GC,2709.39990234375,219468
2024-12-13,GC,2675.800048828125,178685
2024-12-16,GC,2670.0,115996
2024-12-17,GC,2662.0,147053
2024-12-18,GC,2653.300048828125,156334
2024-12-19,GC,2608.10009765625,191587
2024-12-20,GC,2645.10009765625,153567
2024-12-23,GC,2628.199951171875,105131
2024-12-24,GC,2635.5,53366
2024-12-26,GC,2653.89990234375,79265
2024-12-27,GC,2631.89990234375,93897
2024-12-30,GC,2618.10009765625,110915
2024-12-31,GC,2641.0,86292
2025-01-02,GC,2669.0,144517
2025-01-03,GC,2654.699951171875,121173
2025-01-06,GC,2647.39990234375,169923
2025-01-07,GC,2665.39990234375,161617
2025-01-08,GC,2672.39990234375,197370
2025-01-09,GC,2690.800048828125,156645
2025-01-10,GC,2715.0,298408
2025-01-13,GC,2678.60009765625,211094
2025-01-14,GC,2682.300048828125,179414
2025-01-15,GC,2717.800048828125,193720
2025-01-16,GC,2750.89990234375,186543
2025-01-17,GC,2748.699951171875,156868
2025-01-21,GC,2759.199951171875,294121
2025-01-22,GC,2770.89990234375,158141
2025-01-23,GC,2765.0,194742
2025-01-24,GC,2778.89990234375,199562
2025-01-27,GC,2738.39990234375,215514
2025-01-28,GC,2767.5,171359
2025-01-29,GC,2769.800048828125,125692
2025-01-30,GC,2823.0,40141
2025-01-31,GC,2812.5,165676
2025-02-03,GC,2857.10009765625,181344
2025-02-04,GC,2875.800048828125,145862
2025-02-05,GC,2893.0,167383
2025-02-06,GC,2876.699951171875,167701
2025-02-07,GC,2887.60009765625,192551
2025-02-10,GC,2934.39990234375,167232
2025-02-11,GC,2932.60009765625,218478
2025-02-12,GC,2928.699951171875,204625
2025-02-13,GC,2945.39990234375,169496
2025-02-14,GC,2900.699951171875,228078
2025-02-18,GC,2949.0,218757
2025-02-19,GC,2936.10009765625,159341
2025-02-20,GC,2956.10009765625,172197
2025-02-21,GC,2953.199951171875,163686
2025-02-24,GC,2963.199951171875,162775
2025-02-25,GC,2918.800048828125,234850
2025-02-26,GC,2930.60009765625,163371
2025-02-27,GC,2895.89990234375,207650
2025-02-28,GC,2848.5,210560
2025-03-03,GC,2901.10009765625,177018
2025-03-04,GC,2920.60009765625,188515
2025-03-05,GC,2926.0,183016
2025-03-06,GC,2926.60009765625,166364
2025-03-07,GC,2914.10009765625,237577
2025-03-10,GC,2899.39990234375,221609
2025-03-11,GC,2920.89990234375,194119
2025-03-12,GC,2946.800048828125,209823
2025-03-13,GC,2991.300048828125,256564
2025-03-14,GC,3001.10009765625,181492
2025-03-17,GC,3006.10009765625,142155
2025-03-18,GC,3040.800048828125,177098
2025-03-19,GC,3041.199951171875,145404
2025-03-20,GC,3043.800048828125,141231
2025-03-21,GC,3021.39990234375,190470
2025-03-24,GC,3015.60009765625,202822
2025-03-25,GC,3025.89990234375,172592
2025-03-26,GC,3022.5,172002
2025-03-27,GC,3061.0,124359
2025-03-28,GC,3086.5,31206
2025-03-31,GC,3122.800048828125,228393
2025-04-01,GC,3146.0,197314
2025-04-02,GC,3166.199951171875,223124
2025-04-03,GC,3121.699951171875,382860
2025-04-04,GC,3035.39990234375,341150
2025-04-07,GC,2973.60009765625,328515
2025-04-08,GC,2990.199951171875,197577
2025-04-09,GC,3079.39990234375,298325
2025-04-10,GC,3177.5,234973
2025-04-11,GC,3244.60009765625,247317
2025-04-14,GC,3226.300048828125,189619
2025-04-15,GC,3240.39990234375,123474
2025-04-16,GC,3346.39990234375,258376
2025-04-17,GC,3328.39990234375,242065
2025-04-21,GC,3425.300048828125,243457
2025-04-22,GC,3419.39990234375,423078
2025-04-23,GC,3294.10009765625,377411
2025-04-24,GC,3348.60009765625,239603
2025-04-25,GC,3298.39990234375,241249
2025-04-28,GC,3347.699951171875,217995
2025-04-29,GC,3333.60009765625,170152
2025-04-30,GC,3319.10009765625,207722
2025-05-01,GC,3222.199951171875,214691
2025-05-02,GC,3243.300048828125,210994
2025-05-05,GC,3322.300048828125,184904
2025-05-06,GC,3422.800048828125,268098
2025-05-07,GC,3391.89990234375,304244
2025-05-08,GC,3306.0,327126
2025-05-09,GC,3344.0,232464
2025-05-12,GC,3228.0,308534
2025-05-13,GC,3247.800048828125,214423
2025-05-14,GC,3188.300048828125,233929
2025-05-15,GC,3226.60009765625,253064
2025-05-16,GC,3187.199951171875,245486
2025-05-19,GC,3233.5,185135
2025-05-20,GC,3284.60009765625,224088
2025-05-21,GC,3313.5,229503
2025-05-22,GC,3295.0,234658
2025-05-23,GC,3365.800048828125,247200
2025-05-27,GC,3300.39990234375,297309
2025-05-28,GC,3294.89990234375,127758
2025-05-29,GC,3317.10009765625,24370
2025-05-30,GC,3288.89990234375,184770
2025-06-02,GC,3397.199951171875,180995
2025-06-03,GC,3377.10009765625,168220
2025-06-04,GC,3399.199951171875,167220
2025-06-05,GC,3375.10009765625,224859
2025-06-06,GC,3346.60009765625,185366
2025-06-09,GC,3354.89990234375,142005
2025-06-10,GC,3343.39990234375,158897
2025-06-11,GC,3343.699951171875,201534
2025-06-12,GC,3402.39990234375,230166
2025-06-13,GC,3452.800048828125,270627
2025-06-16,GC,3417.300048828125,192505
2025-06-17,GC,3406.89990234375,209083
2025-06-18,GC,3408.10009765625,0
2025-06-20,GC,3385.699951171875,280833
2025-06-23,GC,3395.0,193872
2025-06-24,GC,3333.89990234375,227429
2025-06-25,GC,3343.10009765625,130010
2025-06-26,GC,3348.0,155584
2025-06-27,GC,3287.60009765625,218869
2025-06-30,GC,3307.699951171875,144201
2025-07-01,GC,3349.800048828125,168854
2025-07-02,GC,3359.699951171875,132187
2025-07-03,GC,3342.89990234375,0
2025-07-04,GC,3346.5,0
2025-07-07,GC,3342.800048828125,235762
2025-07-08,GC,3316.89990234375,218029
2025-07-09,GC,3321.0,167968
2025-07-10,GC,3325.699951171875,168190
2025-07-11,GC,3364.0,216883
2025-07-14,GC,3359.10009765625,195336
2025-07-15,GC,3336.699951171875,179884
2025-07-16,GC,3359.10009765625,235160
2025-07-17,GC,3345.300048828125,161740
2025-07-18,GC,3358.300048828125,115413
2025-07-21,GC,3406.39990234375,191195
2025-07-22,GC,3443.699951171875,227372
2025-07-23,GC,3397.60009765625,263025
2025-07-24,GC,3373.5,215271
2025-07-25,GC,3335.60009765625,196380
2025-07-28,GC,3310.0,180215
2025-07-29,GC,3324.0,113144
2025-07-30,GC,3295.800048828125,19252
2025-07-31,GC,3293.199951171875,158029
2025-08-01,GC,3399.800048828125,229954
2025-08-04,GC,3426.39990234375,138229
2025-08-05,GC,3434.699951171875,154163
2025-08-06,GC,3433.39990234375,151580
2025-08-07,GC,3453.699951171875,249091
2025-08-08,GC,3491.300048828125,321346
2025-08-11,GC,3404.699951171875,224513
2025-08-12,GC,3399.0,193820
2025-08-13,GC,3408.300048828125,135846
2025-08-14,GC,3383.199951171875,165697
2025-08-15,GC,3382.60009765625,118486
2025-08-18,GC,3378.0,119141
2025-08-19,GC,3358.699951171875,133497
2025-08-20,GC,3388.5,135521
2025-08-21,GC,3381.60009765625,123500
2025-08-22,GC,3418.5,186037
2025-08-25,GC,3417.5,97780
2025-08-26,GC,3433.0,176297
2025-08-27,GC,3448.60009765625,153806
2025-08-28,GC,3474.300048828125,156602
2025-08-29,GC,3516.10009765625,0
2025-09-02,GC,3592.199951171875,374141
2025-09-03,GC,3635.5,220786
2025-09-04,GC,3606.699951171875,232579
2025-09-05,GC,3653.300048828125,237651
2025-09-08,GC,3677.39990234375,227640
2025-09-09,GC,3682.199951171875,262656
2025-09-10,GC,3682.0,182028
2025-09-11,GC,3673.60009765625,214612
2025-09-12,GC,3686.39990234375,154559
2025-09-15,GC,3719.0,189452
2025-09-16,GC,3725.10009765625,192295
2025-09-17,GC,3717.800048828125,256047
2025-09-18,GC,3678.300048828125,224128
2025-09-19,GC,3705.800048828125,186954
2025-09-22,GC,3775.10009765625,219170
2025-09-23,GC,3815.699951171875,291564
2025-09-24,GC,3768.10009765625,236560
2025-09-25,GC,3771.10009765625,262183
2025-09-26,GC,3809.0,214083
2025-09-29,GC,3855.199951171875,258145
2025-09-30,GC,3873.199951171875,312257
2025-10-01,GC,3897.5,290470
2025-10-02,GC,3868.10009765625,284217
2025-10-03,GC,3908.89990234375,218284
2025-10-06,GC,3976.300048828125,278143
2025-10-07,GC,4004.39990234375,297512
2025-10-08,GC,4070.5,348778
2025-10-09,GC,3972.60009765625,461023
2025-10-10,GC,4000.39990234375,357542
2025-10-13,GC,4133.0,357542
2025-10-14,GC,4163.39990234375,405991
2025-10-15,GC,4201.60009765625,309914
2025-10-16,GC,4304.60009765625,375196
2025-10-17,GC,4213.2998046875,569847
2025-10-20,GC,4359.39990234375,338235
2025-10-21,GC,4109.10009765625,535325
2025-10-22,GC,4065.39990234375,468711
2025-10-23,GC,4145.60009765625,271973
2025-10-24,GC,4137.7998046875,297599
2025-10-27,GC,4019.699951171875,330749
2025-10-28,GC,3983.10009765625,338428
2025-10-29,GC,4000.699951171875,288266
2025-10-30,GC,4015.89990234375,246321
2025-10-31,GC,3996.5,237172
2025-11-03,GC,4014.0,0
2025-11-04,GC,3960.5,250259
2025-11-05,GC,3992.89990234375,175161
2025-11-06,GC,3991.0,188688
2025-11-07,GC,4009.800048828125,208649
2025-11-10,GC,4122.0,253812
2025-11-11,GC,4116.2998046875,252249
2025-11-12,GC,4213.60009765625,296796
2025-11-13,GC,4194.5,319216
2025-11-14,GC,4094.199951171875,342176
2025-11-17,GC,4074.5,235352
2025-11-18,GC,4066.5,233302
2025-11-19,GC,4082.800048828125,233696
2025-11-20,GC,4060.0,272355
2025-11-21,GC,4079.5,257813
2025-11-24,GC,4094.199951171875,223055
2025-11-25,GC,4140.0,132704
2025-11-26,GC,4165.2001953125,25088
2025-11-28,GC,4254.89990234375,154806
2025-12-01,GC,4274.7998046875,227572
2025-12-02,GC,4220.7998046875,215921
2025-12-03,GC,4232.5,176443
2025-12-04,GC,4243.0,161251
2025-12-05,GC,4243.0,193599
2025-12-08,GC,4217.7001953125,149813
2025-12-09,GC,4236.2001953125,177366
2025-12-10,GC,4224.7001953125,186178
2025-12-11,GC,4313.0,228282
2025-12-12,GC,4328.2998046875,292175
2025-12-15,GC,4335.2001953125,207700
2025-12-16,GC,4332.2998046875,212277
2025-12-17,GC,4373.89990234375,212413
2025-12-18,GC,4364.5,234460
2025-12-19,GC,4387.2998046875,165214
2025-12-22,GC,4469.39990234375,203043
2025-12-23,GC,4505.7001953125,248418
2025-12-24,GC,4502.7998046875,151576
2025-12-26,GC,4552.7001953125,181246
2025-12-29,GC,4343.60009765625,316961
2025-12-30,GC,4386.2998046875,189751
2025-12-31,GC,4341.10009765625,161782
2026-01-02,GC,4329.60009765625,154807
2026-01-05,GC,4451.5,211711
2026-01-06,GC,4496.10009765625,176584
2026-01-07,GC,4462.5,202783
2026-01-08,GC,4460.7001953125,208958
2026-01-09,GC,4500.89990234375,217946
2026-01-12,GC,4614.7001953125,307991
2026-01-13,GC,4599.10009765625,267451
2026-01-14,GC,4635.7001953125,306299
2026-01-15,GC,4623.7001953125,226481
2026-01-16,GC,4595.39990234375,246155
2026-01-20,GC,4765.7998046875,414495
2026-01-21,GC,4837.5,400518
2026-01-22,GC,4913.39990234375,265088
2026-01-23,GC,4979.7001953125,276594
2026-01-26,GC,5082.5,433111
2026-01-27,GC,5082.60009765625,325759
2026-01-28,GC,5303.60009765625,112054
2026-01-29,GC,5318.39990234375,570055
2026-01-30,GC,4745.10009765625,508003
2026-02-02,GC,4652.60009765625,385977
2026-02-03,GC,4935.0,260114
2026-02-04,GC,4950.7998046875,245957
2026-02-05,GC,4889.5,234592
2026-02-06,GC,4979.7998046875,177809
2026-02-09,GC,5079.39990234375,124150
2026-02-10,GC,5031.0,105658
2026-02-11,GC,5098.5,129968
2026-02-12,GC,4948.39990234375,161618
2026-02-13,GC,5046.2998046875,123016
2026-02-17,GC,4905.89990234375,166706
2026-02-18,GC,5009.5,98203
2026-02-19,GC,4997.39990234375,87026
2026-02-20,GC,5080.89990234375,136737
2026-02-23,GC,5225.60009765625,140957
2026-02-24,GC,5176.2998046875,145961
2026-02-25,GC,5226.2001953125,110992
2026-02-26,GC,5194.2001953125,131633
2026-02-27,GC,5247.89990234375,151664
2026-03-02,GC,5311.60009765625,227839
2026-03-03,GC,5123.7001953125,273216
2026-03-04,GC,5134.7001953125,146885
2026-03-05,GC,5078.7001953125,151852
2026-03-06,GC,5158.7001953125,160268
2026-03-09,GC,5103.7001953125,181749
2026-03-10,GC,5242.10009765625,179577
2026-03-11,GC,5179.10009765625,140336
2026-03-12,GC,5125.7998046875,153533
2026-03-13,GC,5061.7001953125,160333
2026-03-16,GC,5002.2001953125,170909
2026-03-17,GC,5008.2001953125,119419
2026-03-18,GC,4896.2001953125,217316
2026-03-19,GC,4605.7001953125,303828
2026-03-20,GC,4574.89990234375,226870
2026-03-23,GC,4407.2998046875,398666
2026-03-24,GC,4402.0,209745
2026-03-25,GC,4552.2998046875,245178
2026-03-26,GC,4376.2998046875,247440
2026-03-27,GC,4492.5,74348
2026-03-30,GC,4526.0,10816
2026-03-31,GC,4647.60009765625,176389
2026-04-01,GC,4813.10009765625,166758
2026-04-02,GC,4679.7001953125,0
2026-04-06,GC,4684.7001953125,89405
2026-04-07,GC,4684.7001953125,145711
2026-04-08,GC,4777.2001953125,215119
2026-04-09,GC,4818.0,133629
2026-04-10,GC,4787.39990234375,121566
2026-04-13,GC,4767.39990234375,127322
2026-04-14,GC,4850.10009765625,129586
2026-04-15,GC,4823.60009765625,106707
2026-04-16,GC,4808.2998046875,108864
2026-04-17,GC,4879.60009765625,135440
2026-04-20,GC,4828.7998046875,123214
2026-04-21,GC,4719.60009765625,177092
2026-04-22,GC,4753.0,100063
2026-04-23,GC,4724.0,153536
2026-04-24,GC,4740.89990234375,103218
2026-04-27,GC,4693.7001953125,85748
2026-04-28,GC,4608.39990234375,144757
2026-04-29,GC,4561.5,126415
2026-04-30,GC,4629.60009765625,119642
2026-05-01,GC,4644.5,93230
2026-05-04,GC,4533.2998046875,117006
2026-05-05,GC,4568.5,88281
2026-05-06,GC,4694.2998046875,160439
2026-05-07,GC,4710.89990234375,159525
2026-05-08,GC,4730.7001953125,122010
2026-05-11,GC,4728.7001953125,147404
2026-05-12,GC,4686.7001953125,146315
2026-05-13,GC,4706.7001953125,120048
2026-05-14,GC,4685.2998046875,102965
2026-05-15,GC,4561.89990234375,169760
2026-05-18,GC,4558.0,151971
2026-05-19,GC,4511.2001953125,140957
2026-05-20,GC,4535.2998046875,152270
2026-05-21,GC,4542.5,153243
2026-05-22,GC,4523.2001953125,108508
2026-05-26,GC,4502.2998046875,254516
2026-05-27,GC,4448.39990234375,81062
2026-05-28,GC,4499.2998046875,153472
2026-05-29,GC,4593.0,133439
2026-06-01,GC,4506.2998046875,116787
2026-06-02,GC,4519.89990234375,100306
2026-06-03,GC,4466.89990234375,106691
2026-06-04,GC,4505.0,109643
2026-06-05,GC,4365.2998046875,179306
2026-06-08,GC,4363.39990234375,144089
2026-06-09,GC,4286.39990234375,138100
2026-06-10,GC,4133.2998046875,206026
2026-06-11,GC,4114.0,206270
2026-06-12,GC,4238.7998046875,136146
2026-06-15,GC,4351.60009765625,132136
2026-06-16,GC,4354.39990234375,89925
2026-06-17,GC,4381.39990234375,160543
2026-06-18,GC,4245.89990234375,139534
2026-06-22,GC,4202.7001953125,177657
2026-06-23,GC,4149.39990234375,118495
2026-06-24,GC,4008.800048828125,189386
2026-06-25,GC,4047.60009765625,147347
2026-06-26,GC,4096.2998046875,118966
2026-06-29,GC,4038.89990234375,107421
2026-06-30,GC,4038.5,125413
2026-07-01,GC,4082.39990234375,146949
2026-07-02,GC,4125.7001953125,0
2026-07-06,GC,4167.5,147556
2026-07-07,GC,4157.39990234375,110330
2026-07-08,GC,4082.39990234375,170826
2026-07-09,GC,4140.7998046875,125061
2026-07-10,GC,4113.7001953125,98745
2026-07-13,GC,4005.699951171875,154814
2026-07-14,GC,4069.699951171875,151122
2026-07-15,GC,4051.800048828125,113034
2026-07-16,GC,3992.10009765625,125063
2026-07-17,GC,4018.800048828125,112279
2026-07-20,GC,4015.89990234375,102847
2026-07-21,GC,4076.39990234375,119957
2026-07-22,GC,4151.89990234375,132783
2026-07-23,GC,4050.199951171875,159889
2026-07-24,GC,4070.800048828125,120072
2026-07-27,GC,4077.0,135087
2026-07-28,GC,4038.699951171875,167757
2026-07-29,GC,4036.300048828125,89664
2026-07-30,GC,4100.10009765625,149370
2026-07-31,GC,4107.0,110633
2026-08-03,GC,4090.5,93289
2026-08-04,GC,4152.60009765625,118831
2026-08-05,GC,4305.2001953125,211902
2026-08-06,GC,4299.60009765625,167624
2026-08-07,GC,4399.7001953125,190635
2026-08-10,GC,4419.7001953125,118606
2026-08-11,GC,4441.10009765625,138129
2026-08-12,GC,4467.5,153093
2026-08-13,GC,4420.39990234375,139219
2026-08-14,GC,4437.2998046875,126955
2026-08-17,GC,4473.7001953125,121052
2026-08-18,GC,4420.60009765625,131150
2026-08-19,GC,4545.2998046875,250482
2026-08-20,GC,4571.39990234375,186475
2026-08-21,GC,4680.60009765625,195566
2026-08-24,GC,4697.7998046875,206802
2026-08-25,GC,4694.5,176784
2026-08-26,GC,4653.2998046875,151459
2026-08-27,GC,4664.0,140302
2026-08-28,GC,4529.89990234375,274603
2026-08-31,GC,4481.5,152216
2026-09-01,GC,4396.39990234375,198560
2026-09-02,GC,4414.60009765625,187568
2026-09-03,GC,4539.89990234375,209167
2026-09-04,GC,4476.60009765625,189656
2026-09-08,GC,4439.0,217162
2026-09-09,GC,4460.7001953125,164390
2026-09-10,GC,4407.2998046875,201300
2026-09-11,GC,4408.89990234375,187975
2026-09-14,GC,4351.89990234375,164499
2026-09-15,GC,4332.7998046875,146019
2026-09-16,GC,4387.5,249081
2026-09-17,GC,4399.7001953125,169188
2026-09-18,GC,4424.89990234375,138899
