symbol,date,close
SPY,2021-09-20,434.0400085449219
SPY,2021-09-21,433.6300048828125
SPY,2021-09-22,437.8599853515625
SPY,2021-09-23,443.17999267578125
SPY,2021-09-24,443.9100036621094
SPY,2021-09-27,442.6400146484375
SPY,2021-09-28,433.7200012207031
SPY,2021-09-29,434.45001220703125
SPY,2021-09-30,429.1400146484375
SPY,2021-10-01,434.239990234375
SPY,2021-10-04,428.6400146484375
SPY,2021-10-05,433.1000061035156
SPY,2021-10-06,434.8999938964844
SPY,2021-10-07,438.6600036621094
SPY,2021-10-08,437.8599853515625
SPY,2021-10-11,434.69000244140625
SPY,2021-10-12,433.6199951171875
SPY,2021-10-13,435.17999267578125
SPY,2021-10-14,442.5
SPY,2021-10-15,445.8699951171875
SPY,2021-10-18,447.19000244140625
SPY,2021-10-19,450.6400146484375
SPY,2021-10-20,452.4100036621094
SPY,2021-10-21,453.5899963378906
SPY,2021-10-22,453.1199951171875
SPY,2021-10-25,455.54998779296875
SPY,2021-10-26,455.9599914550781
SPY,2021-10-27,453.94000244140625
SPY,2021-10-28,458.32000732421875
SPY,2021-10-29,459.25
SPY,2021-11-01,460.0400085449219
SPY,2021-11-02,461.8999938964844
SPY,2021-11-03,464.7200012207031
SPY,2021-11-04,466.9100036621094
SPY,2021-11-05,468.5299987792969
SPY,2021-11-08,468.92999267578125
SPY,2021-11-09,467.3800048828125
SPY,2021-11-10,463.6199951171875
SPY,2021-11-11,463.7699890136719
SPY,2021-11-12,467.2699890136719
SPY,2021-11-15,467.42999267578125
SPY,2021-11-16,469.2799987792969
SPY,2021-11-17,468.1400146484375
SPY,2021-11-18,469.7300109863281
SPY,2021-11-19,468.8900146484375
SPY,2021-11-22,467.57000732421875
SPY,2021-11-23,468.19000244140625
SPY,2021-11-24,469.44000244140625
SPY,2021-11-26,458.9700012207031
SPY,2021-11-29,464.6000061035156
SPY,2021-11-30,455.55999755859375
SPY,2021-12-01,450.5
SPY,2021-12-02,457.3999938964844
SPY,2021-12-03,453.4200134277344
SPY,2021-12-06,458.7900085449219
SPY,2021-12-07,468.2799987792969
SPY,2021-12-08,469.5199890136719
SPY,2021-12-09,466.3500061035156
SPY,2021-12-10,470.739990234375
SPY,2021-12-13,466.57000732421875
SPY,2021-12-14,463.3599853515625
SPY,2021-12-15,470.6000061035156
SPY,2021-12-16,466.45001220703125
SPY,2021-12-17,459.8699951171875
SPY,2021-12-20,454.9800109863281
SPY,2021-12-21,463.05999755859375
SPY,2021-12-22,467.69000244140625
SPY,2021-12-23,470.6000061035156
SPY,2021-12-27,477.260009765625
SPY,2021-12-28,476.8699951171875
SPY,2021-12-29,477.4800109863281
SPY,2021-12-30,476.1600036621094
SPY,2021-12-31,474.9599914550781
SPY,2022-01-03,477.7099914550781
SPY,2022-01-04,477.54998779296875
SPY,2022-01-05,468.3800048828125
SPY,2022-01-06,467.94000244140625
SPY,2022-01-07,466.0899963378906
SPY,2022-01-10,465.510009765625
SPY,2022-01-11,469.75
SPY,2022-01-12,471.0199890136719
SPY,2022-01-13,464.5299987792969
SPY,2022-01-14,464.7200012207031
SPY,2022-01-18,456.489990234375
SPY,2022-01-19,451.75
SPY,2022-01-20,446.75
SPY,2022-01-21,437.9800109863281
SPY,2022-01-24,439.8399963378906
SPY,2022-01-25,434.4700012207031
SPY,2022-01-26,433.3800048828125
SPY,2022-01-27,431.239990234375
SPY,2022-01-28,441.95001220703125
SPY,2022-01-31,449.9100036621094
SPY,2022-02-01,452.95001220703125
SPY,2022-02-02,457.3500061035156
SPY,2022-02-03,446.6000061035156
SPY,2022-02-04,448.70001220703125
SPY,2022-02-07,447.260009765625
SPY,2022-02-08,450.94000244140625
SPY,2022-02-09,457.5400085449219
SPY,2022-02-10,449.32000732421875
SPY,2022-02-11,440.4599914550781
SPY,2022-02-14,439.0199890136719
SPY,2022-02-15,446.1000061035156
SPY,2022-02-16,446.6000061035156
SPY,2022-02-17,437.05999755859375
SPY,2022-02-18,434.2300109863281
SPY,2022-02-22,429.57000732421875
SPY,2022-02-23,421.95001220703125
SPY,2022-02-24,428.29998779296875
SPY,2022-02-25,437.75
SPY,2022-02-28,436.6300048828125
SPY,2022-03-01,429.9800109863281
SPY,2022-03-02,437.8900146484375
SPY,2022-03-03,435.7099914550781
SPY,2022-03-04,432.1700134277344
SPY,2022-03-07,419.42999267578125
SPY,2022-03-08,416.25
SPY,2022-03-09,427.4100036621094
SPY,2022-03-10,425.4800109863281
SPY,2022-03-11,420.07000732421875
SPY,2022-03-14,417.0
SPY,2022-03-15,426.1700134277344
SPY,2022-03-16,435.6199951171875
SPY,2022-03-17,441.07000732421875
SPY,2022-03-18,444.5199890136719
SPY,2022-03-21,444.3900146484375
SPY,2022-03-22,449.5899963378906
SPY,2022-03-23,443.79998779296875
SPY,2022-03-24,450.489990234375
SPY,2022-03-25,452.69000244140625
SPY,2022-03-28,455.9100036621094
SPY,2022-03-29,461.54998779296875
SPY,2022-03-30,458.70001220703125
SPY,2022-03-31,451.6400146484375
SPY,2022-04-01,452.9200134277344
SPY,2022-04-04,456.79998779296875
SPY,2022-04-05,451.0299987792969
SPY,2022-04-06,446.5199890136719
SPY,2022-04-07,448.7699890136719
SPY,2022-04-08,447.57000732421875
SPY,2022-04-11,439.9200134277344
SPY,2022-04-12,438.2900085449219
SPY,2022-04-13,443.30999755859375
SPY,2022-04-14,437.7900085449219
SPY,2022-04-18,437.9700012207031
SPY,2022-04-19,445.0400085449219
SPY,2022-04-20,444.7099914550781
SPY,2022-04-21,438.05999755859375
SPY,2022-04-22,426.0400085449219
SPY,2022-04-25,428.510009765625
SPY,2022-04-26,416.1000061035156
SPY,2022-04-27,417.2699890136719
SPY,2022-04-28,427.80999755859375
SPY,2022-04-29,412.0
SPY,2022-05-02,414.4800109863281
SPY,2022-05-03,416.3800048828125
SPY,2022-05-04,429.05999755859375
SPY,2022-05-05,413.80999755859375
SPY,2022-05-06,411.3399963378906
SPY,2022-05-09,398.1700134277344
SPY,2022-05-10,399.0899963378906
SPY,2022-05-11,392.75
SPY,2022-05-12,392.3399963378906
SPY,2022-05-13,401.7200012207031
SPY,2022-05-16,400.0899963378906
SPY,2022-05-17,408.32000732421875
SPY,2022-05-18,391.8599853515625
SPY,2022-05-19,389.4599914550781
SPY,2022-05-20,389.6300048828125
SPY,2022-05-23,396.9200134277344
SPY,2022-05-24,393.8900146484375
SPY,2022-05-25,397.3699951171875
SPY,2022-05-26,405.30999755859375
SPY,2022-05-27,415.260009765625
SPY,2022-05-31,412.92999267578125
SPY,2022-06-01,409.5899963378906
SPY,2022-06-02,417.3900146484375
SPY,2022-06-03,410.5400085449219
SPY,2022-06-06,411.7900085449219
SPY,2022-06-07,415.739990234375
SPY,2022-06-08,411.2200012207031
SPY,2022-06-09,401.44000244140625
SPY,2022-06-10,389.79998779296875
SPY,2022-06-13,375.0
SPY,2022-06-14,373.8699951171875
SPY,2022-06-15,379.20001220703125
SPY,2022-06-16,366.6499938964844
SPY,2022-06-17,365.8599853515625
SPY,2022-06-21,375.07000732421875
SPY,2022-06-22,374.3900146484375
SPY,2022-06-23,378.05999755859375
SPY,2022-06-24,390.0799865722656
SPY,2022-06-27,388.5899963378906
SPY,2022-06-28,380.6499938964844
SPY,2022-06-29,380.3399963378906
SPY,2022-06-30,377.25
SPY,2022-07-01,381.239990234375
SPY,2022-07-05,381.9599914550781
SPY,2022-07-06,383.25
SPY,2022-07-07,388.989990234375
SPY,2022-07-08,388.6700134277344
SPY,2022-07-11,384.2300109863281
SPY,2022-07-12,380.8299865722656
SPY,2022-07-13,378.8299865722656
SPY,2022-07-14,377.9100036621094
SPY,2022-07-15,385.1300048828125
SPY,2022-07-18,381.95001220703125
SPY,2022-07-19,392.2699890136719
SPY,2022-07-20,394.7699890136719
SPY,2022-07-21,398.7900085449219
SPY,2022-07-22,395.0899963378906
SPY,2022-07-25,395.57000732421875
SPY,2022-07-26,390.8900146484375
SPY,2022-07-27,401.0400085449219
SPY,2022-07-28,406.07000732421875
SPY,2022-07-29,411.989990234375
SPY,2022-08-01,410.7699890136719
SPY,2022-08-02,408.05999755859375
SPY,2022-08-03,414.45001220703125
SPY,2022-08-04,414.1700134277344
SPY,2022-08-05,413.4700012207031
SPY,2022-08-08,412.989990234375
SPY,2022-08-09,411.3500061035156
SPY,2022-08-10,419.989990234375
SPY,2022-08-11,419.989990234375
SPY,2022-08-12,427.1000061035156
SPY,2022-08-15,428.8599853515625
SPY,2022-08-16,429.70001220703125
SPY,2022-08-17,426.6499938964844
SPY,2022-08-18,427.8900146484375
SPY,2022-08-19,422.1400146484375
SPY,2022-08-22,413.3500061035156
SPY,2022-08-23,412.3500061035156
SPY,2022-08-24,413.6700134277344
SPY,2022-08-25,419.510009765625
SPY,2022-08-26,405.30999755859375
SPY,2022-08-29,402.6300048828125
SPY,2022-08-30,398.2099914550781
SPY,2022-08-31,395.17999267578125
SPY,2022-09-01,396.4200134277344
SPY,2022-09-02,392.239990234375
SPY,2022-09-06,390.760009765625
SPY,2022-09-07,397.7799987792969
SPY,2022-09-08,400.3800048828125
SPY,2022-09-09,406.6000061035156
SPY,2022-09-12,410.9700012207031
SPY,2022-09-13,393.1000061035156
SPY,2022-09-14,394.6000061035156
SPY,2022-09-15,390.1199951171875
SPY,2022-09-16,385.55999755859375
SPY,2022-09-19,388.54998779296875
SPY,2022-09-20,384.0899963378906
SPY,2022-09-21,377.3900146484375
SPY,2022-09-22,374.2200012207031
SPY,2022-09-23,367.95001220703125
SPY,2022-09-26,364.30999755859375
SPY,2022-09-27,363.3800048828125
SPY,2022-09-28,370.5299987792969
SPY,2022-09-29,362.7900085449219
SPY,2022-09-30,357.17999267578125
SPY,2022-10-03,366.6099853515625
SPY,2022-10-04,377.9700012207031
SPY,2022-10-05,377.0899963378906
SPY,2022-10-06,373.20001220703125
SPY,2022-10-07,362.7900085449219
SPY,2022-10-10,360.0199890136719
SPY,2022-10-11,357.739990234375
SPY,2022-10-12,356.55999755859375
SPY,2022-10-13,365.9700012207031
SPY,2022-10-14,357.6300048828125
SPY,2022-10-17,366.82000732421875
SPY,2022-10-18,371.1300048828125
SPY,2022-10-19,368.5
SPY,2022-10-20,365.4100036621094
SPY,2022-10-21,374.2900085449219
SPY,2022-10-24,378.8699951171875
SPY,2022-10-25,384.9200134277344
SPY,2022-10-26,382.0199890136719
SPY,2022-10-27,379.9800109863281
SPY,2022-10-28,389.0199890136719
SPY,2022-10-31,386.2099914550781
SPY,2022-11-01,384.5199890136719
SPY,2022-11-02,374.8699951171875
SPY,2022-11-03,371.010009765625
SPY,2022-11-04,376.3500061035156
SPY,2022-11-07,379.95001220703125
SPY,2022-11-08,382.0
SPY,2022-11-09,374.1300048828125
SPY,2022-11-10,394.69000244140625
SPY,2022-11-11,398.510009765625
SPY,2022-11-14,395.1199951171875
SPY,2022-11-15,398.489990234375
SPY,2022-11-16,395.45001220703125
SPY,2022-11-17,394.239990234375
SPY,2022-11-18,396.0299987792969
SPY,2022-11-21,394.5899963378906
SPY,2022-11-22,399.8999938964844
SPY,2022-11-23,402.4200134277344
SPY,2022-11-25,402.3299865722656
SPY,2022-11-28,395.9100036621094
SPY,2022-11-29,395.2300109863281
SPY,2022-11-30,407.67999267578125
SPY,2022-12-01,407.3800048828125
SPY,2022-12-02,406.9100036621094
SPY,2022-12-05,399.5899963378906
SPY,2022-12-06,393.8299865722656
SPY,2022-12-07,393.1600036621094
SPY,2022-12-08,396.239990234375
SPY,2022-12-09,393.2799987792969
SPY,2022-12-12,398.95001220703125
SPY,2022-12-13,401.9700012207031
SPY,2022-12-14,399.3999938964844
SPY,2022-12-15,389.6300048828125
SPY,2022-12-16,383.2699890136719
SPY,2022-12-19,380.0199890136719
SPY,2022-12-20,380.5400085449219
SPY,2022-12-21,386.2300109863281
SPY,2022-12-22,380.7200012207031
SPY,2022-12-23,382.9100036621094
SPY,2022-12-27,381.3999938964844
SPY,2022-12-28,376.6600036621094
SPY,2022-12-29,383.44000244140625
SPY,2022-12-30,382.42999267578125
SPY,2023-01-03,380.82000732421875
SPY,2023-01-04,383.760009765625
SPY,2023-01-05,379.3800048828125
SPY,2023-01-06,388.0799865722656
SPY,2023-01-09,387.8599853515625
SPY,2023-01-10,390.5799865722656
SPY,2023-01-11,395.5199890136719
SPY,2023-01-12,396.9599914550781
SPY,2023-01-13,398.5
SPY,2023-01-17,397.7699890136719
SPY,2023-01-18,391.489990234375
SPY,2023-01-19,388.6400146484375
SPY,2023-01-20,395.8800048828125
SPY,2023-01-23,400.6300048828125
SPY,2023-01-24,400.20001220703125
SPY,2023-01-25,400.3500061035156
SPY,2023-01-26,404.75
SPY,2023-01-27,405.67999267578125
SPY,2023-01-30,400.5899963378906
SPY,2023-01-31,406.4800109863281
SPY,2023-02-01,410.79998779296875
SPY,2023-02-02,416.7799987792969
SPY,2023-02-03,412.3500061035156
SPY,2023-02-06,409.8299865722656
SPY,2023-02-07,415.19000244140625
SPY,2023-02-08,410.6499938964844
SPY,2023-02-09,407.0899963378906
SPY,2023-02-10,408.0400085449219
SPY,2023-02-13,412.8299865722656
SPY,2023-02-14,412.6400146484375
SPY,2023-02-15,413.9800109863281
SPY,2023-02-16,408.2799987792969
SPY,2023-02-17,407.260009765625
SPY,2023-02-21,399.0899963378906
SPY,2023-02-22,398.5400085449219
SPY,2023-02-23,400.6600036621094
SPY,2023-02-24,396.3800048828125
SPY,2023-02-27,397.7300109863281
SPY,2023-02-28,396.260009765625
SPY,2023-03-01,394.739990234375
SPY,2023-03-02,397.80999755859375
SPY,2023-03-03,404.19000244140625
SPY,2023-03-06,404.4700012207031
SPY,2023-03-07,398.2699890136719
SPY,2023-03-08,398.9200134277344
SPY,2023-03-09,391.55999755859375
SPY,2023-03-10,385.9100036621094
SPY,2023-03-13,385.3599853515625
SPY,2023-03-14,391.7300109863281
SPY,2023-03-15,389.2799987792969
SPY,2023-03-16,396.1099853515625
SPY,2023-03-17,389.989990234375
SPY,2023-03-20,393.739990234375
SPY,2023-03-21,398.9100036621094
SPY,2023-03-22,392.1099853515625
SPY,2023-03-23,393.1700134277344
SPY,2023-03-24,395.75
SPY,2023-03-27,396.489990234375
SPY,2023-03-28,395.6000061035156
SPY,2023-03-29,401.3500061035156
SPY,2023-03-30,403.70001220703125
SPY,2023-03-31,409.3900146484375
SPY,2023-04-03,410.95001220703125
SPY,2023-04-04,408.6700134277344
SPY,2023-04-05,407.6000061035156
SPY,2023-04-06,409.19000244140625
SPY,2023-04-10,409.6099853515625
SPY,2023-04-11,409.7200012207031
SPY,2023-04-12,408.04998779296875
SPY,2023-04-13,413.4700012207031
SPY,2023-04-14,412.4599914550781
SPY,2023-04-17,413.94000244140625
SPY,2023-04-18,414.2099914550781
SPY,2023-04-19,414.1400146484375
SPY,2023-04-20,411.8800048828125
SPY,2023-04-21,412.20001220703125
SPY,2023-04-24,412.6300048828125
SPY,2023-04-25,406.0799865722656
SPY,2023-04-26,404.3599853515625
SPY,2023-04-27,412.4100036621094
SPY,2023-04-28,415.92999267578125
SPY,2023-05-01,415.510009765625
SPY,2023-05-02,410.8399963378906
SPY,2023-05-03,408.0199890136719
SPY,2023-05-04,405.1300048828125
SPY,2023-05-05,412.6300048828125
SPY,2023-05-08,412.739990234375
SPY,2023-05-09,410.92999267578125
SPY,2023-05-10,412.8500061035156
SPY,2023-05-11,412.1300048828125
SPY,2023-05-12,411.5899963378906
SPY,2023-05-15,413.010009765625
SPY,2023-05-16,410.25
SPY,2023-05-17,415.2300109863281
SPY,2023-05-18,419.2300109863281
SPY,2023-05-19,418.6199951171875
SPY,2023-05-22,418.7900085449219
SPY,2023-05-23,414.0899963378906
SPY,2023-05-24,411.0899963378906
SPY,2023-05-25,414.6499938964844
SPY,2023-05-26,420.0199890136719
SPY,2023-05-30,420.17999267578125
SPY,2023-05-31,417.8500061035156
SPY,2023-06-01,421.82000732421875
SPY,2023-06-02,427.9200134277344
SPY,2023-06-05,427.1000061035156
SPY,2023-06-06,428.0299987792969
SPY,2023-06-07,426.54998779296875
SPY,2023-06-08,429.1300048828125
SPY,2023-06-09,429.8999938964844
SPY,2023-06-12,433.79998779296875
SPY,2023-06-13,436.6600036621094
SPY,2023-06-14,437.17999267578125
SPY,2023-06-15,442.6000061035156
SPY,2023-06-16,439.4599914550781
SPY,2023-06-20,437.17999267578125
SPY,2023-06-21,434.94000244140625
SPY,2023-06-22,436.510009765625
SPY,2023-06-23,433.2099914550781
SPY,2023-06-26,431.44000244140625
SPY,2023-06-27,436.1700134277344
SPY,2023-06-28,436.3900146484375
SPY,2023-06-29,438.1099853515625
SPY,2023-06-30,443.2799987792969
SPY,2023-07-03,443.7900085449219
SPY,2023-07-05,443.1300048828125
SPY,2023-07-06,439.6600036621094
SPY,2023-07-07,438.54998779296875
SPY,2023-07-10,439.6600036621094
SPY,2023-07-11,442.4599914550781
SPY,2023-07-12,446.0199890136719
SPY,2023-07-13,449.55999755859375
SPY,2023-07-14,449.2799987792969
SPY,2023-07-17,450.8399963378906
SPY,2023-07-18,454.19000244140625
SPY,2023-07-19,455.20001220703125
SPY,2023-07-20,452.17999267578125
SPY,2023-07-21,452.17999267578125
SPY,2023-07-24,454.20001220703125
SPY,2023-07-25,455.44000244140625
SPY,2023-07-26,455.510009765625
SPY,2023-07-27,452.489990234375
SPY,2023-07-28,456.9200134277344
SPY,2023-07-31,457.7900085449219
SPY,2023-08-01,456.4800109863281
SPY,2023-08-02,450.1300048828125
SPY,2023-08-03,448.8399963378906
SPY,2023-08-04,446.80999755859375
SPY,2023-08-07,450.7099914550781
SPY,2023-08-08,448.75
SPY,2023-08-09,445.75
SPY,2023-08-10,445.9100036621094
SPY,2023-08-11,445.6499938964844
SPY,2023-08-14,448.1099853515625
SPY,2023-08-15,442.8900146484375
SPY,2023-08-16,439.6400146484375
SPY,2023-08-17,436.2900085449219
SPY,2023-08-18,436.5
SPY,2023-08-21,439.3399963378906
SPY,2023-08-22,438.1499938964844
SPY,2023-08-23,443.0299987792969
SPY,2023-08-24,436.8900146484375
SPY,2023-08-25,439.9700012207031
SPY,2023-08-28,442.760009765625
SPY,2023-08-29,449.1600036621094
SPY,2023-08-30,451.010009765625
SPY,2023-08-31,450.3500061035156
SPY,2023-09-01,451.19000244140625
SPY,2023-09-05,449.239990234375
SPY,2023-09-06,446.2200012207031
SPY,2023-09-07,444.8500061035156
SPY,2023-09-08,445.5199890136719
SPY,2023-09-11,448.45001220703125
SPY,2023-09-12,445.989990234375
SPY,2023-09-13,446.510009765625
SPY,2023-09-14,450.3599853515625
SPY,2023-09-15,443.3699951171875
SPY,2023-09-18,443.6300048828125
SPY,2023-09-19,442.7099914550781
SPY,2023-09-20,438.6400146484375
SPY,2023-09-21,431.3900146484375
SPY,2023-09-22,430.4200134277344
SPY,2023-09-25,432.2300109863281
SPY,2023-09-26,425.8800048828125
SPY,2023-09-27,426.04998779296875
SPY,2023-09-28,428.5199890136719
SPY,2023-09-29,427.4800109863281
SPY,2023-10-02,427.30999755859375
SPY,2023-10-03,421.5899963378906
SPY,2023-10-04,424.6600036621094
SPY,2023-10-05,424.5
SPY,2023-10-06,429.5400085449219
SPY,2023-10-09,432.2900085449219
SPY,2023-10-10,434.5400085449219
SPY,2023-10-11,436.32000732421875
SPY,2023-10-12,433.6600036621094
SPY,2023-10-13,431.5
SPY,2023-10-16,436.0400085449219
SPY,2023-10-17,436.0199890136719
SPY,2023-10-18,430.2099914550781
SPY,2023-10-19,426.42999267578125
SPY,2023-10-20,421.19000244140625
SPY,2023-10-23,420.4599914550781
SPY,2023-10-24,423.6300048828125
SPY,2023-10-25,417.54998779296875
SPY,2023-10-26,412.54998779296875
SPY,2023-10-27,410.67999267578125
SPY,2023-10-30,415.5899963378906
SPY,2023-10-31,418.20001220703125
SPY,2023-11-01,422.6600036621094
SPY,2023-11-02,430.760009765625
SPY,2023-11-03,434.69000244140625
SPY,2023-11-06,435.69000244140625
SPY,2023-11-07,436.92999267578125
SPY,2023-11-08,437.25
SPY,2023-11-09,433.8399963378906
SPY,2023-11-10,440.6099853515625
SPY,2023-11-13,440.19000244140625
SPY,2023-11-14,448.7300109863281
SPY,2023-11-15,449.67999267578125
SPY,2023-11-16,450.2300109863281
SPY,2023-11-17,450.7900085449219
SPY,2023-11-20,454.260009765625
SPY,2023-11-21,453.2699890136719
SPY,2023-11-22,455.0199890136719
SPY,2023-11-24,455.29998779296875
SPY,2023-11-27,454.4800109863281
SPY,2023-11-28,454.92999267578125
SPY,2023-11-29,454.6099853515625
SPY,2023-11-30,456.3999938964844
SPY,2023-12-01,459.1000061035156
SPY,2023-12-04,456.69000244140625
SPY,2023-12-05,456.6000061035156
SPY,2023-12-06,454.760009765625
SPY,2023-12-07,458.2300109863281
SPY,2023-12-08,460.20001220703125
SPY,2023-12-11,461.989990234375
SPY,2023-12-12,464.1000061035156
SPY,2023-12-13,470.5
SPY,2023-12-14,472.010009765625
SPY,2023-12-15,469.3299865722656
SPY,2023-12-18,471.9700012207031
SPY,2023-12-19,474.8399963378906
SPY,2023-12-20,468.260009765625
SPY,2023-12-21,472.70001220703125
SPY,2023-12-22,473.6499938964844
SPY,2023-12-26,475.6499938964844
SPY,2023-12-27,476.510009765625
SPY,2023-12-28,476.69000244140625
SPY,2023-12-29,475.30999755859375
SPY,2024-01-02,472.6499938964844
SPY,2024-01-03,468.7900085449219
SPY,2024-01-04,467.2799987792969
SPY,2024-01-05,467.9200134277344
SPY,2024-01-08,474.6000061035156
SPY,2024-01-09,473.8800048828125
SPY,2024-01-10,476.55999755859375
SPY,2024-01-11,476.3500061035156
SPY,2024-01-12,476.67999267578125
SPY,2024-01-16,474.92999267578125
SPY,2024-01-17,472.2900085449219
SPY,2024-01-18,476.489990234375
SPY,2024-01-19,482.42999267578125
SPY,2024-01-22,483.45001220703125
SPY,2024-01-23,484.8599853515625
SPY,2024-01-24,485.3900146484375
SPY,2024-01-25,488.0299987792969
SPY,2024-01-26,487.4100036621094
SPY,2024-01-29,491.2699890136719
SPY,2024-01-30,490.8900146484375
SPY,2024-01-31,482.8800048828125
SPY,2024-02-01,489.20001220703125
SPY,2024-02-02,494.3500061035156
SPY,2024-02-05,492.54998779296875
SPY,2024-02-06,493.9800109863281
SPY,2024-02-07,498.1000061035156
SPY,2024-02-08,498.32000732421875
SPY,2024-02-09,501.20001220703125
SPY,2024-02-12,500.9800109863281
SPY,2024-02-13,494.0799865722656
SPY,2024-02-14,498.57000732421875
SPY,2024-02-15,502.010009765625
SPY,2024-02-16,499.510009765625
SPY,2024-02-20,496.760009765625
SPY,2024-02-21,497.2099914550781
SPY,2024-02-22,507.5
SPY,2024-02-23,507.8500061035156
SPY,2024-02-26,505.989990234375
SPY,2024-02-27,506.92999267578125
SPY,2024-02-28,506.260009765625
SPY,2024-02-29,508.0799865722656
SPY,2024-03-01,512.8499755859375
SPY,2024-03-04,512.2999877929688
SPY,2024-03-05,507.17999267578125
SPY,2024-03-06,509.75
SPY,2024-03-07,514.8099975585938
SPY,2024-03-08,511.7200012207031
SPY,2024-03-11,511.2799987792969
SPY,2024-03-12,516.780029296875
SPY,2024-03-13,515.969970703125
SPY,2024-03-14,514.9500122070312
SPY,2024-03-15,509.8299865722656
SPY,2024-03-18,512.8599853515625
SPY,2024-03-19,515.7100219726562
SPY,2024-03-20,520.47998046875
SPY,2024-03-21,522.2000122070312
SPY,2024-03-22,521.2100219726562
SPY,2024-03-25,519.77001953125
SPY,2024-03-26,518.8099975585938
SPY,2024-03-27,523.1699829101562
SPY,2024-03-28,523.0700073242188
SPY,2024-04-01,522.1599731445312
SPY,2024-04-02,518.8400268554688
SPY,2024-04-03,519.4099731445312
SPY,2024-04-04,513.0700073242188
SPY,2024-04-05,518.4299926757812
SPY,2024-04-08,518.719970703125
SPY,2024-04-09,519.3200073242188
SPY,2024-04-10,514.1199951171875
SPY,2024-04-11,518.0
SPY,2024-04-12,510.8500061035156
SPY,2024-04-15,504.45001220703125
SPY,2024-04-16,503.5299987792969
SPY,2024-04-17,500.54998779296875
SPY,2024-04-18,499.5199890136719
SPY,2024-04-19,495.1600036621094
SPY,2024-04-22,499.7200012207031
SPY,2024-04-23,505.6499938964844
SPY,2024-04-24,505.4100036621094
SPY,2024-04-25,503.489990234375
SPY,2024-04-26,508.260009765625
SPY,2024-04-29,510.05999755859375
SPY,2024-04-30,501.9800109863281
SPY,2024-05-01,500.3500061035156
SPY,2024-05-02,505.0299987792969
SPY,2024-05-03,511.2900085449219
SPY,2024-05-06,516.5700073242188
SPY,2024-05-07,517.1400146484375
SPY,2024-05-08,517.1900024414062
SPY,2024-05-09,520.1699829101562
SPY,2024-05-10,520.8400268554688
SPY,2024-05-13,520.9099731445312
SPY,2024-05-14,523.2999877929688
SPY,2024-05-15,529.780029296875
SPY,2024-05-16,528.6900024414062
SPY,2024-05-17,529.4500122070312
SPY,2024-05-20,530.0599975585938
SPY,2024-05-21,531.3599853515625
SPY,2024-05-22,529.8300170898438
SPY,2024-05-23,525.9600219726562
SPY,2024-05-24,529.4400024414062
SPY,2024-05-28,529.8099975585938
SPY,2024-05-29,526.0999755859375
SPY,2024-05-30,522.6099853515625
SPY,2024-05-31,527.3699951171875
SPY,2024-06-03,527.7999877929688
SPY,2024-06-04,528.3900146484375
SPY,2024-06-05,534.6699829101562
SPY,2024-06-06,534.6599731445312
SPY,2024-06-07,534.010009765625
SPY,2024-06-10,535.6599731445312
SPY,2024-06-11,536.9500122070312
SPY,2024-06-12,541.3599853515625
SPY,2024-06-13,542.4500122070312
SPY,2024-06-14,542.780029296875
SPY,2024-06-17,547.0999755859375
SPY,2024-06-18,548.489990234375
SPY,2024-06-20,547.0
SPY,2024-06-21,544.510009765625
SPY,2024-06-24,542.739990234375
SPY,2024-06-25,544.8300170898438
SPY,2024-06-26,545.510009765625
SPY,2024-06-27,546.3699951171875
SPY,2024-06-28,544.219970703125
SPY,2024-07-01,545.3400268554688
SPY,2024-07-02,549.010009765625
SPY,2024-07-03,551.4600219726562
SPY,2024-07-05,554.6400146484375
SPY,2024-07-08,555.280029296875
SPY,2024-07-09,555.8200073242188
SPY,2024-07-10,561.3200073242188
SPY,2024-07-11,556.47998046875
SPY,2024-07-12,559.989990234375
SPY,2024-07-15,561.530029296875
SPY,2024-07-16,564.8599853515625
SPY,2024-07-17,556.9400024414062
SPY,2024-07-18,552.6599731445312
SPY,2024-07-19,548.989990234375
SPY,2024-07-22,554.6500244140625
SPY,2024-07-23,553.780029296875
SPY,2024-07-24,541.22998046875
SPY,2024-07-25,538.4099731445312
SPY,2024-07-26,544.4400024414062
SPY,2024-07-29,544.760009765625
SPY,2024-07-30,542.0
SPY,2024-07-31,550.8099975585938
SPY,2024-08-01,543.010009765625
SPY,2024-08-02,532.9000244140625
SPY,2024-08-05,517.3800048828125
SPY,2024-08-06,522.1500244140625
SPY,2024-08-07,518.6599731445312
SPY,2024-08-08,530.6500244140625
SPY,2024-08-09,532.989990234375
SPY,2024-08-12,533.27001953125
SPY,2024-08-13,542.0399780273438
SPY,2024-08-14,543.75
SPY,2024-08-15,553.0700073242188
SPY,2024-08-16,554.3099975585938
SPY,2024-08-19,559.6099853515625
SPY,2024-08-20,558.7000122070312
SPY,2024-08-21,560.6199951171875
SPY,2024-08-22,556.219970703125
SPY,2024-08-23,562.1300048828125
SPY,2024-08-26,560.7899780273438
SPY,2024-08-27,561.5599975585938
SPY,2024-08-28,558.2999877929688
SPY,2024-08-29,558.3499755859375
SPY,2024-08-30,563.6799926757812
SPY,2024-09-03,552.0800170898438
SPY,2024-09-04,550.9500122070312
SPY,2024-09-05,549.6099853515625
SPY,2024-09-06,540.3599853515625
SPY,2024-09-09,546.4099731445312
SPY,2024-09-10,548.7899780273438
SPY,2024-09-11,554.4199829101562
SPY,2024-09-12,559.0900268554688
SPY,2024-09-13,562.010009765625
SPY,2024-09-16,562.8400268554688
SPY,2024-09-17,563.0700073242188
SPY,2024-09-18,561.4000244140625
SPY,2024-09-19,570.97998046875
SPY,2024-09-20,568.25
SPY,2024-09-23,569.6699829101562
SPY,2024-09-24,571.2999877929688
SPY,2024-09-25,570.0399780273438
SPY,2024-09-26,572.2999877929688
SPY,2024-09-27,571.469970703125
SPY,2024-09-30,573.760009765625
SPY,2024-10-01,568.6199951171875
SPY,2024-10-02,568.8599853515625
SPY,2024-10-03,567.8200073242188
SPY,2024-10-04,572.97998046875
SPY,2024-10-07,567.7999877929688
SPY,2024-10-08,573.1699829101562
SPY,2024-10-09,577.1400146484375
SPY,2024-10-10,576.1300048828125
SPY,2024-10-11,579.5800170898438
SPY,2024-10-14,584.3200073242188
SPY,2024-10-15,579.780029296875
SPY,2024-10-16,582.2999877929688
SPY,2024-10-17,582.3499755859375
SPY,2024-10-18,584.5900268554688
SPY,2024-10-21,583.6300048828125
SPY,2024-10-22,583.3200073242188
SPY,2024-10-23,577.989990234375
SPY,2024-10-24,579.239990234375
SPY,2024-10-25,579.0399780273438
SPY,2024-10-28,580.8300170898438
SPY,2024-10-29,581.77001953125
SPY,2024-10-30,580.010009765625
SPY,2024-10-31,568.6400146484375
SPY,2024-11-01,571.0399780273438
SPY,2024-11-04,569.8099975585938
SPY,2024-11-05,576.7000122070312
SPY,2024-11-06,591.0399780273438
SPY,2024-11-07,595.6099853515625
SPY,2024-11-08,598.1900024414062
SPY,2024-11-11,598.760009765625
SPY,2024-11-12,596.9000244140625
SPY,2024-11-13,597.1900024414062
SPY,2024-11-14,593.3499755859375
SPY,2024-11-15,585.75
SPY,2024-11-18,588.1500244140625
SPY,2024-11-19,590.2999877929688
SPY,2024-11-20,590.5
SPY,2024-11-21,593.6699829101562
SPY,2024-11-22,595.510009765625
SPY,2024-11-25,597.530029296875
SPY,2024-11-26,600.6500244140625
SPY,2024-11-27,598.8300170898438
SPY,2024-11-29,602.5499877929688
SPY,2024-12-02,603.6300048828125
SPY,2024-12-03,603.9099731445312
SPY,2024-12-04,607.6599731445312
SPY,2024-12-05,606.6599731445312
SPY,2024-12-06,607.8099975585938
SPY,2024-12-09,604.6799926757812
SPY,2024-12-10,602.7999877929688
SPY,2024-12-11,607.4600219726562
SPY,2024-12-12,604.3300170898438
SPY,2024-12-13,604.2100219726562
SPY,2024-12-16,606.7899780273438
SPY,2024-12-17,604.2899780273438
SPY,2024-12-18,586.280029296875
SPY,2024-12-19,586.0999755859375
SPY,2024-12-20,591.1500244140625
SPY,2024-12-23,594.6900024414062
SPY,2024-12-24,601.2999877929688
SPY,2024-12-26,601.3400268554688
SPY,2024-12-27,595.010009765625
SPY,2024-12-30,588.219970703125
SPY,2024-12-31,586.0800170898438
SPY,2025-01-02,584.6400146484375
SPY,2025-01-03,591.9500122070312
SPY,2025-01-06,595.3599853515625
SPY,2025-01-07,588.6300048828125
SPY,2025-01-08,589.489990234375
SPY,2025-01-10,580.489990234375
SPY,2025-01-13,581.3900146484375
SPY,2025-01-14,582.1900024414062
SPY,2025-01-15,592.780029296875
SPY,2025-01-16,591.6400146484375
SPY,2025-01-17,597.5800170898438
SPY,2025-01-21,603.0499877929688
SPY,2025-01-22,606.4400024414062
SPY,2025-01-23,609.75
SPY,2025-01-24,607.969970703125
SPY,2025-01-27,599.3699951171875
SPY,2025-01-28,604.52001953125
SPY,2025-01-29,601.8099975585938
SPY,2025-01-30,605.0399780273438
SPY,2025-01-31,601.8200073242188
SPY,2025-02-03,597.77001953125
SPY,2025-02-04,601.780029296875
SPY,2025-02-05,604.219970703125
SPY,2025-02-06,606.3200073242188
SPY,2025-02-07,600.77001953125
SPY,2025-02-10,604.8499755859375
SPY,2025-02-11,605.3099975585938
SPY,2025-02-12,603.3599853515625
SPY,2025-02-13,609.72998046875
SPY,2025-02-14,609.7000122070312
SPY,2025-02-18,611.489990234375
SPY,2025-02-19,612.9299926757812
SPY,2025-02-20,610.3800048828125
SPY,2025-02-21,599.9400024414062
SPY,2025-02-24,597.2100219726562
SPY,2025-02-25,594.239990234375
SPY,2025-02-26,594.5399780273438
SPY,2025-02-27,585.0499877929688
SPY,2025-02-28,594.1799926757812
SPY,2025-03-03,583.77001953125
SPY,2025-03-04,576.8599853515625
SPY,2025-03-05,583.0599975585938
SPY,2025-03-06,572.7100219726562
SPY,2025-03-07,575.9199829101562
SPY,2025-03-10,560.5800170898438
SPY,2025-03-11,555.9199829101562
SPY,2025-03-12,558.8699951171875
SPY,2025-03-13,551.4199829101562
SPY,2025-03-14,562.8099975585938
SPY,2025-03-17,567.1500244140625
SPY,2025-03-18,561.02001953125
SPY,2025-03-19,567.1300048828125
SPY,2025-03-20,565.489990234375
SPY,2025-03-21,563.97998046875
SPY,2025-03-24,574.0800170898438
SPY,2025-03-25,575.4600219726562
SPY,2025-03-26,568.5900268554688
SPY,2025-03-27,567.0800170898438
SPY,2025-03-28,555.6599731445312
SPY,2025-03-31,559.3900146484375
SPY,2025-04-01,560.969970703125
SPY,2025-04-02,564.52001953125
SPY,2025-04-03,536.7000122070312
SPY,2025-04-04,505.2799987792969
SPY,2025-04-07,504.3800048828125
SPY,2025-04-08,496.4800109863281
SPY,2025-04-09,548.6199951171875
SPY,2025-04-10,524.5800170898438
SPY,2025-04-11,533.9400024414062
SPY,2025-04-14,539.1199951171875
SPY,2025-04-15,537.6099853515625
SPY,2025-04-16,525.6599731445312
SPY,2025-04-17,526.4099731445312
SPY,2025-04-21,513.8800048828125
SPY,2025-04-22,527.25
SPY,2025-04-23,535.4199829101562
SPY,2025-04-24,546.6900024414062
SPY,2025-04-25,550.6400146484375
SPY,2025-04-28,550.8499755859375
SPY,2025-04-29,554.3200073242188
SPY,2025-04-30,554.5399780273438
SPY,2025-05-01,558.469970703125
SPY,2025-05-02,566.760009765625
SPY,2025-05-05,563.510009765625
SPY,2025-05-06,558.7999877929688
SPY,2025-05-07,561.1500244140625
SPY,2025-05-08,565.0599975585938
SPY,2025-05-09,564.3400268554688
SPY,2025-05-12,582.989990234375
SPY,2025-05-13,586.8400268554688
SPY,2025-05-14,587.5900268554688
SPY,2025-05-15,590.4600219726562
SPY,2025-05-16,594.2000122070312
SPY,2025-05-19,594.8499755859375
SPY,2025-05-20,592.8499755859375
SPY,2025-05-21,582.8599853515625
SPY,2025-05-22,583.0900268554688
SPY,2025-05-23,579.1099853515625
SPY,2025-05-27,591.1500244140625
SPY,2025-05-28,587.72998046875
SPY,2025-05-29,590.0499877929688
SPY,2025-05-30,589.3900146484375
SPY,2025-06-02,592.7100219726562
SPY,2025-06-03,596.0900268554688
SPY,2025-06-04,595.9299926757812
SPY,2025-06-05,593.0499877929688
SPY,2025-06-06,599.1400146484375
SPY,2025-06-09,599.6799926757812
SPY,2025-06-10,603.0800170898438
SPY,2025-06-11,601.3599853515625
SPY,2025-06-12,603.75
SPY,2025-06-13,597.0
SPY,2025-06-16,602.6799926757812
SPY,2025-06-17,597.530029296875
SPY,2025-06-18,597.4400024414062
SPY,2025-06-20,594.280029296875
SPY,2025-06-23,600.1500244140625
SPY,2025-06-24,606.780029296875
SPY,2025-06-25,607.1199951171875
SPY,2025-06-26,611.8699951171875
SPY,2025-06-27,614.9099731445312
SPY,2025-06-30,617.8499755859375
SPY,2025-07-01,617.6500244140625
SPY,2025-07-02,620.4500122070312
SPY,2025-07-03,625.3400268554688
SPY,2025-07-07,620.6799926757812
SPY,2025-07-08,620.3400268554688
SPY,2025-07-09,624.0599975585938
SPY,2025-07-10,625.8200073242188
SPY,2025-07-11,623.6199951171875
SPY,2025-07-14,624.8099975585938
SPY,2025-07-15,622.1400146484375
SPY,2025-07-16,624.219970703125
SPY,2025-07-17,628.0399780273438
SPY,2025-07-18,627.5800170898438
SPY,2025-07-21,628.77001953125
SPY,2025-07-22,628.8599853515625
SPY,2025-07-23,634.2100219726562
SPY,2025-07-24,634.4199829101562
SPY,2025-07-25,637.0999755859375
SPY,2025-07-28,636.9400024414062
SPY,2025-07-29,635.260009765625
SPY,2025-07-30,634.4600219726562
SPY,2025-07-31,632.0800170898438
SPY,2025-08-01,621.719970703125
SPY,2025-08-04,631.1699829101562
SPY,2025-08-05,627.969970703125
SPY,2025-08-06,632.780029296875
SPY,2025-08-07,632.25
SPY,2025-08-08,637.1799926757812
SPY,2025-08-11,635.9199829101562
SPY,2025-08-12,642.6900024414062
SPY,2025-08-13,644.8900146484375
SPY,2025-08-14,644.9500122070312
SPY,2025-08-15,643.4400024414062
SPY,2025-08-18,643.2999877929688
SPY,2025-08-19,639.8099975585938
SPY,2025-08-20,638.1099853515625
SPY,2025-08-21,635.5499877929688
SPY,2025-08-22,645.3099975585938
SPY,2025-08-25,642.469970703125
SPY,2025-08-26,645.1599731445312
SPY,2025-08-27,646.6300048828125
SPY,2025-08-28,648.9199829101562
SPY,2025-08-29,645.0499877929688
SPY,2025-09-02,640.27001953125
SPY,2025-09-03,643.739990234375
SPY,2025-09-04,649.1199951171875
SPY,2025-09-05,647.239990234375
SPY,2025-09-08,648.8300170898438
SPY,2025-09-09,650.3300170898438
SPY,2025-09-10,652.2100219726562
SPY,2025-09-11,657.6300048828125
SPY,2025-09-12,657.4099731445312
SPY,2025-09-15,660.9099731445312
SPY,2025-09-16,660.0
SPY,2025-09-17,659.1799926757812
SPY,2025-09-18,662.260009765625
SPY,2025-09-19,663.7000122070312
SPY,2025-09-22,666.8400268554688
SPY,2025-09-23,663.2100219726562
SPY,2025-09-24,661.0999755859375
SPY,2025-09-25,658.0499877929688
SPY,2025-09-26,661.8200073242188
SPY,2025-09-29,663.6799926757812
SPY,2025-09-30,666.1799926757812
SPY,2025-10-01,668.4500122070312
SPY,2025-10-02,669.219970703125
SPY,2025-10-03,669.2100219726562
SPY,2025-10-06,671.6099853515625
SPY,2025-10-07,669.1199951171875
SPY,2025-10-08,673.1099853515625
SPY,2025-10-09,671.1599731445312
SPY,2025-10-10,653.02001953125
SPY,2025-10-13,663.0399780273438
SPY,2025-10-14,662.22998046875
SPY,2025-10-15,665.1699829101562
SPY,2025-10-16,660.6400146484375
SPY,2025-10-17,664.3900146484375
SPY,2025-10-20,671.2999877929688
SPY,2025-10-21,671.2899780273438
SPY,2025-10-22,667.7999877929688
SPY,2025-10-23,671.760009765625
SPY,2025-10-24,677.25
SPY,2025-10-27,685.239990234375
SPY,2025-10-28,687.0599975585938
SPY,2025-10-29,687.3900146484375
SPY,2025-10-30,679.8300170898438
SPY,2025-10-31,682.0599975585938
SPY,2025-11-03,683.3400268554688
SPY,2025-11-04,675.239990234375
SPY,2025-11-05,677.5800170898438
SPY,2025-11-06,670.3099975585938
SPY,2025-11-07,670.969970703125
SPY,2025-11-10,681.4400024414062
SPY,2025-11-11,683.0
SPY,2025-11-12,683.3800048828125
SPY,2025-11-13,672.0399780273438
SPY,2025-11-14,671.9299926757812
SPY,2025-11-17,665.6699829101562
SPY,2025-11-18,660.0800170898438
SPY,2025-11-19,662.6300048828125
SPY,2025-11-20,652.530029296875
SPY,2025-11-21,659.030029296875
SPY,2025-11-24,668.72998046875
SPY,2025-11-25,675.02001953125
SPY,2025-11-26,679.6799926757812
SPY,2025-11-28,683.3900146484375
SPY,2025-12-01,680.27001953125
SPY,2025-12-02,681.530029296875
SPY,2025-12-03,683.8900146484375
SPY,2025-12-04,684.3900146484375
SPY,2025-12-05,685.6900024414062
SPY,2025-12-08,683.6300048828125
SPY,2025-12-09,683.0399780273438
SPY,2025-12-10,687.5700073242188
SPY,2025-12-11,689.1699829101562
SPY,2025-12-12,681.760009765625
SPY,2025-12-15,680.72998046875
SPY,2025-12-16,678.8699951171875
SPY,2025-12-17,671.4000244140625
SPY,2025-12-18,676.469970703125
SPY,2025-12-19,680.5900268554688
SPY,2025-12-22,684.8300170898438
SPY,2025-12-23,687.9600219726562
SPY,2025-12-24,690.3800048828125
SPY,2025-12-26,690.3099975585938
SPY,2025-12-29,687.8499755859375
SPY,2025-12-30,687.010009765625
SPY,2025-12-31,681.9199829101562
SPY,2026-01-02,683.1699829101562
SPY,2026-01-05,687.719970703125
SPY,2026-01-06,691.8099975585938
SPY,2026-01-07,689.5800170898438
SPY,2026-01-08,689.510009765625
SPY,2026-01-09,694.0700073242188
SPY,2026-01-12,695.1599731445312
SPY,2026-01-13,693.77001953125
SPY,2026-01-14,690.3599853515625
SPY,2026-01-15,692.239990234375
SPY,2026-01-16,691.6599731445312
SPY,2026-01-20,677.5800170898438
SPY,2026-01-21,685.4000244140625
SPY,2026-01-22,688.97998046875
SPY,2026-01-23,689.22998046875
SPY,2026-01-26,692.72998046875
SPY,2026-01-27,695.489990234375
SPY,2026-01-28,695.4199829101562
SPY,2026-01-29,694.0399780273438
SPY,2026-01-30,691.969970703125
SPY,2026-02-02,695.4099731445312
SPY,2026-02-03,689.530029296875
SPY,2026-02-04,686.1900024414062
SPY,2026-02-05,677.6199951171875
SPY,2026-02-06,690.6199951171875
SPY,2026-02-09,693.9500122070312
SPY,2026-02-10,692.1199951171875
SPY,2026-02-11,691.9600219726562
SPY,2026-02-12,681.27001953125
SPY,2026-02-13,681.75
SPY,2026-02-17,682.8499755859375
SPY,2026-02-18,686.2899780273438
SPY,2026-02-19,684.47998046875
SPY,2026-02-20,689.4299926757812
SPY,2026-02-23,682.3900146484375
SPY,2026-02-24,687.3499755859375
SPY,2026-02-25,693.1500244140625
SPY,2026-02-26,689.2999877929688
SPY,2026-02-27,685.989990234375
SPY,2026-03-02,686.3800048828125
SPY,2026-03-03,680.3300170898438
SPY,2026-03-04,685.1300048828125
SPY,2026-03-05,681.3099975585938
SPY,2026-03-06,672.3800048828125
SPY,2026-03-09,678.27001953125
SPY,2026-03-10,677.1799926757812
SPY,2026-03-11,676.3300170898438
SPY,2026-03-12,666.0599975585938
SPY,2026-03-13,662.2899780273438
SPY,2026-03-16,669.030029296875
SPY,2026-03-17,670.7899780273438
SPY,2026-03-18,661.4299926757812
SPY,2026-03-19,659.7999877929688
SPY,2026-03-20,648.5700073242188
SPY,2026-03-23,655.3800048828125
SPY,2026-03-24,653.1799926757812
SPY,2026-03-25,656.8200073242188
SPY,2026-03-26,645.0900268554688
SPY,2026-03-27,634.0900268554688
SPY,2026-03-30,631.969970703125
SPY,2026-03-31,650.3400268554688
SPY,2026-04-01,655.239990234375
SPY,2026-04-02,655.8300170898438
SPY,2026-04-06,658.9299926757812
SPY,2026-04-07,659.219970703125
SPY,2026-04-08,676.010009765625
SPY,2026-04-09,679.9099731445312
SPY,2026-04-10,679.4600219726562
SPY,2026-04-13,686.0999755859375
SPY,2026-04-14,694.4600219726562
SPY,2026-04-15,699.9400024414062
SPY,2026-04-16,701.6599731445312
SPY,2026-04-17,710.1400146484375
SPY,2026-04-20,708.719970703125
SPY,2026-04-21,704.0800170898438
SPY,2026-04-22,711.2100219726562
SPY,2026-04-23,708.4500122070312
SPY,2026-04-24,713.9400024414062
SPY,2026-04-27,715.1699829101562
SPY,2026-04-28,711.6900024414062
SPY,2026-04-29,711.5800170898438
SPY,2026-04-30,718.6599731445312
SPY,2026-05-01,720.6500244140625
SPY,2026-05-04,718.010009765625
SPY,2026-05-05,723.77001953125
SPY,2026-05-06,733.8300170898438
SPY,2026-05-07,731.5800170898438
SPY,2026-05-08,737.6199951171875
SPY,2026-05-11,739.2999877929688
SPY,2026-05-12,738.1799926757812
SPY,2026-05-13,742.3099975585938
SPY,2026-05-14,748.1699829101562
SPY,2026-05-15,739.1699829101562
SPY,2026-05-18,738.6500244140625
SPY,2026-05-19,733.72998046875
SPY,2026-05-20,741.25
SPY,2026-05-21,742.719970703125
SPY,2026-05-22,745.6400146484375
SPY,2026-05-26,750.5900268554688
SPY,2026-05-27,750.4600219726562
SPY,2026-05-28,754.5999755859375
SPY,2026-05-29,756.47998046875
SPY,2026-06-01,758.5399780273438
SPY,2026-06-02,759.5700073242188
SPY,2026-06-03,754.239990234375
SPY,2026-06-04,757.0900268554688
SPY,2026-06-05,737.5499877929688
SPY,2026-06-08,739.219970703125
SPY,2026-06-09,737.0499877929688
SPY,2026-06-10,725.4299926757812
SPY,2026-06-11,737.760009765625
SPY,2026-06-12,741.75
SPY,2026-06-15,754.8300170898438
SPY,2026-06-16,750.3300170898438
SPY,2026-06-17,740.9600219726562
SPY,2026-06-18,746.739990234375
SPY,2026-06-22,744.3900146484375
SPY,2026-06-23,733.5800170898438
SPY,2026-06-24,733.239990234375
SPY,2026-06-25,734.2999877929688
SPY,2026-06-26,728.989990234375
SPY,2026-06-29,741.0
SPY,2026-06-30,746.77001953125
SPY,2026-07-01,745.760009765625
SPY,2026-07-02,744.780029296875
SPY,2026-07-06,751.280029296875
SPY,2026-07-07,747.7100219726562
SPY,2026-07-08,745.4000244140625
SPY,2026-07-09,751.7100219726562
SPY,2026-07-10,754.9500122070312
SPY,2026-07-13,749.1699829101562
SPY,2026-07-14,751.8300170898438
SPY,2026-07-15,754.8099975585938
SPY,2026-07-16,750.719970703125
SPY,2026-07-17,743.2899780273438
SPY,2026-07-20,742.0900268554688
SPY,2026-07-21,748.280029296875
SPY,2026-07-22,747.4099731445312
SPY,2026-07-23,738.1799926757812
SPY,2026-07-24,738.9299926757812
SPY,2026-07-27,739.0900268554688
SPY,2026-07-28,740.8599853515625
SPY,2026-07-29,729.4600219726562
SPY,2026-07-30,741.6900024414062
SPY,2026-07-31,747.030029296875
SPY,2026-08-03,757.6699829101562
SPY,2026-08-04,771.3300170898438
SPY,2026-08-05,769.7899780273438
SPY,2026-08-06,768.5599975585938
SPY,2026-08-07,773.260009765625
SPY,2026-08-10,773.030029296875
SPY,2026-08-11,770.5599975585938
SPY,2026-08-12,772.489990234375
SPY,2026-08-13,777.8800048828125
SPY,2026-08-14,776.3400268554688
SPY,2026-08-17,772.6699829101562
SPY,2026-08-18,767.4500122070312
SPY,2026-08-19,769.0599975585938
SPY,2026-08-20,762.5999755859375
SPY,2026-08-21,765.719970703125
SPY,2026-08-24,763.469970703125
SPY,2026-08-25,765.9099731445312
SPY,2026-08-26,766.0800170898438
SPY,2026-08-27,771.0999755859375
SPY,2026-08-28,769.3499755859375
SPY,2026-08-31,767.0499877929688
SPY,2026-09-01,761.780029296875
SPY,2026-09-02,765.1599731445312
SPY,2026-09-03,773.1699829101562
SPY,2026-09-04,770.1900024414062
SPY,2026-09-08,765.9600219726562
SPY,2026-09-09,762.4000244140625
SPY,2026-09-10,757.8300170898438
SPY,2026-09-11,764.2899780273438
SPY,2026-09-14,760.8800048828125
SPY,2026-09-15,757.3900146484375
SPY,2026-09-16,754.0499877929688
SPY,2026-09-17,762.5999755859375
SPY,2026-09-18,761.6900024414062
QQQ,2021-09-20,365.70001220703125
QQQ,2021-09-21,366.1499938964844
QQQ,2021-09-22,369.57000732421875
QQQ,2021-09-23,372.9800109863281
QQQ,2021-09-24,373.3299865722656
QQQ,2021-09-27,370.3500061035156
QQQ,2021-09-28,359.8699951171875
QQQ,2021-09-29,359.2799987792969
QQQ,2021-09-30,357.9599914550781
QQQ,2021-10-01,360.17999267578125
QQQ,2021-10-04,352.6199951171875
QQQ,2021-10-05,357.3800048828125
QQQ,2021-10-06,359.6700134277344
QQQ,2021-10-07,362.9700012207031
QQQ,2021-10-08,361.1600036621094
QQQ,2021-10-11,358.3900146484375
QQQ,2021-10-12,357.1400146484375
QQQ,2021-10-13,360.0
QQQ,2021-10-14,366.6300048828125
QQQ,2021-10-15,368.94000244140625
QQQ,2021-10-18,372.6499938964844
QQQ,2021-10-19,375.4700012207031
QQQ,2021-10-20,374.9800109863281
QQQ,2021-10-21,377.2699890136719
QQQ,2021-10-22,374.1000061035156
QQQ,2021-10-25,377.92999267578125
QQQ,2021-10-26,379.1199951171875
QQQ,2021-10-27,380.0
QQQ,2021-10-28,384.2200012207031
QQQ,2021-10-29,386.1099853515625
QQQ,2021-11-01,387.42999267578125
QQQ,2021-11-02,389.04998779296875
QQQ,2021-11-03,393.17999267578125
QQQ,2021-11-04,398.2200012207031
QQQ,2021-11-05,398.6000061035156
QQQ,2021-11-08,398.05999755859375
QQQ,2021-11-09,395.32000732421875
QQQ,2021-11-10,389.510009765625
QQQ,2021-11-11,390.5899963378906
QQQ,2021-11-12,394.70001220703125
QQQ,2021-11-15,394.6099853515625
QQQ,2021-11-16,397.4200134277344
QQQ,2021-11-17,397.6300048828125
QQQ,2021-11-18,401.75
QQQ,2021-11-19,403.989990234375
QQQ,2021-11-22,399.29998779296875
QQQ,2021-11-23,397.4800109863281
QQQ,2021-11-24,398.760009765625
QQQ,2021-11-26,391.20001220703125
QQQ,2021-11-29,399.69000244140625
QQQ,2021-11-30,393.82000732421875
QQQ,2021-12-01,387.1199951171875
QQQ,2021-12-02,389.9100036621094
QQQ,2021-12-03,383.1300048828125
QQQ,2021-12-06,386.20001220703125
QQQ,2021-12-07,397.8299865722656
QQQ,2021-12-08,399.6099853515625
QQQ,2021-12-09,393.7300109863281
QQQ,2021-12-10,398.010009765625
QQQ,2021-12-13,392.260009765625
QQQ,2021-12-14,388.20001220703125
QQQ,2021-12-15,397.04998779296875
QQQ,2021-12-16,386.8399963378906
QQQ,2021-12-17,384.9100036621094
QQQ,2021-12-20,380.69000244140625
QQQ,2021-12-21,389.2099914550781
QQQ,2021-12-22,393.95001220703125
QQQ,2021-12-23,396.9200134277344
QQQ,2021-12-27,403.4800109863281
QQQ,2021-12-28,401.6099853515625
QQQ,2021-12-29,401.54998779296875
QQQ,2021-12-30,400.3500061035156
QQQ,2021-12-31,397.8500061035156
QQQ,2022-01-03,401.67999267578125
QQQ,2022-01-04,396.4700012207031
QQQ,2022-01-05,384.2900085449219
QQQ,2022-01-06,384.0199890136719
QQQ,2022-01-07,379.8599853515625
QQQ,2022-01-10,380.1099853515625
QQQ,2022-01-11,385.82000732421875
QQQ,2022-01-12,387.3500061035156
QQQ,2022-01-13,377.6600036621094
QQQ,2022-01-14,380.010009765625
QQQ,2022-01-18,370.54998779296875
QQQ,2022-01-19,366.4800109863281
QQQ,2022-01-20,361.7200012207031
QQQ,2022-01-21,351.69000244140625
QQQ,2022-01-24,353.29998779296875
QQQ,2022-01-25,345.1099853515625
QQQ,2022-01-26,344.57000732421875
QQQ,2022-01-27,341.1000061035156
QQQ,2022-01-28,351.79998779296875
QQQ,2022-01-31,363.04998779296875
QQQ,2022-02-01,365.5199890136719
QQQ,2022-02-02,368.489990234375
QQQ,2022-02-03,353.54998779296875
QQQ,2022-02-04,358.010009765625
QQQ,2022-02-07,355.1300048828125
QQQ,2022-02-08,359.1199951171875
QQQ,2022-02-09,366.7300109863281
QQQ,2022-02-10,358.42999267578125
QQQ,2022-02-11,347.05999755859375
QQQ,2022-02-14,347.489990234375
QQQ,2022-02-15,356.1300048828125
QQQ,2022-02-16,356.0400085449219
QQQ,2022-02-17,345.45001220703125
QQQ,2022-02-18,341.510009765625
QQQ,2022-02-22,338.0799865722656
QQQ,2022-02-23,329.4200134277344
QQQ,2022-02-24,340.489990234375
QQQ,2022-02-25,345.7699890136719
QQQ,2022-02-28,346.79998779296875
QQQ,2022-03-01,341.489990234375
QQQ,2022-03-02,347.2200012207031
QQQ,2022-03-03,342.260009765625
QQQ,2022-03-04,337.29998779296875
QQQ,2022-03-07,324.8599853515625
QQQ,2022-03-08,323.3500061035156
QQQ,2022-03-09,334.989990234375
QQQ,2022-03-10,331.2699890136719
QQQ,2022-03-11,324.3999938964844
QQQ,2022-03-14,318.1700134277344
QQQ,2022-03-15,328.1499938964844
QQQ,2022-03-16,340.32000732421875
QQQ,2022-03-17,344.44000244140625
QQQ,2022-03-18,351.489990234375
QQQ,2022-03-21,350.0799865722656
QQQ,2022-03-22,356.9599914550781
QQQ,2022-03-23,351.8299865722656
QQQ,2022-03-24,359.6499938964844
QQQ,2022-03-25,359.3500061035156
QQQ,2022-03-28,364.9100036621094
QQQ,2022-03-29,371.19000244140625
QQQ,2022-03-30,367.0899963378906
QQQ,2022-03-31,362.5400085449219
QQQ,2022-04-01,361.8500061035156
QQQ,2022-04-04,369.29998779296875
QQQ,2022-04-05,361.1000061035156
QQQ,2022-04-06,353.260009765625
QQQ,2022-04-07,354.1000061035156
QQQ,2022-04-08,349.1499938964844
QQQ,2022-04-11,340.8900146484375
QQQ,2022-04-12,339.45001220703125
QQQ,2022-04-13,346.3500061035156
QQQ,2022-04-14,338.42999267578125
QQQ,2022-04-18,338.69000244140625
QQQ,2022-04-19,346.260009765625
QQQ,2022-04-20,341.2099914550781
QQQ,2022-04-21,334.1499938964844
QQQ,2022-04-22,325.3999938964844
QQQ,2022-04-25,329.5799865722656
QQQ,2022-04-26,317.1400146484375
QQQ,2022-04-27,316.760009765625
QQQ,2022-04-28,328.010009765625
QQQ,2022-04-29,313.25
QQQ,2022-05-02,318.4800109863281
QQQ,2022-05-03,318.82000732421875
QQQ,2022-05-04,329.6000061035156
QQQ,2022-05-05,313.0
QQQ,2022-05-06,309.25
QQQ,2022-05-09,297.1499938964844
QQQ,2022-05-10,300.760009765625
QQQ,2022-05-11,291.8399963378906
QQQ,2022-05-12,291.1499938964844
QQQ,2022-05-13,301.94000244140625
QQQ,2022-05-16,298.44000244140625
QQQ,2022-05-17,306.1700134277344
QQQ,2022-05-18,291.1400146484375
QQQ,2022-05-19,289.5799865722656
QQQ,2022-05-20,288.67999267578125
QQQ,2022-05-23,293.4800109863281
QQQ,2022-05-24,287.239990234375
QQQ,2022-05-25,291.260009765625
QQQ,2022-05-26,299.3299865722656
QQQ,2022-05-27,309.1000061035156
QQQ,2022-05-31,308.2799987792969
QQQ,2022-06-01,306.0
QQQ,2022-06-02,314.3800048828125
QQQ,2022-06-03,306.20001220703125
QQQ,2022-06-06,307.2200012207031
QQQ,2022-06-07,309.8699951171875
QQQ,2022-06-08,307.6400146484375
QQQ,2022-06-09,299.3999938964844
QQQ,2022-06-10,288.8399963378906
QQQ,2022-06-13,275.4100036621094
QQQ,2022-06-14,275.9100036621094
QQQ,2022-06-15,282.79998779296875
QQQ,2022-06-16,271.3900146484375
QQQ,2022-06-17,274.69000244140625
QQQ,2022-06-21,281.0799865722656
QQQ,2022-06-22,280.6700134277344
QQQ,2022-06-23,284.8500061035156
QQQ,2022-06-24,294.6099853515625
QQQ,2022-06-27,292.45001220703125
QQQ,2022-06-28,283.5400085449219
QQQ,2022-06-29,283.79998779296875
QQQ,2022-06-30,280.2799987792969
QQQ,2022-07-01,282.1300048828125
QQQ,2022-07-05,286.9599914550781
QQQ,2022-07-06,288.79998779296875
QQQ,2022-07-07,294.9800109863281
QQQ,2022-07-08,295.3500061035156
QQQ,2022-07-11,289.0400085449219
QQQ,2022-07-12,286.239990234375
QQQ,2022-07-13,285.6499938964844
QQQ,2022-07-14,286.6700134277344
QQQ,2022-07-15,291.8699951171875
QQQ,2022-07-18,289.3999938964844
QQQ,2022-07-19,298.29998779296875
QQQ,2022-07-20,303.0299987792969
QQQ,2022-07-21,307.3800048828125
QQQ,2022-07-22,301.989990234375
QQQ,2022-07-25,300.2699890136719
QQQ,2022-07-26,294.3699951171875
QQQ,2022-07-27,306.80999755859375
QQQ,2022-07-28,309.80999755859375
QQQ,2022-07-29,315.4599914550781
QQQ,2022-08-01,315.2699890136719
QQQ,2022-08-02,314.3299865722656
QQQ,2022-08-03,322.8900146484375
QQQ,2022-08-04,324.3999938964844
QQQ,2022-08-05,321.75
QQQ,2022-08-08,320.7099914550781
QQQ,2022-08-09,317.0799865722656
QQQ,2022-08-10,325.92999267578125
QQQ,2022-08-11,324.0799865722656
QQQ,2022-08-12,330.3900146484375
QQQ,2022-08-15,333.05999755859375
QQQ,2022-08-16,332.2799987792969
QQQ,2022-08-17,328.489990234375
QQQ,2022-08-18,329.2799987792969
QQQ,2022-08-19,322.8599853515625
QQQ,2022-08-22,314.3599853515625
QQQ,2022-08-23,314.1000061035156
QQQ,2022-08-24,315.010009765625
QQQ,2022-08-25,320.5799865722656
QQQ,2022-08-26,307.44000244140625
QQQ,2022-08-29,304.4100036621094
QQQ,2022-08-30,301.0199890136719
QQQ,2022-08-31,299.2699890136719
QQQ,2022-09-01,299.3999938964844
QQQ,2022-09-02,295.1700134277344
QQQ,2022-09-06,293.04998779296875
QQQ,2022-09-07,298.9700012207031
QQQ,2022-09-08,300.5199890136719
QQQ,2022-09-09,307.0899963378906
QQQ,2022-09-12,310.739990234375
QQQ,2022-09-13,293.70001220703125
QQQ,2022-09-14,296.0299987792969
QQQ,2022-09-15,291.1000061035156
QQQ,2022-09-16,289.32000732421875
QQQ,2022-09-19,291.04998779296875
QQQ,2022-09-20,288.7300109863281
QQQ,2022-09-21,283.55999755859375
QQQ,2022-09-22,280.07000732421875
QQQ,2022-09-23,275.510009765625
QQQ,2022-09-26,274.3699951171875
QQQ,2022-09-27,274.4800109863281
QQQ,2022-09-28,279.94000244140625
QQQ,2022-09-29,271.8699951171875
QQQ,2022-09-30,267.260009765625
QQQ,2022-10-03,273.5299987792969
QQQ,2022-10-04,282.1300048828125
QQQ,2022-10-05,281.9800109863281
QQQ,2022-10-06,279.760009765625
QQQ,2022-10-07,269.1000061035156
QQQ,2022-10-10,266.4100036621094
QQQ,2022-10-11,262.75
QQQ,2022-10-12,262.6600036621094
QQQ,2022-10-13,268.82000732421875
QQQ,2022-10-14,260.739990234375
QQQ,2022-10-17,269.3500061035156
QQQ,2022-10-18,271.4800109863281
QQQ,2022-10-19,270.489990234375
QQQ,2022-10-20,269.1099853515625
QQQ,2022-10-21,275.4200134277344
QQQ,2022-10-24,278.45001220703125
QQQ,2022-10-25,284.2099914550781
QQQ,2022-10-26,277.92999267578125
QQQ,2022-10-27,272.8699951171875
QQQ,2022-10-28,281.2200012207031
QQQ,2022-10-31,277.95001220703125
QQQ,2022-11-01,275.1099853515625
QQQ,2022-11-02,265.67999267578125
QQQ,2022-11-03,260.489990234375
QQQ,2022-11-04,264.67999267578125
QQQ,2022-11-07,267.5899963378906
QQQ,2022-11-08,269.5400085449219
QQQ,2022-11-09,263.32000732421875
QQQ,2022-11-10,282.75
QQQ,2022-11-11,287.9599914550781
QQQ,2022-11-14,285.44000244140625
QQQ,2022-11-15,289.3900146484375
QQQ,2022-11-16,285.44000244140625
QQQ,2022-11-17,284.80999755859375
QQQ,2022-11-18,284.82000732421875
QQQ,2022-11-21,281.8900146484375
QQQ,2022-11-22,285.95001220703125
QQQ,2022-11-23,288.82000732421875
QQQ,2022-11-25,286.9200134277344
QQQ,2022-11-28,282.7099914550781
QQQ,2022-11-29,280.57000732421875
QQQ,2022-11-30,293.3599853515625
QQQ,2022-12-01,293.7200012207031
QQQ,2022-12-02,292.54998779296875
QQQ,2022-12-05,287.6400146484375
QQQ,2022-12-06,281.67999267578125
QQQ,2022-12-07,280.5299987792969
QQQ,2022-12-08,283.8500061035156
QQQ,2022-12-09,282.0400085449219
QQQ,2022-12-12,285.5799865722656
QQQ,2022-12-13,288.6499938964844
QQQ,2022-12-14,286.510009765625
QQQ,2022-12-15,276.8900146484375
QQQ,2022-12-16,274.25
QQQ,2022-12-19,269.75
QQQ,2022-12-20,269.5400085449219
QQQ,2022-12-21,273.45001220703125
QQQ,2022-12-22,266.760009765625
QQQ,2022-12-23,267.3599853515625
QQQ,2022-12-27,263.5799865722656
QQQ,2022-12-28,260.1000061035156
QQQ,2022-12-29,266.44000244140625
QQQ,2022-12-30,266.2799987792969
QQQ,2023-01-03,264.4800109863281
QQQ,2023-01-04,265.739990234375
QQQ,2023-01-05,261.5799865722656
QQQ,2023-01-06,268.79998779296875
QQQ,2023-01-09,270.5400085449219
QQQ,2023-01-10,272.8299865722656
QQQ,2023-01-11,277.54998779296875
QQQ,2023-01-12,279.04998779296875
QQQ,2023-01-13,280.9700012207031
QQQ,2023-01-17,281.5400085449219
QQQ,2023-01-18,277.8800048828125
QQQ,2023-01-19,275.1499938964844
QQQ,2023-01-20,282.67999267578125
QQQ,2023-01-23,288.9599914550781
QQQ,2023-01-24,288.3699951171875
QQQ,2023-01-25,287.7300109863281
QQQ,2023-01-26,293.3399963378906
QQQ,2023-01-27,296.260009765625
QQQ,2023-01-30,290.2699890136719
QQQ,2023-01-31,294.6199951171875
QQQ,2023-02-01,300.9200134277344
QQQ,2023-02-02,311.7200012207031
QQQ,2023-02-03,306.17999267578125
QQQ,2023-02-06,303.5899963378906
QQQ,2023-02-07,309.8800048828125
QQQ,2023-02-08,304.3699951171875
QQQ,2023-02-09,301.67999267578125
QQQ,2023-02-10,299.70001220703125
QQQ,2023-02-13,304.5
QQQ,2023-02-14,306.75
QQQ,2023-02-15,309.1000061035156
QQQ,2023-02-16,303.29998779296875
QQQ,2023-02-17,301.1600036621094
QQQ,2023-02-21,294.0299987792969
QQQ,2023-02-22,294.25
QQQ,2023-02-23,296.82000732421875
QQQ,2023-02-24,291.8500061035156
QQQ,2023-02-27,293.94000244140625
QQQ,2023-02-28,293.55999755859375
QQQ,2023-03-01,291.20001220703125
QQQ,2023-03-02,293.6099853515625
QQQ,2023-03-03,299.67999267578125
QQQ,2023-03-06,300.0199890136719
QQQ,2023-03-07,296.3399963378906
QQQ,2023-03-08,297.82000732421875
QQQ,2023-03-09,292.6600036621094
QQQ,2023-03-10,288.54998779296875
QQQ,2023-03-13,290.69000244140625
QQQ,2023-03-14,297.3699951171875
QQQ,2023-03-15,298.92999267578125
QQQ,2023-03-16,306.80999755859375
QQQ,2023-03-17,305.3599853515625
QQQ,2023-03-20,305.9700012207031
QQQ,2023-03-21,310.3399963378906
QQQ,2023-03-22,306.1199951171875
QQQ,2023-03-23,309.75
QQQ,2023-03-24,310.8900146484375
QQQ,2023-03-27,308.760009765625
QQQ,2023-03-28,307.1199951171875
QQQ,2023-03-29,312.7200012207031
QQQ,2023-03-30,315.67999267578125
QQQ,2023-03-31,320.92999267578125
QQQ,2023-04-03,320.1499938964844
QQQ,2023-04-04,319.07000732421875
QQQ,2023-04-05,315.9200134277344
QQQ,2023-04-06,318.04998779296875
QQQ,2023-04-10,317.8699951171875
QQQ,2023-04-11,315.8299865722656
QQQ,2023-04-12,313.0400085449219
QQQ,2023-04-13,319.1700134277344
QQQ,2023-04-14,318.57000732421875
QQQ,2023-04-17,318.8399963378906
QQQ,2023-04-18,318.8599853515625
QQQ,2023-04-19,318.7099914550781
QQQ,2023-04-20,316.2799987792969
QQQ,2023-04-21,316.6099853515625
QQQ,2023-04-24,315.95001220703125
QQQ,2023-04-25,309.989990234375
QQQ,2023-04-26,311.8699951171875
QQQ,2023-04-27,320.3500061035156
QQQ,2023-04-28,322.55999755859375
QQQ,2023-05-01,322.19000244140625
QQQ,2023-05-02,319.3800048828125
QQQ,2023-05-03,317.2900085449219
QQQ,2023-05-04,316.1700134277344
QQQ,2023-05-05,322.8900146484375
QQQ,2023-05-08,323.69000244140625
QQQ,2023-05-09,321.6400146484375
QQQ,2023-05-10,325.1400146484375
QQQ,2023-05-11,326.20001220703125
QQQ,2023-05-12,325.0299987792969
QQQ,2023-05-15,326.7900085449219
QQQ,2023-05-16,327.1600036621094
QQQ,2023-05-17,331.1199951171875
QQQ,2023-05-18,337.2699890136719
QQQ,2023-05-19,336.510009765625
QQQ,2023-05-22,337.6400146484375
QQQ,2023-05-23,333.3599853515625
QQQ,2023-05-24,331.6499938964844
QQQ,2023-05-25,339.7200012207031
QQQ,2023-05-26,348.3999938964844
QQQ,2023-05-30,349.9800109863281
QQQ,2023-05-31,347.989990234375
QQQ,2023-06-01,352.010009765625
QQQ,2023-06-02,354.6499938964844
QQQ,2023-06-05,354.8999938964844
QQQ,2023-06-06,354.8399963378906
QQQ,2023-06-07,348.82000732421875
QQQ,2023-06-08,353.1499938964844
QQQ,2023-06-09,354.5
QQQ,2023-06-12,360.489990234375
QQQ,2023-06-13,363.260009765625
QQQ,2023-06-14,365.8999938964844
QQQ,2023-06-15,370.260009765625
QQQ,2023-06-16,367.92999267578125
QQQ,2023-06-20,366.8999938964844
QQQ,2023-06-21,361.8999938964844
QQQ,2023-06-22,366.1700134277344
QQQ,2023-06-23,362.5400085449219
QQQ,2023-06-26,357.67999267578125
QQQ,2023-06-27,363.8299865722656
QQQ,2023-06-28,364.5400085449219
QQQ,2023-06-29,363.80999755859375
QQQ,2023-06-30,369.4200134277344
QQQ,2023-07-03,370.2900085449219
QQQ,2023-07-05,370.2799987792969
QQQ,2023-07-06,367.4599914550781
QQQ,2023-07-07,366.239990234375
QQQ,2023-07-10,366.3599853515625
QQQ,2023-07-11,368.1700134277344
QQQ,2023-07-12,372.82000732421875
QQQ,2023-07-13,379.1499938964844
QQQ,2023-07-14,379.07000732421875
QQQ,2023-07-17,382.6099853515625
QQQ,2023-07-18,385.739990234375
QQQ,2023-07-19,385.6499938964844
QQQ,2023-07-20,376.760009765625
QQQ,2023-07-21,375.6300048828125
QQQ,2023-07-24,376.2300109863281
QQQ,2023-07-25,378.7799987792969
QQQ,2023-07-26,377.5199890136719
QQQ,2023-07-27,376.6199951171875
QQQ,2023-07-28,383.4800109863281
QQQ,2023-07-31,383.67999267578125
QQQ,2023-08-01,382.7900085449219
QQQ,2023-08-02,374.3900146484375
QQQ,2023-08-03,373.7900085449219
QQQ,2023-08-04,372.0400085449219
QQQ,2023-08-07,375.19000244140625
QQQ,2023-08-08,372.0
QQQ,2023-08-09,367.9100036621094
QQQ,2023-08-10,368.5899963378906
QQQ,2023-08-11,366.239990234375
QQQ,2023-08-14,370.3500061035156
QQQ,2023-08-15,366.4200134277344
QQQ,2023-08-16,362.5400085449219
QQQ,2023-08-17,358.5799865722656
QQQ,2023-08-18,358.1300048828125
QQQ,2023-08-21,363.8999938964844
QQQ,2023-08-22,363.3800048828125
QQQ,2023-08-23,369.1099853515625
QQQ,2023-08-24,361.2200012207031
QQQ,2023-08-25,364.0199890136719
QQQ,2023-08-28,366.760009765625
QQQ,2023-08-29,374.7699890136719
QQQ,2023-08-30,376.8599853515625
QQQ,2023-08-31,377.989990234375
QQQ,2023-09-01,377.5899963378906
QQQ,2023-09-05,378.07000732421875
QQQ,2023-09-06,374.739990234375
QQQ,2023-09-07,372.05999755859375
QQQ,2023-09-08,372.5799865722656
QQQ,2023-09-11,376.9700012207031
QQQ,2023-09-12,372.7900085449219
QQQ,2023-09-13,374.2099914550781
QQQ,2023-09-14,377.2699890136719
QQQ,2023-09-15,370.80999755859375
QQQ,2023-09-18,370.6600036621094
QQQ,2023-09-19,369.8699951171875
QQQ,2023-09-20,364.5400085449219
QQQ,2023-09-21,357.8599853515625
QQQ,2023-09-22,357.9100036621094
QQQ,2023-09-25,359.6099853515625
QQQ,2023-09-26,354.2099914550781
QQQ,2023-09-27,355.0400085449219
QQQ,2023-09-28,358.010009765625
QQQ,2023-09-29,358.2699890136719
QQQ,2023-10-02,361.260009765625
QQQ,2023-10-03,354.9200134277344
QQQ,2023-10-04,359.75
QQQ,2023-10-05,358.69000244140625
QQQ,2023-10-06,364.70001220703125
QQQ,2023-10-09,366.55999755859375
QQQ,2023-10-10,368.5899963378906
QQQ,2023-10-11,371.2200012207031
QQQ,2023-10-12,369.92999267578125
QQQ,2023-10-13,365.2799987792969
QQQ,2023-10-16,369.4100036621094
QQQ,2023-10-17,368.20001220703125
QQQ,2023-10-18,363.3699951171875
QQQ,2023-10-19,359.9700012207031
QQQ,2023-10-20,354.6000061035156
QQQ,2023-10-23,355.6700134277344
QQQ,2023-10-24,359.1300048828125
QQQ,2023-10-25,350.3399963378906
QQQ,2023-10-26,343.6600036621094
QQQ,2023-10-27,345.30999755859375
QQQ,2023-10-30,349.20001220703125
QQQ,2023-10-31,350.8699951171875
QQQ,2023-11-01,356.9599914550781
QQQ,2023-11-02,363.44000244140625
QQQ,2023-11-03,367.7099914550781
QQQ,2023-11-06,369.2099914550781
QQQ,2023-11-07,372.70001220703125
QQQ,2023-11-08,372.94000244140625
QQQ,2023-11-09,370.07000732421875
QQQ,2023-11-10,378.3900146484375
QQQ,2023-11-13,377.2099914550781
QQQ,2023-11-14,385.3299865722656
QQQ,2023-11-15,385.6199951171875
QQQ,2023-11-16,385.95001220703125
QQQ,2023-11-17,386.0400085449219
QQQ,2023-11-20,390.739990234375
QQQ,2023-11-21,388.4700012207031
QQQ,2023-11-22,390.05999755859375
QQQ,2023-11-24,389.510009765625
QQQ,2023-11-27,389.1700134277344
QQQ,2023-11-28,390.19000244140625
QQQ,2023-11-29,389.80999755859375
QQQ,2023-11-30,388.8299865722656
QQQ,2023-12-01,389.94000244140625
QQQ,2023-12-04,386.32000732421875
QQQ,2023-12-05,387.2900085449219
QQQ,2023-12-06,385.04998779296875
QQQ,2023-12-07,390.42999267578125
QQQ,2023-12-08,392.1700134277344
QQQ,2023-12-11,395.5199890136719
QQQ,2023-12-12,398.6700134277344
QQQ,2023-12-13,403.739990234375
QQQ,2023-12-14,403.3900146484375
QQQ,2023-12-15,405.3399963378906
QQQ,2023-12-18,407.0799865722656
QQQ,2023-12-19,409.1600036621094
QQQ,2023-12-20,403.0799865722656
QQQ,2023-12-21,407.7699890136719
QQQ,2023-12-22,408.3800048828125
QQQ,2023-12-26,410.8800048828125
QQQ,2023-12-27,411.5
QQQ,2023-12-28,411.29998779296875
QQQ,2023-12-29,409.5199890136719
QQQ,2024-01-02,402.5899963378906
QQQ,2024-01-03,398.3299865722656
QQQ,2024-01-04,396.2799987792969
QQQ,2024-01-05,396.75
QQQ,2024-01-08,404.95001220703125
QQQ,2024-01-09,405.75
QQQ,2024-01-10,408.5
QQQ,2024-01-11,409.3500061035156
QQQ,2024-01-12,409.55999755859375
QQQ,2024-01-16,409.5199890136719
QQQ,2024-01-17,407.2099914550781
QQQ,2024-01-18,412.989990234375
QQQ,2024-01-19,421.17999267578125
QQQ,2024-01-22,421.7300109863281
QQQ,2024-01-23,423.4800109863281
QQQ,2024-01-24,425.8299865722656
QQQ,2024-01-25,426.3500061035156
QQQ,2024-01-26,423.80999755859375
QQQ,2024-01-29,428.1499938964844
QQQ,2024-01-30,425.29998779296875
QQQ,2024-01-31,416.9700012207031
QQQ,2024-02-01,421.8800048828125
QQQ,2024-02-02,429.010009765625
QQQ,2024-02-05,428.45001220703125
QQQ,2024-02-06,427.5899963378906
QQQ,2024-02-07,431.989990234375
QQQ,2024-02-08,432.7900085449219
QQQ,2024-02-09,437.04998779296875
QQQ,2024-02-12,435.3399963378906
QQQ,2024-02-13,428.54998779296875
QQQ,2024-02-14,433.2200012207031
QQQ,2024-02-15,434.510009765625
QQQ,2024-02-16,430.57000732421875
QQQ,2024-02-20,427.32000732421875
QQQ,2024-02-21,425.6099853515625
QQQ,2024-02-22,438.07000732421875
QQQ,2024-02-23,436.7799987792969
QQQ,2024-02-26,436.54998779296875
QQQ,2024-02-27,437.6000061035156
QQQ,2024-02-28,435.2699890136719
QQQ,2024-02-29,439.0
QQQ,2024-03-01,445.6099853515625
QQQ,2024-03-04,444.0199890136719
QQQ,2024-03-05,436.04998779296875
QQQ,2024-03-06,438.7900085449219
QQQ,2024-03-07,445.45001220703125
QQQ,2024-03-08,439.0199890136719
QQQ,2024-03-11,437.3900146484375
QQQ,2024-03-12,443.6600036621094
QQQ,2024-03-13,440.25
QQQ,2024-03-14,439.1400146484375
QQQ,2024-03-15,433.9200134277344
QQQ,2024-03-18,437.4800109863281
QQQ,2024-03-19,438.57000732421875
QQQ,2024-03-20,443.7699890136719
QQQ,2024-03-21,445.8699951171875
QQQ,2024-03-22,446.3800048828125
QQQ,2024-03-25,444.760009765625
QQQ,2024-03-26,443.32000732421875
QQQ,2024-03-27,444.8299865722656
QQQ,2024-03-28,444.010009765625
QQQ,2024-04-01,444.95001220703125
QQQ,2024-04-02,441.1099853515625
QQQ,2024-04-03,442.1000061035156
QQQ,2024-04-04,435.3399963378906
QQQ,2024-04-05,440.4700012207031
QQQ,2024-04-08,440.6000061035156
QQQ,2024-04-09,442.2300109863281
QQQ,2024-04-10,438.3699951171875
QQQ,2024-04-11,445.3699951171875
QQQ,2024-04-12,438.2699890136719
QQQ,2024-04-15,431.05999755859375
QQQ,2024-04-16,431.1000061035156
QQQ,2024-04-17,425.8399963378906
QQQ,2024-04-18,423.4100036621094
QQQ,2024-04-19,414.6499938964844
QQQ,2024-04-22,418.82000732421875
QQQ,2024-04-23,425.07000732421875
QQQ,2024-04-24,426.510009765625
QQQ,2024-04-25,424.45001220703125
QQQ,2024-04-26,431.0
QQQ,2024-04-29,432.75
QQQ,2024-04-30,424.5899963378906
QQQ,2024-05-01,421.5199890136719
QQQ,2024-05-02,426.8999938964844
QQQ,2024-05-03,435.4800109863281
QQQ,2024-05-06,440.25
QQQ,2024-05-07,440.32000732421875
QQQ,2024-05-08,440.05999755859375
QQQ,2024-05-09,441.0199890136719
QQQ,2024-05-10,442.05999755859375
QQQ,2024-05-13,443.0799865722656
QQQ,2024-05-14,445.92999267578125
QQQ,2024-05-15,452.8999938964844
QQQ,2024-05-16,451.9800109863281
QQQ,2024-05-17,451.760009765625
QQQ,2024-05-20,454.9100036621094
QQQ,2024-05-21,455.79998779296875
QQQ,2024-05-22,455.7099914550781
QQQ,2024-05-23,453.6600036621094
QQQ,2024-05-24,457.95001220703125
QQQ,2024-05-28,459.67999267578125
QQQ,2024-05-29,456.44000244140625
QQQ,2024-05-30,451.54998779296875
QQQ,2024-05-31,450.7099914550781
QQQ,2024-06-03,453.1300048828125
QQQ,2024-06-04,454.3699951171875
QQQ,2024-06-05,463.5299987792969
QQQ,2024-06-06,463.3699951171875
QQQ,2024-06-07,462.9599914550781
QQQ,2024-06-10,464.8299865722656
QQQ,2024-06-11,468.0199890136719
QQQ,2024-06-12,474.1499938964844
QQQ,2024-06-13,476.7200012207031
QQQ,2024-06-14,479.19000244140625
QQQ,2024-06-17,485.05999755859375
QQQ,2024-06-18,485.2099914550781
QQQ,2024-06-20,481.4700012207031
QQQ,2024-06-21,480.17999267578125
QQQ,2024-06-24,473.9599914550781
QQQ,2024-06-25,479.3800048828125
QQQ,2024-06-26,480.3699951171875
QQQ,2024-06-27,481.6099853515625
QQQ,2024-06-28,479.1099853515625
QQQ,2024-07-01,481.9200134277344
QQQ,2024-07-02,486.9800109863281
QQQ,2024-07-03,491.0400085449219
QQQ,2024-07-05,496.1600036621094
QQQ,2024-07-08,497.3399963378906
QQQ,2024-07-09,497.7699890136719
QQQ,2024-07-10,502.9599914550781
QQQ,2024-07-11,491.92999267578125
QQQ,2024-07-12,494.82000732421875
QQQ,2024-07-15,496.1499938964844
QQQ,2024-07-16,496.3399963378906
QQQ,2024-07-17,481.7699890136719
QQQ,2024-07-18,479.489990234375
QQQ,2024-07-19,475.239990234375
QQQ,2024-07-22,482.32000732421875
QQQ,2024-07-23,480.6199951171875
QQQ,2024-07-24,463.3800048828125
QQQ,2024-07-25,458.2699890136719
QQQ,2024-07-26,462.9700012207031
QQQ,2024-07-29,463.8999938964844
QQQ,2024-07-30,457.5299987792969
QQQ,2024-07-31,471.07000732421875
QQQ,2024-08-01,459.6600036621094
QQQ,2024-08-02,448.75
QQQ,2024-08-05,435.3699951171875
QQQ,2024-08-06,439.5299987792969
QQQ,2024-08-07,434.7699890136719
QQQ,2024-08-08,448.07000732421875
QQQ,2024-08-09,450.4100036621094
QQQ,2024-08-12,451.3800048828125
QQQ,2024-08-13,462.5799865722656
QQQ,2024-08-14,462.7300109863281
QQQ,2024-08-15,474.4200134277344
QQQ,2024-08-16,475.0299987792969
QQQ,2024-08-19,481.2699890136719
QQQ,2024-08-20,480.260009765625
QQQ,2024-08-21,482.5
QQQ,2024-08-22,474.8500061035156
QQQ,2024-08-23,480.0
QQQ,2024-08-26,475.3399963378906
QQQ,2024-08-27,476.760009765625
QQQ,2024-08-28,471.3500061035156
QQQ,2024-08-29,470.6600036621094
QQQ,2024-08-30,476.2699890136719
QQQ,2024-09-03,461.80999755859375
QQQ,2024-09-04,460.6099853515625
QQQ,2024-09-05,461.0400085449219
QQQ,2024-09-06,448.69000244140625
QQQ,2024-09-09,454.4599914550781
QQQ,2024-09-10,458.6600036621094
QQQ,2024-09-11,468.6199951171875
QQQ,2024-09-12,473.2200012207031
QQQ,2024-09-13,475.3399963378906
QQQ,2024-09-16,473.239990234375
QQQ,2024-09-17,473.489990234375
QQQ,2024-09-18,471.44000244140625
QQQ,2024-09-19,483.3599853515625
QQQ,2024-09-20,482.44000244140625
QQQ,2024-09-23,483.0400085449219
QQQ,2024-09-24,485.3699951171875
QQQ,2024-09-25,485.82000732421875
QQQ,2024-09-26,489.4700012207031
QQQ,2024-09-27,486.75
QQQ,2024-09-30,488.07000732421875
QQQ,2024-10-01,481.2699890136719
QQQ,2024-10-02,481.95001220703125
QQQ,2024-10-03,481.5899963378906
QQQ,2024-10-04,487.32000732421875
QQQ,2024-10-07,482.1000061035156
QQQ,2024-10-08,489.29998779296875
QQQ,2024-10-09,493.1499938964844
QQQ,2024-10-10,492.5899963378906
QQQ,2024-10-11,493.3599853515625
QQQ,2024-10-14,497.5
QQQ,2024-10-15,490.8500061035156
QQQ,2024-10-16,490.9100036621094
QQQ,2024-10-17,491.25
QQQ,2024-10-18,494.4700012207031
QQQ,2024-10-21,495.4200134277344
QQQ,2024-10-22,495.9599914550781
QQQ,2024-10-23,488.3599853515625
QQQ,2024-10-24,492.32000732421875
QQQ,2024-10-25,495.32000732421875
QQQ,2024-10-28,495.3999938964844
QQQ,2024-10-29,500.1600036621094
QQQ,2024-10-30,496.3800048828125
QQQ,2024-10-31,483.8500061035156
QQQ,2024-11-01,487.42999267578125
QQQ,2024-11-04,486.010009765625
QQQ,2024-11-05,492.2099914550781
QQQ,2024-11-06,505.5799865722656
QQQ,2024-11-07,513.5399780273438
QQQ,2024-11-08,514.1400146484375
QQQ,2024-11-11,513.8400268554688
QQQ,2024-11-12,512.9099731445312
QQQ,2024-11-13,512.25
QQQ,2024-11-14,508.69000244140625
QQQ,2024-11-15,496.57000732421875
QQQ,2024-11-18,500.0199890136719
QQQ,2024-11-19,503.4599914550781
QQQ,2024-11-20,503.1700134277344
QQQ,2024-11-21,504.9800109863281
QQQ,2024-11-22,505.7900085449219
QQQ,2024-11-25,506.5899963378906
QQQ,2024-11-26,509.30999755859375
QQQ,2024-11-27,505.29998779296875
QQQ,2024-11-29,509.739990234375
QQQ,2024-12-02,515.2899780273438
QQQ,2024-12-03,516.8699951171875
QQQ,2024-12-04,523.260009765625
QQQ,2024-12-05,521.8099975585938
QQQ,2024-12-06,526.47998046875
QQQ,2024-12-09,522.3800048828125
QQQ,2024-12-10,520.5999755859375
QQQ,2024-12-11,529.9199829101562
QQQ,2024-12-12,526.5
QQQ,2024-12-13,530.530029296875
QQQ,2024-12-16,538.1699829101562
QQQ,2024-12-17,535.7999877929688
QQQ,2024-12-18,516.469970703125
QQQ,2024-12-19,514.1699829101562
QQQ,2024-12-20,518.6599731445312
QQQ,2024-12-23,522.8699951171875
QQQ,2024-12-24,529.9600219726562
QQQ,2024-12-26,529.5999755859375
QQQ,2024-12-27,522.5599975585938
QQQ,2024-12-30,515.6099853515625
QQQ,2024-12-31,511.2300109863281
QQQ,2025-01-02,510.2300109863281
QQQ,2025-01-03,518.5800170898438
QQQ,2025-01-06,524.5399780273438
QQQ,2025-01-07,515.1799926757812
QQQ,2025-01-08,515.27001953125
QQQ,2025-01-10,507.19000244140625
QQQ,2025-01-13,505.55999755859375
QQQ,2025-01-14,505.0799865722656
QQQ,2025-01-15,516.7000122070312
QQQ,2025-01-16,513.0800170898438
QQQ,2025-01-17,521.739990234375
QQQ,2025-01-21,524.7999877929688
QQQ,2025-01-22,531.510009765625
QQQ,2025-01-23,532.6400146484375
QQQ,2025-01-24,529.6300048828125
QQQ,2025-01-27,514.2100219726562
QQQ,2025-01-28,521.8099975585938
QQQ,2025-01-29,520.8300170898438
QQQ,2025-01-30,523.0499877929688
QQQ,2025-01-31,522.2899780273438
QQQ,2025-02-03,518.1099853515625
QQQ,2025-02-04,524.469970703125
QQQ,2025-02-05,526.8499755859375
QQQ,2025-02-06,529.5999755859375
QQQ,2025-02-07,522.9199829101562
QQQ,2025-02-10,529.25
QQQ,2025-02-11,527.989990234375
QQQ,2025-02-12,528.2999877929688
QQQ,2025-02-13,535.9000244140625
QQQ,2025-02-14,538.1500244140625
QQQ,2025-02-18,539.3699951171875
QQQ,2025-02-19,539.52001953125
QQQ,2025-02-20,537.22998046875
QQQ,2025-02-21,526.0800170898438
QQQ,2025-02-24,519.8699951171875
QQQ,2025-02-25,513.3200073242188
QQQ,2025-02-26,514.5599975585938
QQQ,2025-02-27,500.2699890136719
QQQ,2025-02-28,508.1700134277344
QQQ,2025-03-03,497.04998779296875
QQQ,2025-03-04,495.54998779296875
QQQ,2025-03-05,502.010009765625
QQQ,2025-03-06,488.20001220703125
QQQ,2025-03-07,491.7900085449219
QQQ,2025-03-10,472.7300109863281
QQQ,2025-03-11,471.6000061035156
QQQ,2025-03-12,476.9200134277344
QQQ,2025-03-13,468.3399963378906
QQQ,2025-03-14,479.6600036621094
QQQ,2025-03-17,482.7699890136719
QQQ,2025-03-18,474.5400085449219
QQQ,2025-03-19,480.8900146484375
QQQ,2025-03-20,479.260009765625
QQQ,2025-03-21,480.8399963378906
QQQ,2025-03-24,490.6600036621094
QQQ,2025-03-25,493.4599914550781
QQQ,2025-03-26,484.3800048828125
QQQ,2025-03-27,481.6199951171875
QQQ,2025-03-28,468.94000244140625
QQQ,2025-03-31,468.9200134277344
QQQ,2025-04-01,472.70001220703125
QQQ,2025-04-02,476.1499938964844
QQQ,2025-04-03,450.6600036621094
QQQ,2025-04-04,422.6700134277344
QQQ,2025-04-07,423.69000244140625
QQQ,2025-04-08,416.05999755859375
QQQ,2025-04-09,466.0
QQQ,2025-04-10,446.17999267578125
QQQ,2025-04-11,454.3999938964844
QQQ,2025-04-14,457.4800109863281
QQQ,2025-04-15,457.989990234375
QQQ,2025-04-16,444.17999267578125
QQQ,2025-04-17,444.1000061035156
QQQ,2025-04-21,433.1099853515625
QQQ,2025-04-22,444.4800109863281
QQQ,2025-04-23,454.55999755859375
QQQ,2025-04-24,467.3500061035156
QQQ,2025-04-25,472.55999755859375
QQQ,2025-04-28,472.4100036621094
QQQ,2025-04-29,475.5299987792969
QQQ,2025-04-30,475.4700012207031
QQQ,2025-05-01,481.67999267578125
QQQ,2025-05-02,488.8299865722656
QQQ,2025-05-05,485.92999267578125
QQQ,2025-05-06,481.4100036621094
QQQ,2025-05-07,483.29998779296875
QQQ,2025-05-08,488.2900085449219
QQQ,2025-05-09,487.9700012207031
QQQ,2025-05-12,507.8500061035156
QQQ,2025-05-13,515.5900268554688
QQQ,2025-05-14,518.6799926757812
QQQ,2025-05-15,519.25
QQQ,2025-05-16,521.510009765625
QQQ,2025-05-19,522.010009765625
QQQ,2025-05-20,520.27001953125
QQQ,2025-05-21,513.0399780273438
QQQ,2025-05-22,514.0
QQQ,2025-05-23,509.239990234375
QQQ,2025-05-27,521.219970703125
QQQ,2025-05-28,518.9099731445312
QQQ,2025-05-29,519.9299926757812
QQQ,2025-05-30,519.1099853515625
QQQ,2025-06-02,523.2100219726562
QQQ,2025-06-03,527.2999877929688
QQQ,2025-06-04,528.77001953125
QQQ,2025-06-05,524.7899780273438
QQQ,2025-06-06,529.9199829101562
QQQ,2025-06-09,530.7000122070312
QQQ,2025-06-10,534.2100219726562
QQQ,2025-06-11,532.4099731445312
QQQ,2025-06-12,533.6599731445312
QQQ,2025-06-13,526.9600219726562
QQQ,2025-06-16,534.2899780273438
QQQ,2025-06-17,529.0800170898438
QQQ,2025-06-18,528.989990234375
QQQ,2025-06-20,526.8300170898438
QQQ,2025-06-23,531.6500244140625
QQQ,2025-06-24,539.780029296875
QQQ,2025-06-25,541.1599731445312
QQQ,2025-06-26,546.219970703125
QQQ,2025-06-27,548.0900268554688
QQQ,2025-06-30,551.6400146484375
QQQ,2025-07-01,546.989990234375
QQQ,2025-07-02,550.7999877929688
QQQ,2025-07-03,556.219970703125
QQQ,2025-07-07,552.030029296875
QQQ,2025-07-08,552.3400268554688
QQQ,2025-07-09,556.25
QQQ,2025-07-10,555.4500122070312
QQQ,2025-07-11,554.2000122070312
QQQ,2025-07-14,556.2100219726562
QQQ,2025-07-15,556.719970703125
QQQ,2025-07-16,557.2899780273438
QQQ,2025-07-17,561.7999877929688
QQQ,2025-07-18,561.260009765625
QQQ,2025-07-21,564.1699829101562
QQQ,2025-07-22,561.25
QQQ,2025-07-23,563.8099975585938
QQQ,2025-07-24,565.010009765625
QQQ,2025-07-25,566.3699951171875
QQQ,2025-07-28,568.1400146484375
QQQ,2025-07-29,567.260009765625
QQQ,2025-07-30,568.02001953125
QQQ,2025-07-31,565.010009765625
QQQ,2025-08-01,553.8800048828125
QQQ,2025-08-04,564.0999755859375
QQQ,2025-08-05,560.27001953125
QQQ,2025-08-06,567.3200073242188
QQQ,2025-08-07,569.239990234375
QQQ,2025-08-08,574.5499877929688
QQQ,2025-08-11,572.8499755859375
QQQ,2025-08-12,580.0499877929688
QQQ,2025-08-13,580.3400268554688
QQQ,2025-08-14,579.8900146484375
QQQ,2025-08-15,577.3400268554688
QQQ,2025-08-18,577.1099853515625
QQQ,2025-08-19,569.280029296875
QQQ,2025-08-20,565.9000244140625
QQQ,2025-08-21,563.280029296875
QQQ,2025-08-22,571.969970703125
QQQ,2025-08-25,570.3200073242188
QQQ,2025-08-26,572.6099853515625
QQQ,2025-08-27,573.489990234375
QQQ,2025-08-28,577.0800170898438
QQQ,2025-08-29,570.4000244140625
QQQ,2025-09-02,565.6199951171875
QQQ,2025-09-03,570.0700073242188
QQQ,2025-09-04,575.22998046875
QQQ,2025-09-05,576.0599975585938
QQQ,2025-09-08,578.8699951171875
QQQ,2025-09-09,580.510009765625
QQQ,2025-09-10,580.7000122070312
QQQ,2025-09-11,584.0800170898438
QQQ,2025-09-12,586.6599731445312
QQQ,2025-09-15,591.6799926757812
QQQ,2025-09-16,591.1799926757812
QQQ,2025-09-17,590.0
QQQ,2025-09-18,595.3200073242188
QQQ,2025-09-19,599.3499755859375
QQQ,2025-09-22,602.2000122070312
QQQ,2025-09-23,598.2000122070312
QQQ,2025-09-24,596.0999755859375
QQQ,2025-09-25,593.530029296875
QQQ,2025-09-26,595.969970703125
QQQ,2025-09-29,598.72998046875
QQQ,2025-09-30,600.3699951171875
QQQ,2025-10-01,603.25
QQQ,2025-10-02,605.72998046875
QQQ,2025-10-03,603.1799926757812
QQQ,2025-10-06,607.7100219726562
QQQ,2025-10-07,604.510009765625
QQQ,2025-10-08,611.4400024414062
QQQ,2025-10-09,610.7000122070312
QQQ,2025-10-10,589.5
QQQ,2025-10-13,602.010009765625
QQQ,2025-10-14,598.0
QQQ,2025-10-15,602.219970703125
QQQ,2025-10-16,599.989990234375
QQQ,2025-10-17,603.9299926757812
QQQ,2025-10-20,611.5399780273438
QQQ,2025-10-21,611.3800048828125
QQQ,2025-10-22,605.489990234375
QQQ,2025-10-23,610.5800170898438
QQQ,2025-10-24,617.0999755859375
QQQ,2025-10-27,628.0900268554688
QQQ,2025-10-28,632.9199829101562
QQQ,2025-10-29,635.77001953125
QQQ,2025-10-30,626.0499877929688
QQQ,2025-10-31,629.0700073242188
QQQ,2025-11-03,632.0800170898438
QQQ,2025-11-04,619.25
QQQ,2025-11-05,623.280029296875
QQQ,2025-11-06,611.6699829101562
QQQ,2025-11-07,609.739990234375
QQQ,2025-11-10,623.22998046875
QQQ,2025-11-11,621.5700073242188
QQQ,2025-11-12,621.0800170898438
QQQ,2025-11-13,608.4000244140625
QQQ,2025-11-14,608.8599853515625
QQQ,2025-11-17,603.6599731445312
QQQ,2025-11-18,596.3099975585938
QQQ,2025-11-19,599.8699951171875
QQQ,2025-11-20,585.6699829101562
QQQ,2025-11-21,590.0700073242188
QQQ,2025-11-24,605.1599731445312
QQQ,2025-11-25,608.8900146484375
QQQ,2025-11-26,614.27001953125
QQQ,2025-11-28,619.25
QQQ,2025-12-01,617.1699829101562
QQQ,2025-12-02,622.0
QQQ,2025-12-03,623.52001953125
QQQ,2025-12-04,622.9400024414062
QQQ,2025-12-05,625.47998046875
QQQ,2025-12-08,624.280029296875
QQQ,2025-12-09,625.0499877929688
QQQ,2025-12-10,627.6099853515625
QQQ,2025-12-11,625.5800170898438
QQQ,2025-12-12,613.6199951171875
QQQ,2025-12-15,610.5399780273438
QQQ,2025-12-16,611.75
QQQ,2025-12-17,600.4099731445312
QQQ,2025-12-18,609.1099853515625
QQQ,2025-12-19,617.0499877929688
QQQ,2025-12-22,619.2100219726562
QQQ,2025-12-23,622.1099853515625
QQQ,2025-12-24,623.9299926757812
QQQ,2025-12-26,623.8900146484375
QQQ,2025-12-29,620.8699951171875
QQQ,2025-12-30,619.4299926757812
QQQ,2025-12-31,614.3099975585938
QQQ,2026-01-02,613.1199951171875
QQQ,2026-01-05,617.989990234375
QQQ,2026-01-06,623.4199829101562
QQQ,2026-01-07,624.02001953125
QQQ,2026-01-08,620.469970703125
QQQ,2026-01-09,626.6500244140625
QQQ,2026-01-12,627.1699829101562
QQQ,2026-01-13,626.239990234375
QQQ,2026-01-14,619.5499877929688
QQQ,2026-01-15,621.780029296875
QQQ,2026-01-16,621.260009765625
QQQ,2026-01-20,608.0599975585938
QQQ,2026-01-21,616.280029296875
QQQ,2026-01-22,620.760009765625
QQQ,2026-01-23,622.719970703125
QQQ,2026-01-26,625.4600219726562
QQQ,2026-01-27,631.1300048828125
QQQ,2026-01-28,633.219970703125
QQQ,2026-01-29,629.4299926757812
QQQ,2026-01-30,621.8699951171875
QQQ,2026-02-02,626.1400146484375
QQQ,2026-02-03,616.52001953125
QQQ,2026-02-04,605.75
QQQ,2026-02-05,597.030029296875
QQQ,2026-02-06,609.6500244140625
QQQ,2026-02-09,614.3200073242188
QQQ,2026-02-10,611.469970703125
QQQ,2026-02-11,613.1099853515625
QQQ,2026-02-12,600.6400146484375
QQQ,2026-02-13,601.9199829101562
QQQ,2026-02-17,601.2999877929688
QQQ,2026-02-18,605.7899780273438
QQQ,2026-02-19,603.469970703125
QQQ,2026-02-20,608.8099975585938
QQQ,2026-02-23,601.4099731445312
QQQ,2026-02-24,607.8699951171875
QQQ,2026-02-25,616.6799926757812
QQQ,2026-02-26,609.239990234375
QQQ,2026-02-27,607.2899780273438
QQQ,2026-03-02,608.0900268554688
QQQ,2026-03-03,601.5800170898438
QQQ,2026-03-04,610.75
QQQ,2026-03-05,608.9099731445312
QQQ,2026-03-06,599.75
QQQ,2026-03-09,607.760009765625
QQQ,2026-03-10,607.77001953125
QQQ,2026-03-11,607.6900024414062
QQQ,2026-03-12,597.260009765625
QQQ,2026-03-13,593.719970703125
QQQ,2026-03-16,600.3800048828125
QQQ,2026-03-17,603.3099975585938
QQQ,2026-03-18,594.9000244140625
QQQ,2026-03-19,593.02001953125
QQQ,2026-03-20,582.0599975585938
QQQ,2026-03-23,588.0
QQQ,2026-03-24,583.97998046875
QQQ,2026-03-25,587.8200073242188
QQQ,2026-03-26,573.7899780273438
QQQ,2026-03-27,562.5800170898438
QQQ,2026-03-30,558.280029296875
QQQ,2026-03-31,577.1799926757812
QQQ,2026-04-01,584.3099975585938
QQQ,2026-04-02,584.97998046875
QQQ,2026-04-06,588.5
QQQ,2026-04-07,588.5900268554688
QQQ,2026-04-08,606.0900268554688
QQQ,2026-04-09,610.1900024414062
QQQ,2026-04-10,611.0700073242188
QQQ,2026-04-13,617.3900146484375
QQQ,2026-04-14,628.5999755859375
QQQ,2026-04-15,637.4000244140625
QQQ,2026-04-16,640.469970703125
QQQ,2026-04-17,648.8499755859375
QQQ,2026-04-20,646.7899780273438
QQQ,2026-04-21,644.3300170898438
QQQ,2026-04-22,655.1099853515625
QQQ,2026-04-23,651.4199829101562
QQQ,2026-04-24,663.8800048828125
QQQ,2026-04-27,664.22998046875
QQQ,2026-04-28,657.5499877929688
QQQ,2026-04-29,661.5700073242188
QQQ,2026-04-30,667.739990234375
QQQ,2026-05-01,674.1500244140625
QQQ,2026-05-04,672.8800048828125
QQQ,2026-05-05,681.6099853515625
QQQ,2026-05-06,695.77001953125
QQQ,2026-05-07,694.9400024414062
QQQ,2026-05-08,711.22998046875
QQQ,2026-05-11,713.2899780273438
QQQ,2026-05-12,707.239990234375
QQQ,2026-05-13,714.7100219726562
QQQ,2026-05-14,719.7899780273438
QQQ,2026-05-15,708.9299926757812
QQQ,2026-05-18,705.8800048828125
QQQ,2026-05-19,701.530029296875
QQQ,2026-05-20,713.1500244140625
QQQ,2026-05-21,714.510009765625
QQQ,2026-05-22,717.5399780273438
QQQ,2026-05-26,730.280029296875
QQQ,2026-05-27,729.4500122070312
QQQ,2026-05-28,735.5999755859375
QQQ,2026-05-29,738.3099975585938
QQQ,2026-06-01,742.739990234375
QQQ,2026-06-02,746.1599731445312
QQQ,2026-06-03,744.2100219726562
QQQ,2026-06-04,740.6099853515625
QQQ,2026-06-05,705.0599975585938
QQQ,2026-06-08,716.0700073242188
QQQ,2026-06-09,707.8300170898438
QQQ,2026-06-10,693.6900024414062
QQQ,2026-06-11,717.1199951171875
QQQ,2026-06-12,721.3400268554688
QQQ,2026-06-15,744.0
QQQ,2026-06-16,729.8599853515625
QQQ,2026-06-17,722.510009765625
QQQ,2026-06-18,740.6199951171875
QQQ,2026-06-22,737.9500122070312
QQQ,2026-06-23,713.6500244140625
QQQ,2026-06-24,710.6199951171875
QQQ,2026-06-25,716.3800048828125
QQQ,2026-06-26,706.52001953125
QQQ,2026-06-29,724.0800170898438
QQQ,2026-06-30,736.4000244140625
QQQ,2026-07-01,725.1699829101562
QQQ,2026-07-02,712.5999755859375
QQQ,2026-07-06,722.8200073242188
QQQ,2026-07-07,709.4299926757812
QQQ,2026-07-08,711.4400024414062
QQQ,2026-07-09,723.280029296875
QQQ,2026-07-10,725.510009765625
QQQ,2026-07-13,711.739990234375
QQQ,2026-07-14,719.6900024414062
QQQ,2026-07-15,717.739990234375
QQQ,2026-07-16,705.9400024414062
QQQ,2026-07-17,695.3300170898438
QQQ,2026-07-20,696.0599975585938
QQQ,2026-07-21,708.969970703125
QQQ,2026-07-22,705.3499755859375
QQQ,2026-07-23,691.9600219726562
QQQ,2026-07-24,684.22998046875
QQQ,2026-07-27,682.1199951171875
QQQ,2026-07-28,675.489990234375
QQQ,2026-07-29,661.72998046875
QQQ,2026-07-30,683.5499877929688
QQQ,2026-07-31,687.989990234375
QQQ,2026-08-03,700.0700073242188
QQQ,2026-08-04,723.8499755859375
QQQ,2026-08-05,717.2999877929688
QQQ,2026-08-06,714.6500244140625
QQQ,2026-08-07,723.030029296875
QQQ,2026-08-10,720.8699951171875
QQQ,2026-08-11,718.4500122070312
QQQ,2026-08-12,723.7000122070312
QQQ,2026-08-13,732.0700073242188
QQQ,2026-08-14,731.0700073242188
QQQ,2026-08-17,729.8699951171875
QQQ,2026-08-18,717.510009765625
QQQ,2026-08-19,716.0800170898438
QQQ,2026-08-20,710.9299926757812
QQQ,2026-08-21,713.4400024414062
QQQ,2026-08-24,706.3200073242188
QQQ,2026-08-25,710.719970703125
QQQ,2026-08-26,711.3699951171875
QQQ,2026-08-27,721.1099853515625
QQQ,2026-08-28,716.4299926757812
QQQ,2026-08-31,716.760009765625
QQQ,2026-09-01,707.6400146484375
QQQ,2026-09-02,709.239990234375
QQQ,2026-09-03,717.6699829101562
QQQ,2026-09-04,718.9600219726562
QQQ,2026-09-08,718.3599853515625
QQQ,2026-09-09,716.3099975585938
QQQ,2026-09-10,708.6900024414062
QQQ,2026-09-11,714.8800048828125
QQQ,2026-09-14,709.1799926757812
QQQ,2026-09-15,704.5399780273438
QQQ,2026-09-16,704.719970703125
QQQ,2026-09-17,716.9199829101562
QQQ,2026-09-18,721.4500122070312
^GSPC,2021-09-20,4357.72998046875
^GSPC,2021-09-21,4354.18994140625
^GSPC,2021-09-22,4395.64013671875
^GSPC,2021-09-23,4448.97998046875
^GSPC,2021-09-24,4455.47998046875
^GSPC,2021-09-27,4443.10986328125
^GSPC,2021-09-28,4352.6298828125
^GSPC,2021-09-29,4359.4599609375
^GSPC,2021-09-30,4307.5400390625
^GSPC,2021-10-01,4357.0400390625
^GSPC,2021-10-04,4300.4599609375
^GSPC,2021-10-05,4345.72021484375
^GSPC,2021-10-06,4363.5498046875
^GSPC,2021-10-07,4399.759765625
^GSPC,2021-10-08,4391.33984375
^GSPC,2021-10-11,4361.18994140625
^GSPC,2021-10-12,4350.64990234375
^GSPC,2021-10-13,4363.7998046875
^GSPC,2021-10-14,4438.259765625
^GSPC,2021-10-15,4471.3701171875
^GSPC,2021-10-18,4486.4599609375
^GSPC,2021-10-19,4519.6298828125
^GSPC,2021-10-20,4536.18994140625
^GSPC,2021-10-21,4549.77978515625
^GSPC,2021-10-22,4544.89990234375
^GSPC,2021-10-25,4566.47998046875
^GSPC,2021-10-26,4574.7900390625
^GSPC,2021-10-27,4551.68017578125
^GSPC,2021-10-28,4596.419921875
^GSPC,2021-10-29,4605.3798828125
^GSPC,2021-11-01,4613.669921875
^GSPC,2021-11-02,4630.64990234375
^GSPC,2021-11-03,4660.56982421875
^GSPC,2021-11-04,4680.06005859375
^GSPC,2021-11-05,4697.52978515625
^GSPC,2021-11-08,4701.7001953125
^GSPC,2021-11-09,4685.25
^GSPC,2021-11-10,4646.7099609375
^GSPC,2021-11-11,4649.27001953125
^GSPC,2021-11-12,4682.85009765625
^GSPC,2021-11-15,4682.7998046875
^GSPC,2021-11-16,4700.89990234375
^GSPC,2021-11-17,4688.669921875
^GSPC,2021-11-18,4704.5400390625
^GSPC,2021-11-19,4697.9599609375
^GSPC,2021-11-22,4682.93994140625
^GSPC,2021-11-23,4690.7001953125
^GSPC,2021-11-24,4701.4599609375
^GSPC,2021-11-26,4594.6201171875
^GSPC,2021-11-29,4655.27001953125
^GSPC,2021-11-30,4567.0
^GSPC,2021-12-01,4513.0400390625
^GSPC,2021-12-02,4577.10009765625
^GSPC,2021-12-03,4538.43017578125
^GSPC,2021-12-06,4591.669921875
^GSPC,2021-12-07,4686.75
^GSPC,2021-12-08,4701.2099609375
^GSPC,2021-12-09,4667.4501953125
^GSPC,2021-12-10,4712.02001953125
^GSPC,2021-12-13,4668.97021484375
^GSPC,2021-12-14,4634.08984375
^GSPC,2021-12-15,4709.85009765625
^GSPC,2021-12-16,4668.669921875
^GSPC,2021-12-17,4620.64013671875
^GSPC,2021-12-20,4568.02001953125
^GSPC,2021-12-21,4649.22998046875
^GSPC,2021-12-22,4696.56005859375
^GSPC,2021-12-23,4725.7900390625
^GSPC,2021-12-27,4791.18994140625
^GSPC,2021-12-28,4786.35009765625
^GSPC,2021-12-29,4793.06005859375
^GSPC,2021-12-30,4778.72998046875
^GSPC,2021-12-31,4766.18017578125
^GSPC,2022-01-03,4796.56005859375
^GSPC,2022-01-04,4793.5400390625
^GSPC,2022-01-05,4700.580078125
^GSPC,2022-01-06,4696.0498046875
^GSPC,2022-01-07,4677.02978515625
^GSPC,2022-01-10,4670.2900390625
^GSPC,2022-01-11,4713.06982421875
^GSPC,2022-01-12,4726.35009765625
^GSPC,2022-01-13,4659.02978515625
^GSPC,2022-01-14,4662.85009765625
^GSPC,2022-01-18,4577.10986328125
^GSPC,2022-01-19,4532.759765625
^GSPC,2022-01-20,4482.72998046875
^GSPC,2022-01-21,4397.93994140625
^GSPC,2022-01-24,4410.1298828125
^GSPC,2022-01-25,4356.4501953125
^GSPC,2022-01-26,4349.93017578125
^GSPC,2022-01-27,4326.509765625
^GSPC,2022-01-28,4431.85009765625
^GSPC,2022-01-31,4515.5498046875
^GSPC,2022-02-01,4546.5400390625
^GSPC,2022-02-02,4589.3798828125
^GSPC,2022-02-03,4477.43994140625
^GSPC,2022-02-04,4500.52978515625
^GSPC,2022-02-07,4483.8701171875
^GSPC,2022-02-08,4521.5400390625
^GSPC,2022-02-09,4587.18017578125
^GSPC,2022-02-10,4504.080078125
^GSPC,2022-02-11,4418.64013671875
^GSPC,2022-02-14,4401.669921875
^GSPC,2022-02-15,4471.06982421875
^GSPC,2022-02-16,4475.009765625
^GSPC,2022-02-17,4380.259765625
^GSPC,2022-02-18,4348.8701171875
^GSPC,2022-02-22,4304.759765625
^GSPC,2022-02-23,4225.5
^GSPC,2022-02-24,4288.7001953125
^GSPC,2022-02-25,4384.64990234375
^GSPC,2022-02-28,4373.93994140625
^GSPC,2022-03-01,4306.259765625
^GSPC,2022-03-02,4386.5400390625
^GSPC,2022-03-03,4363.490234375
^GSPC,2022-03-04,4328.8701171875
^GSPC,2022-03-07,4201.08984375
^GSPC,2022-03-08,4170.7001953125
^GSPC,2022-03-09,4277.8798828125
^GSPC,2022-03-10,4259.52001953125
^GSPC,2022-03-11,4204.31005859375
^GSPC,2022-03-14,4173.10986328125
^GSPC,2022-03-15,4262.4501953125
^GSPC,2022-03-16,4357.85986328125
^GSPC,2022-03-17,4411.669921875
^GSPC,2022-03-18,4463.1201171875
^GSPC,2022-03-21,4461.18017578125
^GSPC,2022-03-22,4511.60986328125
^GSPC,2022-03-23,4456.240234375
^GSPC,2022-03-24,4520.16015625
^GSPC,2022-03-25,4543.06005859375
^GSPC,2022-03-28,4575.52001953125
^GSPC,2022-03-29,4631.60009765625
^GSPC,2022-03-30,4602.4501953125
^GSPC,2022-03-31,4530.41015625
^GSPC,2022-04-01,4545.85986328125
^GSPC,2022-04-04,4582.64013671875
^GSPC,2022-04-05,4525.1201171875
^GSPC,2022-04-06,4481.14990234375
^GSPC,2022-04-07,4500.2099609375
^GSPC,2022-04-08,4488.27978515625
^GSPC,2022-04-11,4412.52978515625
^GSPC,2022-04-12,4397.4501953125
^GSPC,2022-04-13,4446.58984375
^GSPC,2022-04-14,4392.58984375
^GSPC,2022-04-18,4391.68994140625
^GSPC,2022-04-19,4462.2099609375
^GSPC,2022-04-20,4459.4501953125
^GSPC,2022-04-21,4393.66015625
^GSPC,2022-04-22,4271.77978515625
^GSPC,2022-04-25,4296.1201171875
^GSPC,2022-04-26,4175.2001953125
^GSPC,2022-04-27,4183.9599609375
^GSPC,2022-04-28,4287.5
^GSPC,2022-04-29,4131.93017578125
^GSPC,2022-05-02,4155.3798828125
^GSPC,2022-05-03,4175.47998046875
^GSPC,2022-05-04,4300.169921875
^GSPC,2022-05-05,4146.8701171875
^GSPC,2022-05-06,4123.33984375
^GSPC,2022-05-09,3991.239990234375
^GSPC,2022-05-10,4001.050048828125
^GSPC,2022-05-11,3935.179931640625
^GSPC,2022-05-12,3930.080078125
^GSPC,2022-05-13,4023.889892578125
^GSPC,2022-05-16,4008.010009765625
^GSPC,2022-05-17,4088.85009765625
^GSPC,2022-05-18,3923.679931640625
^GSPC,2022-05-19,3900.7900390625
^GSPC,2022-05-20,3901.360107421875
^GSPC,2022-05-23,3973.75
^GSPC,2022-05-24,3941.47998046875
^GSPC,2022-05-25,3978.72998046875
^GSPC,2022-05-26,4057.840087890625
^GSPC,2022-05-27,4158.240234375
^GSPC,2022-05-31,4132.14990234375
^GSPC,2022-06-01,4101.22998046875
^GSPC,2022-06-02,4176.81982421875
^GSPC,2022-06-03,4108.5400390625
^GSPC,2022-06-06,4121.43017578125
^GSPC,2022-06-07,4160.68017578125
^GSPC,2022-06-08,4115.77001953125
^GSPC,2022-06-09,4017.820068359375
^GSPC,2022-06-10,3900.860107421875
^GSPC,2022-06-13,3749.6298828125
^GSPC,2022-06-14,3735.47998046875
^GSPC,2022-06-15,3789.989990234375
^GSPC,2022-06-16,3666.77001953125
^GSPC,2022-06-17,3674.840087890625
^GSPC,2022-06-21,3764.7900390625
^GSPC,2022-06-22,3759.889892578125
^GSPC,2022-06-23,3795.72998046875
^GSPC,2022-06-24,3911.739990234375
^GSPC,2022-06-27,3900.110107421875
^GSPC,2022-06-28,3821.550048828125
^GSPC,2022-06-29,3818.830078125
^GSPC,2022-06-30,3785.3798828125
^GSPC,2022-07-01,3825.330078125
^GSPC,2022-07-05,3831.389892578125
^GSPC,2022-07-06,3845.080078125
^GSPC,2022-07-07,3902.6201171875
^GSPC,2022-07-08,3899.3798828125
^GSPC,2022-07-11,3854.429931640625
^GSPC,2022-07-12,3818.800048828125
^GSPC,2022-07-13,3801.780029296875
^GSPC,2022-07-14,3790.3798828125
^GSPC,2022-07-15,3863.159912109375
^GSPC,2022-07-18,3830.85009765625
^GSPC,2022-07-19,3936.68994140625
^GSPC,2022-07-20,3959.89990234375
^GSPC,2022-07-21,3998.949951171875
^GSPC,2022-07-22,3961.6298828125
^GSPC,2022-07-25,3966.840087890625
^GSPC,2022-07-26,3921.050048828125
^GSPC,2022-07-27,4023.610107421875
^GSPC,2022-07-28,4072.429931640625
^GSPC,2022-07-29,4130.2900390625
^GSPC,2022-08-01,4118.6298828125
^GSPC,2022-08-02,4091.18994140625
^GSPC,2022-08-03,4155.169921875
^GSPC,2022-08-04,4151.93994140625
^GSPC,2022-08-05,4145.18994140625
^GSPC,2022-08-08,4140.06005859375
^GSPC,2022-08-09,4122.47021484375
^GSPC,2022-08-10,4210.240234375
^GSPC,2022-08-11,4207.27001953125
^GSPC,2022-08-12,4280.14990234375
^GSPC,2022-08-15,4297.14013671875
^GSPC,2022-08-16,4305.2001953125
^GSPC,2022-08-17,4274.0400390625
^GSPC,2022-08-18,4283.740234375
^GSPC,2022-08-19,4228.47998046875
^GSPC,2022-08-22,4137.990234375
^GSPC,2022-08-23,4128.72998046875
^GSPC,2022-08-24,4140.77001953125
^GSPC,2022-08-25,4199.1201171875
^GSPC,2022-08-26,4057.659912109375
^GSPC,2022-08-29,4030.610107421875
^GSPC,2022-08-30,3986.159912109375
^GSPC,2022-08-31,3955.0
^GSPC,2022-09-01,3966.85009765625
^GSPC,2022-09-02,3924.260009765625
^GSPC,2022-09-06,3908.18994140625
^GSPC,2022-09-07,3979.8701171875
^GSPC,2022-09-08,4006.179931640625
^GSPC,2022-09-09,4067.360107421875
^GSPC,2022-09-12,4110.41015625
^GSPC,2022-09-13,3932.68994140625
^GSPC,2022-09-14,3946.010009765625
^GSPC,2022-09-15,3901.35009765625
^GSPC,2022-09-16,3873.330078125
^GSPC,2022-09-19,3899.889892578125
^GSPC,2022-09-20,3855.929931640625
^GSPC,2022-09-21,3789.929931640625
^GSPC,2022-09-22,3757.989990234375
^GSPC,2022-09-23,3693.22998046875
^GSPC,2022-09-26,3655.0400390625
^GSPC,2022-09-27,3647.2900390625
^GSPC,2022-09-28,3719.0400390625
^GSPC,2022-09-29,3640.469970703125
^GSPC,2022-09-30,3585.6201171875
^GSPC,2022-10-03,3678.429931640625
^GSPC,2022-10-04,3790.929931640625
^GSPC,2022-10-05,3783.280029296875
^GSPC,2022-10-06,3744.52001953125
^GSPC,2022-10-07,3639.659912109375
^GSPC,2022-10-10,3612.389892578125
^GSPC,2022-10-11,3588.840087890625
^GSPC,2022-10-12,3577.030029296875
^GSPC,2022-10-13,3669.909912109375
^GSPC,2022-10-14,3583.070068359375
^GSPC,2022-10-17,3677.949951171875
^GSPC,2022-10-18,3719.97998046875
^GSPC,2022-10-19,3695.159912109375
^GSPC,2022-10-20,3665.780029296875
^GSPC,2022-10-21,3752.75
^GSPC,2022-10-24,3797.340087890625
^GSPC,2022-10-25,3859.110107421875
^GSPC,2022-10-26,3830.60009765625
^GSPC,2022-10-27,3807.300048828125
^GSPC,2022-10-28,3901.06005859375
^GSPC,2022-10-31,3871.97998046875
^GSPC,2022-11-01,3856.10009765625
^GSPC,2022-11-02,3759.68994140625
^GSPC,2022-11-03,3719.889892578125
^GSPC,2022-11-04,3770.550048828125
^GSPC,2022-11-07,3806.800048828125
^GSPC,2022-11-08,3828.110107421875
^GSPC,2022-11-09,3748.570068359375
^GSPC,2022-11-10,3956.3701171875
^GSPC,2022-11-11,3992.929931640625
^GSPC,2022-11-14,3957.25
^GSPC,2022-11-15,3991.72998046875
^GSPC,2022-11-16,3958.7900390625
^GSPC,2022-11-17,3946.56005859375
^GSPC,2022-11-18,3965.340087890625
^GSPC,2022-11-21,3949.93994140625
^GSPC,2022-11-22,4003.580078125
^GSPC,2022-11-23,4027.260009765625
^GSPC,2022-11-25,4026.1201171875
^GSPC,2022-11-28,3963.93994140625
^GSPC,2022-11-29,3957.6298828125
^GSPC,2022-11-30,4080.110107421875
^GSPC,2022-12-01,4076.570068359375
^GSPC,2022-12-02,4071.699951171875
^GSPC,2022-12-05,3998.840087890625
^GSPC,2022-12-06,3941.260009765625
^GSPC,2022-12-07,3933.919921875
^GSPC,2022-12-08,3963.510009765625
^GSPC,2022-12-09,3934.3798828125
^GSPC,2022-12-12,3990.56005859375
^GSPC,2022-12-13,4019.64990234375
^GSPC,2022-12-14,3995.320068359375
^GSPC,2022-12-15,3895.75
^GSPC,2022-12-16,3852.360107421875
^GSPC,2022-12-19,3817.659912109375
^GSPC,2022-12-20,3821.6201171875
^GSPC,2022-12-21,3878.43994140625
^GSPC,2022-12-22,3822.389892578125
^GSPC,2022-12-23,3844.820068359375
^GSPC,2022-12-27,3829.25
^GSPC,2022-12-28,3783.219970703125
^GSPC,2022-12-29,3849.280029296875
^GSPC,2022-12-30,3839.5
^GSPC,2023-01-03,3824.139892578125
^GSPC,2023-01-04,3852.969970703125
^GSPC,2023-01-05,3808.10009765625
^GSPC,2023-01-06,3895.080078125
^GSPC,2023-01-09,3892.090087890625
^GSPC,2023-01-10,3919.25
^GSPC,2023-01-11,3969.610107421875
^GSPC,2023-01-12,3983.169921875
^GSPC,2023-01-13,3999.090087890625
^GSPC,2023-01-17,3990.969970703125
^GSPC,2023-01-18,3928.860107421875
^GSPC,2023-01-19,3898.85009765625
^GSPC,2023-01-20,3972.610107421875
^GSPC,2023-01-23,4019.81005859375
^GSPC,2023-01-24,4016.949951171875
^GSPC,2023-01-25,4016.219970703125
^GSPC,2023-01-26,4060.429931640625
^GSPC,2023-01-27,4070.56005859375
^GSPC,2023-01-30,4017.77001953125
^GSPC,2023-01-31,4076.60009765625
^GSPC,2023-02-01,4119.2099609375
^GSPC,2023-02-02,4179.759765625
^GSPC,2023-02-03,4136.47998046875
^GSPC,2023-02-06,4111.080078125
^GSPC,2023-02-07,4164.0
^GSPC,2023-02-08,4117.85986328125
^GSPC,2023-02-09,4081.5
^GSPC,2023-02-10,4090.4599609375
^GSPC,2023-02-13,4137.2900390625
^GSPC,2023-02-14,4136.1298828125
^GSPC,2023-02-15,4147.60009765625
^GSPC,2023-02-16,4090.409912109375
^GSPC,2023-02-17,4079.090087890625
^GSPC,2023-02-21,3997.340087890625
^GSPC,2023-02-22,3991.050048828125
^GSPC,2023-02-23,4012.320068359375
^GSPC,2023-02-24,3970.0400390625
^GSPC,2023-02-27,3982.239990234375
^GSPC,2023-02-28,3970.14990234375
^GSPC,2023-03-01,3951.389892578125
^GSPC,2023-03-02,3981.35009765625
^GSPC,2023-03-03,4045.639892578125
^GSPC,2023-03-06,4048.419921875
^GSPC,2023-03-07,3986.3701171875
^GSPC,2023-03-08,3992.010009765625
^GSPC,2023-03-09,3918.320068359375
^GSPC,2023-03-10,3861.590087890625
^GSPC,2023-03-13,3855.760009765625
^GSPC,2023-03-14,3919.2900390625
^GSPC,2023-03-15,3891.929931640625
^GSPC,2023-03-16,3960.280029296875
^GSPC,2023-03-17,3916.639892578125
^GSPC,2023-03-20,3951.570068359375
^GSPC,2023-03-21,4002.8701171875
^GSPC,2023-03-22,3936.969970703125
^GSPC,2023-03-23,3948.719970703125
^GSPC,2023-03-24,3970.989990234375
^GSPC,2023-03-27,3977.530029296875
^GSPC,2023-03-28,3971.27001953125
^GSPC,2023-03-29,4027.81005859375
^GSPC,2023-03-30,4050.830078125
^GSPC,2023-03-31,4109.31005859375
^GSPC,2023-04-03,4124.509765625
^GSPC,2023-04-04,4100.60009765625
^GSPC,2023-04-05,4090.3798828125
^GSPC,2023-04-06,4105.02001953125
^GSPC,2023-04-10,4109.10986328125
^GSPC,2023-04-11,4108.93994140625
^GSPC,2023-04-12,4091.949951171875
^GSPC,2023-04-13,4146.22021484375
^GSPC,2023-04-14,4137.64013671875
^GSPC,2023-04-17,4151.31982421875
^GSPC,2023-04-18,4154.8701171875
^GSPC,2023-04-19,4154.52001953125
^GSPC,2023-04-20,4129.7900390625
^GSPC,2023-04-21,4133.52001953125
^GSPC,2023-04-24,4137.0400390625
^GSPC,2023-04-25,4071.6298828125
^GSPC,2023-04-26,4055.989990234375
^GSPC,2023-04-27,4135.35009765625
^GSPC,2023-04-28,4169.47998046875
^GSPC,2023-05-01,4167.8701171875
^GSPC,2023-05-02,4119.580078125
^GSPC,2023-05-03,4090.75
^GSPC,2023-05-04,4061.219970703125
^GSPC,2023-05-05,4136.25
^GSPC,2023-05-08,4138.1201171875
^GSPC,2023-05-09,4119.169921875
^GSPC,2023-05-10,4137.64013671875
^GSPC,2023-05-11,4130.6201171875
^GSPC,2023-05-12,4124.080078125
^GSPC,2023-05-15,4136.27978515625
^GSPC,2023-05-16,4109.89990234375
^GSPC,2023-05-17,4158.77001953125
^GSPC,2023-05-18,4198.0498046875
^GSPC,2023-05-19,4191.97998046875
^GSPC,2023-05-22,4192.6298828125
^GSPC,2023-05-23,4145.580078125
^GSPC,2023-05-24,4115.240234375
^GSPC,2023-05-25,4151.27978515625
^GSPC,2023-05-26,4205.4501953125
^GSPC,2023-05-30,4205.52001953125
^GSPC,2023-05-31,4179.830078125
^GSPC,2023-06-01,4221.02001953125
^GSPC,2023-06-02,4282.3701171875
^GSPC,2023-06-05,4273.7900390625
^GSPC,2023-06-06,4283.85009765625
^GSPC,2023-06-07,4267.52001953125
^GSPC,2023-06-08,4293.93017578125
^GSPC,2023-06-09,4298.85986328125
^GSPC,2023-06-12,4338.93017578125
^GSPC,2023-06-13,4369.009765625
^GSPC,2023-06-14,4372.58984375
^GSPC,2023-06-15,4425.83984375
^GSPC,2023-06-16,4409.58984375
^GSPC,2023-06-20,4388.7099609375
^GSPC,2023-06-21,4365.68994140625
^GSPC,2023-06-22,4381.89013671875
^GSPC,2023-06-23,4348.330078125
^GSPC,2023-06-26,4328.81982421875
^GSPC,2023-06-27,4378.41015625
^GSPC,2023-06-28,4376.85986328125
^GSPC,2023-06-29,4396.43994140625
^GSPC,2023-06-30,4450.3798828125
^GSPC,2023-07-03,4455.58984375
^GSPC,2023-07-05,4446.81982421875
^GSPC,2023-07-06,4411.58984375
^GSPC,2023-07-07,4398.9501953125
^GSPC,2023-07-10,4409.52978515625
^GSPC,2023-07-11,4439.259765625
^GSPC,2023-07-12,4472.16015625
^GSPC,2023-07-13,4510.0400390625
^GSPC,2023-07-14,4505.419921875
^GSPC,2023-07-17,4522.7900390625
^GSPC,2023-07-18,4554.97998046875
^GSPC,2023-07-19,4565.72021484375
^GSPC,2023-07-20,4534.8701171875
^GSPC,2023-07-21,4536.33984375
^GSPC,2023-07-24,4554.64013671875
^GSPC,2023-07-25,4567.4599609375
^GSPC,2023-07-26,4566.75
^GSPC,2023-07-27,4537.41015625
^GSPC,2023-07-28,4582.22998046875
^GSPC,2023-07-31,4588.9599609375
^GSPC,2023-08-01,4576.72998046875
^GSPC,2023-08-02,4513.39013671875
^GSPC,2023-08-03,4501.89013671875
^GSPC,2023-08-04,4478.02978515625
^GSPC,2023-08-07,4518.43994140625
^GSPC,2023-08-08,4499.3798828125
^GSPC,2023-08-09,4467.7099609375
^GSPC,2023-08-10,4468.830078125
^GSPC,2023-08-11,4464.0498046875
^GSPC,2023-08-14,4489.72021484375
^GSPC,2023-08-15,4437.85986328125
^GSPC,2023-08-16,4404.330078125
^GSPC,2023-08-17,4370.35986328125
^GSPC,2023-08-18,4369.7099609375
^GSPC,2023-08-21,4399.77001953125
^GSPC,2023-08-22,4387.5498046875
^GSPC,2023-08-23,4436.009765625
^GSPC,2023-08-24,4376.31005859375
^GSPC,2023-08-25,4405.7099609375
^GSPC,2023-08-28,4433.31005859375
^GSPC,2023-08-29,4497.6298828125
^GSPC,2023-08-30,4514.8701171875
^GSPC,2023-08-31,4507.66015625
^GSPC,2023-09-01,4515.77001953125
^GSPC,2023-09-05,4496.830078125
^GSPC,2023-09-06,4465.47998046875
^GSPC,2023-09-07,4451.14013671875
^GSPC,2023-09-08,4457.490234375
^GSPC,2023-09-11,4487.4599609375
^GSPC,2023-09-12,4461.89990234375
^GSPC,2023-09-13,4467.43994140625
^GSPC,2023-09-14,4505.10009765625
^GSPC,2023-09-15,4450.31982421875
^GSPC,2023-09-18,4453.52978515625
^GSPC,2023-09-19,4443.9501953125
^GSPC,2023-09-20,4402.2001953125
^GSPC,2023-09-21,4330.0
^GSPC,2023-09-22,4320.06005859375
^GSPC,2023-09-25,4337.43994140625
^GSPC,2023-09-26,4273.52978515625
^GSPC,2023-09-27,4274.509765625
^GSPC,2023-09-28,4299.7001953125
^GSPC,2023-09-29,4288.0498046875
^GSPC,2023-10-02,4288.39013671875
^GSPC,2023-10-03,4229.4501953125
^GSPC,2023-10-04,4263.75
^GSPC,2023-10-05,4258.18994140625
^GSPC,2023-10-06,4308.5
^GSPC,2023-10-09,4335.66015625
^GSPC,2023-10-10,4358.240234375
^GSPC,2023-10-11,4376.9501953125
^GSPC,2023-10-12,4349.60986328125
^GSPC,2023-10-13,4327.77978515625
^GSPC,2023-10-16,4373.6298828125
^GSPC,2023-10-17,4373.2001953125
^GSPC,2023-10-18,4314.60009765625
^GSPC,2023-10-19,4278.0
^GSPC,2023-10-20,4224.16015625
^GSPC,2023-10-23,4217.0400390625
^GSPC,2023-10-24,4247.68017578125
^GSPC,2023-10-25,4186.77001953125
^GSPC,2023-10-26,4137.22998046875
^GSPC,2023-10-27,4117.3701171875
^GSPC,2023-10-30,4166.81982421875
^GSPC,2023-10-31,4193.7998046875
^GSPC,2023-11-01,4237.85986328125
^GSPC,2023-11-02,4317.77978515625
^GSPC,2023-11-03,4358.33984375
^GSPC,2023-11-06,4365.97998046875
^GSPC,2023-11-07,4378.3798828125
^GSPC,2023-11-08,4382.77978515625
^GSPC,2023-11-09,4347.35009765625
^GSPC,2023-11-10,4415.240234375
^GSPC,2023-11-13,4411.5498046875
^GSPC,2023-11-14,4495.7001953125
^GSPC,2023-11-15,4502.8798828125
^GSPC,2023-11-16,4508.240234375
^GSPC,2023-11-17,4514.02001953125
^GSPC,2023-11-20,4547.3798828125
^GSPC,2023-11-21,4538.18994140625
^GSPC,2023-11-22,4556.6201171875
^GSPC,2023-11-24,4559.33984375
^GSPC,2023-11-27,4550.43017578125
^GSPC,2023-11-28,4554.89013671875
^GSPC,2023-11-29,4550.580078125
^GSPC,2023-11-30,4567.7998046875
^GSPC,2023-12-01,4594.6298828125
^GSPC,2023-12-04,4569.77978515625
^GSPC,2023-12-05,4567.18017578125
^GSPC,2023-12-06,4549.33984375
^GSPC,2023-12-07,4585.58984375
^GSPC,2023-12-08,4604.3701171875
^GSPC,2023-12-11,4622.43994140625
^GSPC,2023-12-12,4643.7001953125
^GSPC,2023-12-13,4707.08984375
^GSPC,2023-12-14,4719.5498046875
^GSPC,2023-12-15,4719.18994140625
^GSPC,2023-12-18,4740.56005859375
^GSPC,2023-12-19,4768.3701171875
^GSPC,2023-12-20,4698.35009765625
^GSPC,2023-12-21,4746.75
^GSPC,2023-12-22,4754.6298828125
^GSPC,2023-12-26,4774.75
^GSPC,2023-12-27,4781.580078125
^GSPC,2023-12-28,4783.35009765625
^GSPC,2023-12-29,4769.830078125
^GSPC,2024-01-02,4742.830078125
^GSPC,2024-01-03,4704.81005859375
^GSPC,2024-01-04,4688.68017578125
^GSPC,2024-01-05,4697.240234375
^GSPC,2024-01-08,4763.5400390625
^GSPC,2024-01-09,4756.5
^GSPC,2024-01-10,4783.4501953125
^GSPC,2024-01-11,4780.240234375
^GSPC,2024-01-12,4783.830078125
^GSPC,2024-01-16,4765.97998046875
^GSPC,2024-01-17,4739.2099609375
^GSPC,2024-01-18,4780.93994140625
^GSPC,2024-01-19,4839.81005859375
^GSPC,2024-01-22,4850.43017578125
^GSPC,2024-01-23,4864.60009765625
^GSPC,2024-01-24,4868.5498046875
^GSPC,2024-01-25,4894.16015625
^GSPC,2024-01-26,4890.97021484375
^GSPC,2024-01-29,4927.93017578125
^GSPC,2024-01-30,4924.97021484375
^GSPC,2024-01-31,4845.64990234375
^GSPC,2024-02-01,4906.18994140625
^GSPC,2024-02-02,4958.60986328125
^GSPC,2024-02-05,4942.81005859375
^GSPC,2024-02-06,4954.22998046875
^GSPC,2024-02-07,4995.06005859375
^GSPC,2024-02-08,4997.91015625
^GSPC,2024-02-09,5026.60986328125
^GSPC,2024-02-12,5021.83984375
^GSPC,2024-02-13,4953.169921875
^GSPC,2024-02-14,5000.6201171875
^GSPC,2024-02-15,5029.72998046875
^GSPC,2024-02-16,5005.56982421875
^GSPC,2024-02-20,4975.509765625
^GSPC,2024-02-21,4981.7998046875
^GSPC,2024-02-22,5087.02978515625
^GSPC,2024-02-23,5088.7998046875
^GSPC,2024-02-26,5069.52978515625
^GSPC,2024-02-27,5078.18017578125
^GSPC,2024-02-28,5069.759765625
^GSPC,2024-02-29,5096.27001953125
^GSPC,2024-03-01,5137.080078125
^GSPC,2024-03-04,5130.9501953125
^GSPC,2024-03-05,5078.64990234375
^GSPC,2024-03-06,5104.759765625
^GSPC,2024-03-07,5157.35986328125
^GSPC,2024-03-08,5123.68994140625
^GSPC,2024-03-11,5117.93994140625
^GSPC,2024-03-12,5175.27001953125
^GSPC,2024-03-13,5165.31005859375
^GSPC,2024-03-14,5150.47998046875
^GSPC,2024-03-15,5117.08984375
^GSPC,2024-03-18,5149.419921875
^GSPC,2024-03-19,5178.509765625
^GSPC,2024-03-20,5224.6201171875
^GSPC,2024-03-21,5241.52978515625
^GSPC,2024-03-22,5234.18017578125
^GSPC,2024-03-25,5218.18994140625
^GSPC,2024-03-26,5203.580078125
^GSPC,2024-03-27,5248.490234375
^GSPC,2024-03-28,5254.35009765625
^GSPC,2024-04-01,5243.77001953125
^GSPC,2024-04-02,5205.81005859375
^GSPC,2024-04-03,5211.490234375
^GSPC,2024-04-04,5147.2099609375
^GSPC,2024-04-05,5204.33984375
^GSPC,2024-04-08,5202.39013671875
^GSPC,2024-04-09,5209.91015625
^GSPC,2024-04-10,5160.64013671875
^GSPC,2024-04-11,5199.06005859375
^GSPC,2024-04-12,5123.41015625
^GSPC,2024-04-15,5061.81982421875
^GSPC,2024-04-16,5051.41015625
^GSPC,2024-04-17,5022.2099609375
^GSPC,2024-04-18,5011.1201171875
^GSPC,2024-04-19,4967.22998046875
^GSPC,2024-04-22,5010.60009765625
^GSPC,2024-04-23,5070.5498046875
^GSPC,2024-04-24,5071.6298828125
^GSPC,2024-04-25,5048.419921875
^GSPC,2024-04-26,5099.9599609375
^GSPC,2024-04-29,5116.169921875
^GSPC,2024-04-30,5035.68994140625
^GSPC,2024-05-01,5018.39013671875
^GSPC,2024-05-02,5064.2001953125
^GSPC,2024-05-03,5127.7900390625
^GSPC,2024-05-06,5180.740234375
^GSPC,2024-05-07,5187.7001953125
^GSPC,2024-05-08,5187.669921875
^GSPC,2024-05-09,5214.080078125
^GSPC,2024-05-10,5222.68017578125
^GSPC,2024-05-13,5221.419921875
^GSPC,2024-05-14,5246.68017578125
^GSPC,2024-05-15,5308.14990234375
^GSPC,2024-05-16,5297.10009765625
^GSPC,2024-05-17,5303.27001953125
^GSPC,2024-05-20,5308.1298828125
^GSPC,2024-05-21,5321.41015625
^GSPC,2024-05-22,5307.009765625
^GSPC,2024-05-23,5267.83984375
^GSPC,2024-05-24,5304.72021484375
^GSPC,2024-05-28,5306.0400390625
^GSPC,2024-05-29,5266.9501953125
^GSPC,2024-05-30,5235.47998046875
^GSPC,2024-05-31,5277.509765625
^GSPC,2024-06-03,5283.39990234375
^GSPC,2024-06-04,5291.33984375
^GSPC,2024-06-05,5354.02978515625
^GSPC,2024-06-06,5352.9599609375
^GSPC,2024-06-07,5346.990234375
^GSPC,2024-06-10,5360.7900390625
^GSPC,2024-06-11,5375.31982421875
^GSPC,2024-06-12,5421.02978515625
^GSPC,2024-06-13,5433.740234375
^GSPC,2024-06-14,5431.60009765625
^GSPC,2024-06-17,5473.22998046875
^GSPC,2024-06-18,5487.02978515625
^GSPC,2024-06-20,5473.169921875
^GSPC,2024-06-21,5464.6201171875
^GSPC,2024-06-24,5447.8701171875
^GSPC,2024-06-25,5469.2998046875
^GSPC,2024-06-26,5477.89990234375
^GSPC,2024-06-27,5482.8701171875
^GSPC,2024-06-28,5460.47998046875
^GSPC,2024-07-01,5475.08984375
^GSPC,2024-07-02,5509.009765625
^GSPC,2024-07-03,5537.02001953125
^GSPC,2024-07-05,5567.18994140625
^GSPC,2024-07-08,5572.85009765625
^GSPC,2024-07-09,5576.97998046875
^GSPC,2024-07-10,5633.91015625
^GSPC,2024-07-11,5584.5400390625
^GSPC,2024-07-12,5615.35009765625
^GSPC,2024-07-15,5631.22021484375
^GSPC,2024-07-16,5667.2001953125
^GSPC,2024-07-17,5588.27001953125
^GSPC,2024-07-18,5544.58984375
^GSPC,2024-07-19,5505.0
^GSPC,2024-07-22,5564.41015625
^GSPC,2024-07-23,5555.740234375
^GSPC,2024-07-24,5427.1298828125
^GSPC,2024-07-25,5399.22021484375
^GSPC,2024-07-26,5459.10009765625
^GSPC,2024-07-29,5463.5400390625
^GSPC,2024-07-30,5436.43994140625
^GSPC,2024-07-31,5522.2998046875
^GSPC,2024-08-01,5446.68017578125
^GSPC,2024-08-02,5346.56005859375
^GSPC,2024-08-05,5186.330078125
^GSPC,2024-08-06,5240.02978515625
^GSPC,2024-08-07,5199.5
^GSPC,2024-08-08,5319.31005859375
^GSPC,2024-08-09,5344.16015625
^GSPC,2024-08-12,5344.39013671875
^GSPC,2024-08-13,5434.43017578125
^GSPC,2024-08-14,5455.2099609375
^GSPC,2024-08-15,5543.22021484375
^GSPC,2024-08-16,5554.25
^GSPC,2024-08-19,5608.25
^GSPC,2024-08-20,5597.1201171875
^GSPC,2024-08-21,5620.85009765625
^GSPC,2024-08-22,5570.64013671875
^GSPC,2024-08-23,5634.60986328125
^GSPC,2024-08-26,5616.83984375
^GSPC,2024-08-27,5625.7998046875
^GSPC,2024-08-28,5592.18017578125
^GSPC,2024-08-29,5591.9599609375
^GSPC,2024-08-30,5648.39990234375
^GSPC,2024-09-03,5528.93017578125
^GSPC,2024-09-04,5520.06982421875
^GSPC,2024-09-05,5503.41015625
^GSPC,2024-09-06,5408.419921875
^GSPC,2024-09-09,5471.0498046875
^GSPC,2024-09-10,5495.52001953125
^GSPC,2024-09-11,5554.1298828125
^GSPC,2024-09-12,5595.759765625
^GSPC,2024-09-13,5626.02001953125
^GSPC,2024-09-16,5633.08984375
^GSPC,2024-09-17,5634.580078125
^GSPC,2024-09-18,5618.259765625
^GSPC,2024-09-19,5713.64013671875
^GSPC,2024-09-20,5702.5498046875
^GSPC,2024-09-23,5718.56982421875
^GSPC,2024-09-24,5732.93017578125
^GSPC,2024-09-25,5722.259765625
^GSPC,2024-09-26,5745.3701171875
^GSPC,2024-09-27,5738.169921875
^GSPC,2024-09-30,5762.47998046875
^GSPC,2024-10-01,5708.75
^GSPC,2024-10-02,5709.5400390625
^GSPC,2024-10-03,5699.93994140625
^GSPC,2024-10-04,5751.06982421875
^GSPC,2024-10-07,5695.93994140625
^GSPC,2024-10-08,5751.1298828125
^GSPC,2024-10-09,5792.0400390625
^GSPC,2024-10-10,5780.0498046875
^GSPC,2024-10-11,5815.02978515625
^GSPC,2024-10-14,5859.85009765625
^GSPC,2024-10-15,5815.259765625
^GSPC,2024-10-16,5842.47021484375
^GSPC,2024-10-17,5841.47021484375
^GSPC,2024-10-18,5864.669921875
^GSPC,2024-10-21,5853.97998046875
^GSPC,2024-10-22,5851.2001953125
^GSPC,2024-10-23,5797.419921875
^GSPC,2024-10-24,5809.85986328125
^GSPC,2024-10-25,5808.1201171875
^GSPC,2024-10-28,5823.52001953125
^GSPC,2024-10-29,5832.919921875
^GSPC,2024-10-30,5813.669921875
^GSPC,2024-10-31,5705.4501953125
^GSPC,2024-11-01,5728.7998046875
^GSPC,2024-11-04,5712.68994140625
^GSPC,2024-11-05,5782.759765625
^GSPC,2024-11-06,5929.0400390625
^GSPC,2024-11-07,5973.10009765625
^GSPC,2024-11-08,5995.5400390625
^GSPC,2024-11-11,6001.35009765625
^GSPC,2024-11-12,5983.990234375
^GSPC,2024-11-13,5985.3798828125
^GSPC,2024-11-14,5949.169921875
^GSPC,2024-11-15,5870.6201171875
^GSPC,2024-11-18,5893.6201171875
^GSPC,2024-11-19,5916.97998046875
^GSPC,2024-11-20,5917.10986328125
^GSPC,2024-11-21,5948.7099609375
^GSPC,2024-11-22,5969.33984375
^GSPC,2024-11-25,5987.3701171875
^GSPC,2024-11-26,6021.6298828125
^GSPC,2024-11-27,5998.740234375
^GSPC,2024-11-29,6032.3798828125
^GSPC,2024-12-02,6047.14990234375
^GSPC,2024-12-03,6049.8798828125
^GSPC,2024-12-04,6086.490234375
^GSPC,2024-12-05,6075.10986328125
^GSPC,2024-12-06,6090.27001953125
^GSPC,2024-12-09,6052.85009765625
^GSPC,2024-12-10,6034.91015625
^GSPC,2024-12-11,6084.18994140625
^GSPC,2024-12-12,6051.25
^GSPC,2024-12-13,6051.08984375
^GSPC,2024-12-16,6074.080078125
^GSPC,2024-12-17,6050.60986328125
^GSPC,2024-12-18,5872.16015625
^GSPC,2024-12-19,5867.080078125
^GSPC,2024-12-20,5930.85009765625
^GSPC,2024-12-23,5974.06982421875
^GSPC,2024-12-24,6040.0400390625
^GSPC,2024-12-26,6037.58984375
^GSPC,2024-12-27,5970.83984375
^GSPC,2024-12-30,5906.93994140625
^GSPC,2024-12-31,5881.6298828125
^GSPC,2025-01-02,5868.5498046875
^GSPC,2025-01-03,5942.47021484375
^GSPC,2025-01-06,5975.3798828125
^GSPC,2025-01-07,5909.02978515625
^GSPC,2025-01-08,5918.25
^GSPC,2025-01-10,5827.0400390625
^GSPC,2025-01-13,5836.22021484375
^GSPC,2025-01-14,5842.91015625
^GSPC,2025-01-15,5949.91015625
^GSPC,2025-01-16,5937.33984375
^GSPC,2025-01-17,5996.66015625
^GSPC,2025-01-21,6049.240234375
^GSPC,2025-01-22,6086.3701171875
^GSPC,2025-01-23,6118.7099609375
^GSPC,2025-01-24,6101.240234375
^GSPC,2025-01-27,6012.27978515625
^GSPC,2025-01-28,6067.7001953125
^GSPC,2025-01-29,6039.31005859375
^GSPC,2025-01-30,6071.169921875
^GSPC,2025-01-31,6040.52978515625
^GSPC,2025-02-03,5994.56982421875
^GSPC,2025-02-04,6037.8798828125
^GSPC,2025-02-05,6061.47998046875
^GSPC,2025-02-06,6083.56982421875
^GSPC,2025-02-07,6025.990234375
^GSPC,2025-02-10,6066.43994140625
^GSPC,2025-02-11,6068.5
^GSPC,2025-02-12,6051.97021484375
^GSPC,2025-02-13,6115.06982421875
^GSPC,2025-02-14,6114.6298828125
^GSPC,2025-02-18,6129.580078125
^GSPC,2025-02-19,6144.14990234375
^GSPC,2025-02-20,6117.52001953125
^GSPC,2025-02-21,6013.1298828125
^GSPC,2025-02-24,5983.25
^GSPC,2025-02-25,5955.25
^GSPC,2025-02-26,5956.06005859375
^GSPC,2025-02-27,5861.56982421875
^GSPC,2025-02-28,5954.5
^GSPC,2025-03-03,5849.72021484375
^GSPC,2025-03-04,5778.14990234375
^GSPC,2025-03-05,5842.6298828125
^GSPC,2025-03-06,5738.52001953125
^GSPC,2025-03-07,5770.2001953125
^GSPC,2025-03-10,5614.56005859375
^GSPC,2025-03-11,5572.06982421875
^GSPC,2025-03-12,5599.2998046875
^GSPC,2025-03-13,5521.52001953125
^GSPC,2025-03-14,5638.93994140625
^GSPC,2025-03-17,5675.1201171875
^GSPC,2025-03-18,5614.66015625
^GSPC,2025-03-19,5675.2900390625
^GSPC,2025-03-20,5662.89013671875
^GSPC,2025-03-21,5667.56005859375
^GSPC,2025-03-24,5767.56982421875
^GSPC,2025-03-25,5776.64990234375
^GSPC,2025-03-26,5712.2001953125
^GSPC,2025-03-27,5693.31005859375
^GSPC,2025-03-28,5580.93994140625
^GSPC,2025-03-31,5611.85009765625
^GSPC,2025-04-01,5633.06982421875
^GSPC,2025-04-02,5670.97021484375
^GSPC,2025-04-03,5396.52001953125
^GSPC,2025-04-04,5074.080078125
^GSPC,2025-04-07,5062.25
^GSPC,2025-04-08,4982.77001953125
^GSPC,2025-04-09,5456.89990234375
^GSPC,2025-04-10,5268.0498046875
^GSPC,2025-04-11,5363.35986328125
^GSPC,2025-04-14,5405.97021484375
^GSPC,2025-04-15,5396.6298828125
^GSPC,2025-04-16,5275.7001953125
^GSPC,2025-04-17,5282.7001953125
^GSPC,2025-04-21,5158.2001953125
^GSPC,2025-04-22,5287.759765625
^GSPC,2025-04-23,5375.85986328125
^GSPC,2025-04-24,5484.77001953125
^GSPC,2025-04-25,5525.2099609375
^GSPC,2025-04-28,5528.75
^GSPC,2025-04-29,5560.830078125
^GSPC,2025-04-30,5569.06005859375
^GSPC,2025-05-01,5604.14013671875
^GSPC,2025-05-02,5686.669921875
^GSPC,2025-05-05,5650.3798828125
^GSPC,2025-05-06,5606.91015625
^GSPC,2025-05-07,5631.27978515625
^GSPC,2025-05-08,5663.93994140625
^GSPC,2025-05-09,5659.91015625
^GSPC,2025-05-12,5844.18994140625
^GSPC,2025-05-13,5886.5498046875
^GSPC,2025-05-14,5892.580078125
^GSPC,2025-05-15,5916.93017578125
^GSPC,2025-05-16,5958.3798828125
^GSPC,2025-05-19,5963.60009765625
^GSPC,2025-05-20,5940.4599609375
^GSPC,2025-05-21,5844.60986328125
^GSPC,2025-05-22,5842.009765625
^GSPC,2025-05-23,5802.81982421875
^GSPC,2025-05-27,5921.5400390625
^GSPC,2025-05-28,5888.5498046875
^GSPC,2025-05-29,5912.169921875
^GSPC,2025-05-30,5911.68994140625
^GSPC,2025-06-02,5935.93994140625
^GSPC,2025-06-03,5970.3701171875
^GSPC,2025-06-04,5970.81005859375
^GSPC,2025-06-05,5939.2998046875
^GSPC,2025-06-06,6000.35986328125
^GSPC,2025-06-09,6005.8798828125
^GSPC,2025-06-10,6038.81005859375
^GSPC,2025-06-11,6022.240234375
^GSPC,2025-06-12,6045.259765625
^GSPC,2025-06-13,5976.97021484375
^GSPC,2025-06-16,6033.10986328125
^GSPC,2025-06-17,5982.72021484375
^GSPC,2025-06-18,5980.8701171875
^GSPC,2025-06-20,5967.83984375
^GSPC,2025-06-23,6025.169921875
^GSPC,2025-06-24,6092.18017578125
^GSPC,2025-06-25,6092.16015625
^GSPC,2025-06-26,6141.02001953125
^GSPC,2025-06-27,6173.06982421875
^GSPC,2025-06-30,6204.9501953125
^GSPC,2025-07-01,6198.009765625
^GSPC,2025-07-02,6227.419921875
^GSPC,2025-07-03,6279.35009765625
^GSPC,2025-07-07,6229.97998046875
^GSPC,2025-07-08,6225.52001953125
^GSPC,2025-07-09,6263.259765625
^GSPC,2025-07-10,6280.4599609375
^GSPC,2025-07-11,6259.75
^GSPC,2025-07-14,6268.56005859375
^GSPC,2025-07-15,6243.759765625
^GSPC,2025-07-16,6263.7001953125
^GSPC,2025-07-17,6297.35986328125
^GSPC,2025-07-18,6296.7900390625
^GSPC,2025-07-21,6305.60009765625
^GSPC,2025-07-22,6309.6201171875
^GSPC,2025-07-23,6358.91015625
^GSPC,2025-07-24,6363.35009765625
^GSPC,2025-07-25,6388.64013671875
^GSPC,2025-07-28,6389.77001953125
^GSPC,2025-07-29,6370.85986328125
^GSPC,2025-07-30,6362.89990234375
^GSPC,2025-07-31,6339.39013671875
^GSPC,2025-08-01,6238.009765625
^GSPC,2025-08-04,6329.93994140625
^GSPC,2025-08-05,6299.18994140625
^GSPC,2025-08-06,6345.06005859375
^GSPC,2025-08-07,6340.0
^GSPC,2025-08-08,6389.4501953125
^GSPC,2025-08-11,6373.4501953125
^GSPC,2025-08-12,6445.759765625
^GSPC,2025-08-13,6466.580078125
^GSPC,2025-08-14,6468.5400390625
^GSPC,2025-08-15,6449.7998046875
^GSPC,2025-08-18,6449.14990234375
^GSPC,2025-08-19,6411.3701171875
^GSPC,2025-08-20,6395.77978515625
^GSPC,2025-08-21,6370.169921875
^GSPC,2025-08-22,6466.91015625
^GSPC,2025-08-25,6439.31982421875
^GSPC,2025-08-26,6465.93994140625
^GSPC,2025-08-27,6481.39990234375
^GSPC,2025-08-28,6501.85986328125
^GSPC,2025-08-29,6460.259765625
^GSPC,2025-09-02,6415.5400390625
^GSPC,2025-09-03,6448.259765625
^GSPC,2025-09-04,6502.080078125
^GSPC,2025-09-05,6481.5
^GSPC,2025-09-08,6495.14990234375
^GSPC,2025-09-09,6512.60986328125
^GSPC,2025-09-10,6532.0400390625
^GSPC,2025-09-11,6587.47021484375
^GSPC,2025-09-12,6584.2900390625
^GSPC,2025-09-15,6615.27978515625
^GSPC,2025-09-16,6606.759765625
^GSPC,2025-09-17,6600.35009765625
^GSPC,2025-09-18,6631.9599609375
^GSPC,2025-09-19,6664.35986328125
^GSPC,2025-09-22,6693.75
^GSPC,2025-09-23,6656.919921875
^GSPC,2025-09-24,6637.97021484375
^GSPC,2025-09-25,6604.72021484375
^GSPC,2025-09-26,6643.7001953125
^GSPC,2025-09-29,6661.2099609375
^GSPC,2025-09-30,6688.4599609375
^GSPC,2025-10-01,6711.2001953125
^GSPC,2025-10-02,6715.35009765625
^GSPC,2025-10-03,6715.7900390625
^GSPC,2025-10-06,6740.27978515625
^GSPC,2025-10-07,6714.58984375
^GSPC,2025-10-08,6753.72021484375
^GSPC,2025-10-09,6735.10986328125
^GSPC,2025-10-10,6552.509765625
^GSPC,2025-10-13,6654.72021484375
^GSPC,2025-10-14,6644.31005859375
^GSPC,2025-10-15,6671.06005859375
^GSPC,2025-10-16,6629.06982421875
^GSPC,2025-10-17,6664.009765625
^GSPC,2025-10-20,6735.1298828125
^GSPC,2025-10-21,6735.35009765625
^GSPC,2025-10-22,6699.39990234375
^GSPC,2025-10-23,6738.43994140625
^GSPC,2025-10-24,6791.68994140625
^GSPC,2025-10-27,6875.16015625
^GSPC,2025-10-28,6890.89013671875
^GSPC,2025-10-29,6890.58984375
^GSPC,2025-10-30,6822.33984375
^GSPC,2025-10-31,6840.2001953125
^GSPC,2025-11-03,6851.97021484375
^GSPC,2025-11-04,6771.5498046875
^GSPC,2025-11-05,6796.2900390625
^GSPC,2025-11-06,6720.31982421875
^GSPC,2025-11-07,6728.7998046875
^GSPC,2025-11-10,6832.43017578125
^GSPC,2025-11-11,6846.60986328125
^GSPC,2025-11-12,6850.919921875
^GSPC,2025-11-13,6737.490234375
^GSPC,2025-11-14,6734.10986328125
^GSPC,2025-11-17,6672.41015625
^GSPC,2025-11-18,6617.31982421875
^GSPC,2025-11-19,6642.16015625
^GSPC,2025-11-20,6538.759765625
^GSPC,2025-11-21,6602.990234375
^GSPC,2025-11-24,6705.1201171875
^GSPC,2025-11-25,6765.8798828125
^GSPC,2025-11-26,6812.60986328125
^GSPC,2025-11-28,6849.08984375
^GSPC,2025-12-01,6812.6298828125
^GSPC,2025-12-02,6829.3701171875
^GSPC,2025-12-03,6849.72021484375
^GSPC,2025-12-04,6857.1201171875
^GSPC,2025-12-05,6870.39990234375
^GSPC,2025-12-08,6846.509765625
^GSPC,2025-12-09,6840.509765625
^GSPC,2025-12-10,6886.68017578125
^GSPC,2025-12-11,6901.0
^GSPC,2025-12-12,6827.41015625
^GSPC,2025-12-15,6816.509765625
^GSPC,2025-12-16,6800.259765625
^GSPC,2025-12-17,6721.43017578125
^GSPC,2025-12-18,6774.759765625
^GSPC,2025-12-19,6834.5
^GSPC,2025-12-22,6878.490234375
^GSPC,2025-12-23,6909.7900390625
^GSPC,2025-12-24,6932.0498046875
^GSPC,2025-12-26,6929.93994140625
^GSPC,2025-12-29,6905.740234375
^GSPC,2025-12-30,6896.240234375
^GSPC,2025-12-31,6845.5
^GSPC,2026-01-02,6858.47021484375
^GSPC,2026-01-05,6902.0498046875
^GSPC,2026-01-06,6944.81982421875
^GSPC,2026-01-07,6920.93017578125
^GSPC,2026-01-08,6921.4599609375
^GSPC,2026-01-09,6966.27978515625
^GSPC,2026-01-12,6977.27001953125
^GSPC,2026-01-13,6963.740234375
^GSPC,2026-01-14,6926.60009765625
^GSPC,2026-01-15,6944.47021484375
^GSPC,2026-01-16,6940.009765625
^GSPC,2026-01-20,6796.85986328125
^GSPC,2026-01-21,6875.6201171875
^GSPC,2026-01-22,6913.35009765625
^GSPC,2026-01-23,6915.60986328125
^GSPC,2026-01-26,6950.22998046875
^GSPC,2026-01-27,6978.60009765625
^GSPC,2026-01-28,6978.02978515625
^GSPC,2026-01-29,6969.009765625
^GSPC,2026-01-30,6939.02978515625
^GSPC,2026-02-02,6976.43994140625
^GSPC,2026-02-03,6917.81005859375
^GSPC,2026-02-04,6882.72021484375
^GSPC,2026-02-05,6798.39990234375
^GSPC,2026-02-06,6932.2998046875
^GSPC,2026-02-09,6964.81982421875
^GSPC,2026-02-10,6941.81005859375
^GSPC,2026-02-11,6941.47021484375
^GSPC,2026-02-12,6832.759765625
^GSPC,2026-02-13,6836.169921875
^GSPC,2026-02-17,6843.22021484375
^GSPC,2026-02-18,6881.31005859375
^GSPC,2026-02-19,6861.89013671875
^GSPC,2026-02-20,6909.509765625
^GSPC,2026-02-23,6837.75
^GSPC,2026-02-24,6890.06982421875
^GSPC,2026-02-25,6946.1298828125
^GSPC,2026-02-26,6908.85986328125
^GSPC,2026-02-27,6878.8798828125
^GSPC,2026-03-02,6881.6201171875
^GSPC,2026-03-03,6816.6298828125
^GSPC,2026-03-04,6869.5
^GSPC,2026-03-05,6830.7099609375
^GSPC,2026-03-06,6740.02001953125
^GSPC,2026-03-09,6795.990234375
^GSPC,2026-03-10,6781.47998046875
^GSPC,2026-03-11,6775.7998046875
^GSPC,2026-03-12,6672.6201171875
^GSPC,2026-03-13,6632.18994140625
^GSPC,2026-03-16,6699.3798828125
^GSPC,2026-03-17,6716.08984375
^GSPC,2026-03-18,6624.7001953125
^GSPC,2026-03-19,6606.490234375
^GSPC,2026-03-20,6506.47998046875
^GSPC,2026-03-23,6581.0
^GSPC,2026-03-24,6556.3701171875
^GSPC,2026-03-25,6591.89990234375
^GSPC,2026-03-26,6477.16015625
^GSPC,2026-03-27,6368.85009765625
^GSPC,2026-03-30,6343.72021484375
^GSPC,2026-03-31,6528.52001953125
^GSPC,2026-04-01,6575.31982421875
^GSPC,2026-04-02,6582.68994140625
^GSPC,2026-04-06,6611.830078125
^GSPC,2026-04-07,6616.85009765625
^GSPC,2026-04-08,6782.81005859375
^GSPC,2026-04-09,6824.66015625
^GSPC,2026-04-10,6816.89013671875
^GSPC,2026-04-13,6886.240234375
^GSPC,2026-04-14,6967.3798828125
^GSPC,2026-04-15,7022.9501953125
^GSPC,2026-04-16,7041.27978515625
^GSPC,2026-04-17,7126.06005859375
^GSPC,2026-04-20,7109.14013671875
^GSPC,2026-04-21,7064.009765625
^GSPC,2026-04-22,7137.89990234375
^GSPC,2026-04-23,7108.39990234375
^GSPC,2026-04-24,7165.080078125
^GSPC,2026-04-27,7173.91015625
^GSPC,2026-04-28,7138.7998046875
^GSPC,2026-04-29,7135.9501953125
^GSPC,2026-04-30,7209.009765625
^GSPC,2026-05-01,7230.1201171875
^GSPC,2026-05-04,7200.75
^GSPC,2026-05-05,7259.22021484375
^GSPC,2026-05-06,7365.1201171875
^GSPC,2026-05-07,7337.10986328125
^GSPC,2026-05-08,7398.93017578125
^GSPC,2026-05-11,7412.83984375
^GSPC,2026-05-12,7400.9599609375
^GSPC,2026-05-13,7444.25
^GSPC,2026-05-14,7501.240234375
^GSPC,2026-05-15,7408.5
^GSPC,2026-05-18,7403.0498046875
^GSPC,2026-05-19,7353.60986328125
^GSPC,2026-05-20,7432.97021484375
^GSPC,2026-05-21,7445.72021484375
^GSPC,2026-05-22,7473.47021484375
^GSPC,2026-05-26,7519.1201171875
^GSPC,2026-05-27,7520.35986328125
^GSPC,2026-05-28,7563.6298828125
^GSPC,2026-05-29,7580.06005859375
^GSPC,2026-06-01,7599.9599609375
^GSPC,2026-06-02,7609.77978515625
^GSPC,2026-06-03,7553.68017578125
^GSPC,2026-06-04,7584.31005859375
^GSPC,2026-06-05,7383.740234375
^GSPC,2026-06-08,7405.72998046875
^GSPC,2026-06-09,7386.64990234375
^GSPC,2026-06-10,7266.990234375
^GSPC,2026-06-11,7394.2998046875
^GSPC,2026-06-12,7431.4599609375
^GSPC,2026-06-15,7554.2900390625
^GSPC,2026-06-16,7511.35009765625
^GSPC,2026-06-17,7420.10009765625
^GSPC,2026-06-18,7500.580078125
^GSPC,2026-06-22,7472.7900390625
^GSPC,2026-06-23,7365.4599609375
^GSPC,2026-06-24,7358.22021484375
^GSPC,2026-06-25,7357.490234375
^GSPC,2026-06-26,7354.02001953125
^GSPC,2026-06-29,7440.43017578125
^GSPC,2026-06-30,7499.35986328125
^GSPC,2026-07-01,7483.22998046875
^GSPC,2026-07-02,7483.240234375
^GSPC,2026-07-06,7537.43017578125
^GSPC,2026-07-07,7503.85009765625
^GSPC,2026-07-08,7482.7099609375
^GSPC,2026-07-09,7543.64013671875
^GSPC,2026-07-10,7575.39013671875
^GSPC,2026-07-13,7515.33984375
^GSPC,2026-07-14,7543.58984375
^GSPC,2026-07-15,7572.39990234375
^GSPC,2026-07-16,7533.77001953125
^GSPC,2026-07-17,7457.68994140625
^GSPC,2026-07-20,7443.27978515625
^GSPC,2026-07-21,7509.2001953125
^GSPC,2026-07-22,7498.9599609375
^GSPC,2026-07-23,7408.2998046875
^GSPC,2026-07-24,7411.97998046875
^GSPC,2026-07-27,7413.18017578125
^GSPC,2026-07-28,7428.77978515625
^GSPC,2026-07-29,7316.14990234375
^GSPC,2026-07-30,7437.6298828125
^GSPC,2026-07-31,7489.72021484375
^GSPC,2026-08-03,7600.5
^GSPC,2026-08-04,7736.52001953125
^GSPC,2026-08-05,7723.5498046875
^GSPC,2026-08-06,7709.9599609375
^GSPC,2026-08-07,7757.64013671875
^GSPC,2026-08-10,7753.10986328125
^GSPC,2026-08-11,7728.2001953125
^GSPC,2026-08-12,7748.5
^GSPC,2026-08-13,7798.990234375
^GSPC,2026-08-14,7785.759765625
^GSPC,2026-08-17,7745.06005859375
^GSPC,2026-08-18,7691.759765625
^GSPC,2026-08-19,7707.97998046875
^GSPC,2026-08-20,7641.16015625
^GSPC,2026-08-21,7674.3701171875
^GSPC,2026-08-24,7652.85986328125
^GSPC,2026-08-25,7677.27978515625
^GSPC,2026-08-26,7675.7001953125
^GSPC,2026-08-27,7730.990234375
^GSPC,2026-08-28,7711.759765625
^GSPC,2026-08-31,7686.14013671875
^GSPC,2026-09-01,7631.47021484375
^GSPC,2026-09-02,7666.60009765625
^GSPC,2026-09-03,7747.7099609375
^GSPC,2026-09-04,7718.60009765625
^GSPC,2026-09-08,7673.52001953125
^GSPC,2026-09-09,7636.35986328125
^GSPC,2026-09-10,7591.7001953125
^GSPC,2026-09-11,7656.97998046875
^GSPC,2026-09-14,7619.97998046875
^GSPC,2026-09-15,7585.72998046875
^GSPC,2026-09-16,7551.81005859375
^GSPC,2026-09-17,7637.759765625
^GSPC,2026-09-18,7650.5
^NDX,2021-09-20,15012.1904296875
^NDX,2021-09-21,15027.76953125
^NDX,2021-09-22,15176.509765625
^NDX,2021-09-23,15316.580078125
^NDX,2021-09-24,15329.6796875
^NDX,2021-09-27,15204.8203125
^NDX,2021-09-28,14770.2998046875
^NDX,2021-09-29,14752.8896484375
^NDX,2021-09-30,14689.6201171875
^NDX,2021-10-01,14791.8701171875
^NDX,2021-10-04,14472.1201171875
^NDX,2021-10-05,14674.150390625
^NDX,2021-10-06,14766.75
^NDX,2021-10-07,14897.1298828125
^NDX,2021-10-08,14820.75
^NDX,2021-10-11,14713.73046875
^NDX,2021-10-12,14662.1103515625
^NDX,2021-10-13,14774.599609375
^NDX,2021-10-14,15052.419921875
^NDX,2021-10-15,15146.919921875
^NDX,2021-10-18,15300.8896484375
^NDX,2021-10-19,15410.7197265625
^NDX,2021-10-20,15388.7099609375
^NDX,2021-10-21,15489.58984375
^NDX,2021-10-22,15355.0703125
^NDX,2021-10-25,15514.1904296875
^NDX,2021-10-26,15559.490234375
^NDX,2021-10-27,15598.3896484375
^NDX,2021-10-28,15778.16015625
^NDX,2021-10-29,15850.4697265625
^NDX,2021-11-01,15905.2802734375
^NDX,2021-11-02,15972.490234375
^NDX,2021-11-03,16144.5
^NDX,2021-11-04,16346.240234375
^NDX,2021-11-05,16359.3798828125
^NDX,2021-11-08,16336.0302734375
^NDX,2021-11-09,16219.9404296875
^NDX,2021-11-10,15985.5703125
^NDX,2021-11-11,16032.4697265625
^NDX,2021-11-12,16199.8896484375
^NDX,2021-11-15,16189.1201171875
^NDX,2021-11-16,16309.76953125
^NDX,2021-11-17,16308.0703125
^NDX,2021-11-18,16482.970703125
^NDX,2021-11-19,16573.33984375
^NDX,2021-11-22,16380.98046875
^NDX,2021-11-23,16306.7197265625
^NDX,2021-11-24,16367.8095703125
^NDX,2021-11-26,16025.580078125
^NDX,2021-11-29,16399.240234375
^NDX,2021-11-30,16135.919921875
^NDX,2021-12-01,15877.7197265625
^NDX,2021-12-02,15990.759765625
^NDX,2021-12-03,15712.0400390625
^NDX,2021-12-06,15846.16015625
^NDX,2021-12-07,16325.66015625
^NDX,2021-12-08,16394.33984375
^NDX,2021-12-09,16149.5703125
^NDX,2021-12-10,16331.98046875
^NDX,2021-12-13,16082.5498046875
^NDX,2021-12-14,15914.900390625
^NDX,2021-12-15,16289.58984375
^NDX,2021-12-16,15863.9404296875
^NDX,2021-12-17,15801.4599609375
^NDX,2021-12-20,15627.6396484375
^NDX,2021-12-21,15986.2802734375
^NDX,2021-12-22,16180.1396484375
^NDX,2021-12-23,16308.2099609375
^NDX,2021-12-27,16567.5
^NDX,2021-12-28,16488.66015625
^NDX,2021-12-29,16491.009765625
^NDX,2021-12-30,16429.099609375
^NDX,2021-12-31,16320.080078125
^NDX,2022-01-03,16501.76953125
^NDX,2022-01-04,16279.73046875
^NDX,2022-01-05,15771.7802734375
^NDX,2022-01-06,15765.3603515625
^NDX,2022-01-07,15592.1904296875
^NDX,2022-01-10,15614.4296875
^NDX,2022-01-11,15844.1201171875
^NDX,2022-01-12,15905.099609375
^NDX,2022-01-13,15495.6201171875
^NDX,2022-01-14,15611.58984375
^NDX,2022-01-18,15210.759765625
^NDX,2022-01-19,15047.83984375
^NDX,2022-01-20,14846.4599609375
^NDX,2022-01-21,14438.400390625
^NDX,2022-01-24,14509.580078125
^NDX,2022-01-25,14149.1201171875
^NDX,2022-01-26,14172.759765625
^NDX,2022-01-27,14003.1103515625
^NDX,2022-01-28,14454.6103515625
^NDX,2022-01-31,14930.0498046875
^NDX,2022-02-01,15019.6796875
^NDX,2022-02-02,15139.740234375
^NDX,2022-02-03,14501.1103515625
^NDX,2022-02-04,14694.349609375
^NDX,2022-02-07,14571.25
^NDX,2022-02-08,14747.0302734375
^NDX,2022-02-09,15056.9599609375
^NDX,2022-02-10,14705.6396484375
^NDX,2022-02-11,14253.83984375
^NDX,2022-02-14,14268.58984375
^NDX,2022-02-15,14620.8203125
^NDX,2022-02-16,14603.6396484375
^NDX,2022-02-17,14171.740234375
^NDX,2022-02-18,14009.5400390625
^NDX,2022-02-22,13870.5302734375
^NDX,2022-02-23,13509.4296875
^NDX,2022-02-24,13974.669921875
^NDX,2022-02-25,14189.16015625
^NDX,2022-02-28,14237.8095703125
^NDX,2022-03-01,14005.990234375
^NDX,2022-03-02,14243.6904296875
^NDX,2022-03-03,14035.2099609375
^NDX,2022-03-04,13837.830078125
^NDX,2022-03-07,13319.3798828125
^NDX,2022-03-08,13267.6103515625
^NDX,2022-03-09,13742.2001953125
^NDX,2022-03-10,13591.0
^NDX,2022-03-11,13301.830078125
^NDX,2022-03-14,13046.6396484375
^NDX,2022-03-15,13458.5595703125
^NDX,2022-03-16,13956.7900390625
^NDX,2022-03-17,14118.599609375
^NDX,2022-03-18,14420.080078125
^NDX,2022-03-21,14376.08984375
^NDX,2022-03-22,14654.330078125
^NDX,2022-03-23,14447.5498046875
^NDX,2022-03-24,14765.6904296875
^NDX,2022-03-25,14754.3095703125
^NDX,2022-03-28,14987.400390625
^NDX,2022-03-29,15239.3203125
^NDX,2022-03-30,15071.5498046875
^NDX,2022-03-31,14838.490234375
^NDX,2022-04-01,14861.2099609375
^NDX,2022-04-04,15159.580078125
^NDX,2022-04-05,14820.6396484375
^NDX,2022-04-06,14498.8896484375
^NDX,2022-04-07,14531.8095703125
^NDX,2022-04-08,14327.259765625
^NDX,2022-04-11,13990.2099609375
^NDX,2022-04-12,13940.240234375
^NDX,2022-04-13,14217.2900390625
^NDX,2022-04-14,13893.2099609375
^NDX,2022-04-18,13910.759765625
^NDX,2022-04-19,14210.259765625
^NDX,2022-04-20,13998.5302734375
^NDX,2022-04-21,13720.4501953125
^NDX,2022-04-22,13356.8701171875
^NDX,2022-04-25,13533.2197265625
^NDX,2022-04-26,13009.7099609375
^NDX,2022-04-27,13003.3603515625
^NDX,2022-04-28,13456.0595703125
^NDX,2022-04-29,12854.7998046875
^NDX,2022-05-02,13075.849609375
^NDX,2022-05-03,13089.900390625
^NDX,2022-05-04,13535.7099609375
^NDX,2022-05-05,12850.5498046875
^NDX,2022-05-06,12693.5302734375
^NDX,2022-05-09,12187.7197265625
^NDX,2022-05-10,12345.8603515625
^NDX,2022-05-11,11967.5595703125
^NDX,2022-05-12,11945.5
^NDX,2022-05-13,12387.400390625
^NDX,2022-05-16,12243.580078125
^NDX,2022-05-17,12564.099609375
^NDX,2022-05-18,11928.3095703125
^NDX,2022-05-19,11875.6298828125
^NDX,2022-05-20,11835.6201171875
^NDX,2022-05-23,12034.2802734375
^NDX,2022-05-24,11769.83984375
^NDX,2022-05-25,11943.9296875
^NDX,2022-05-26,12276.7900390625
^NDX,2022-05-27,12681.419921875
^NDX,2022-05-31,12642.099609375
^NDX,2022-06-01,12548.3603515625
^NDX,2022-06-02,12892.8896484375
^NDX,2022-06-03,12548.0302734375
^NDX,2022-06-06,12599.6298828125
^NDX,2022-06-07,12711.6796875
^NDX,2022-06-08,12615.1298828125
^NDX,2022-06-09,12269.7802734375
^NDX,2022-06-10,11832.8203125
^NDX,2022-06-13,11288.3203125
^NDX,2022-06-14,11311.6904296875
^NDX,2022-06-15,11593.76953125
^NDX,2022-06-16,11127.5703125
^NDX,2022-06-17,11265.990234375
^NDX,2022-06-21,11546.759765625
^NDX,2022-06-22,11527.7099609375
^NDX,2022-06-23,11697.6796875
^NDX,2022-06-24,12105.849609375
^NDX,2022-06-27,12008.240234375
^NDX,2022-06-28,11637.76953125
^NDX,2022-06-29,11658.259765625
^NDX,2022-06-30,11503.7197265625
^NDX,2022-07-01,11585.6796875
^NDX,2022-07-05,11779.900390625
^NDX,2022-07-06,11852.58984375
^NDX,2022-07-07,12109.0498046875
^NDX,2022-07-08,12125.6904296875
^NDX,2022-07-11,11860.2802734375
^NDX,2022-07-12,11744.990234375
^NDX,2022-07-13,11728.5302734375
^NDX,2022-07-14,11768.400390625
^NDX,2022-07-15,11983.6201171875
^NDX,2022-07-18,11877.5
^NDX,2022-07-19,12249.419921875
^NDX,2022-07-20,12439.6796875
^NDX,2022-07-21,12619.41015625
^NDX,2022-07-22,12396.4697265625
^NDX,2022-07-25,12328.41015625
^NDX,2022-07-26,12086.900390625
^NDX,2022-07-27,12601.4697265625
^NDX,2022-07-28,12717.8701171875
^NDX,2022-07-29,12947.9697265625
^NDX,2022-08-01,12940.7802734375
^NDX,2022-08-02,12901.599609375
^NDX,2022-08-03,13253.259765625
^NDX,2022-08-04,13311.0400390625
^NDX,2022-08-05,13207.6904296875
^NDX,2022-08-08,13159.16015625
^NDX,2022-08-09,13008.169921875
^NDX,2022-08-10,13378.3203125
^NDX,2022-08-11,13291.990234375
^NDX,2022-08-12,13565.8701171875
^NDX,2022-08-15,13667.1796875
^NDX,2022-08-16,13635.2099609375
^NDX,2022-08-17,13470.8603515625
^NDX,2022-08-18,13505.990234375
^NDX,2022-08-19,13242.900390625
^NDX,2022-08-22,12890.5400390625
^NDX,2022-08-23,12881.7900390625
^NDX,2022-08-24,12917.8603515625
^NDX,2022-08-25,13143.580078125
^NDX,2022-08-26,12605.169921875
^NDX,2022-08-29,12484.3203125
^NDX,2022-08-30,12342.7001953125
^NDX,2022-08-31,12272.0302734375
^NDX,2022-09-01,12274.6201171875
^NDX,2022-09-02,12098.4404296875
^NDX,2022-09-06,12011.3095703125
^NDX,2022-09-07,12259.3896484375
^NDX,2022-09-08,12321.1904296875
^NDX,2022-09-09,12588.2900390625
^NDX,2022-09-12,12739.7197265625
^NDX,2022-09-13,12033.6201171875
^NDX,2022-09-14,12134.400390625
^NDX,2022-09-15,11927.490234375
^NDX,2022-09-16,11861.3798828125
^NDX,2022-09-19,11953.26953125
^NDX,2022-09-20,11851.5400390625
^NDX,2022-09-21,11637.7900390625
^NDX,2022-09-22,11501.650390625
^NDX,2022-09-23,11311.240234375
^NDX,2022-09-26,11254.1103515625
^NDX,2022-09-27,11271.75
^NDX,2022-09-28,11493.830078125
^NDX,2022-09-29,11164.7802734375
^NDX,2022-09-30,10971.2197265625
^NDX,2022-10-03,11229.73046875
^NDX,2022-10-04,11582.5400390625
^NDX,2022-10-05,11573.1796875
^NDX,2022-10-06,11485.5
^NDX,2022-10-07,11039.4697265625
^NDX,2022-10-10,10926.9697265625
^NDX,2022-10-11,10791.349609375
^NDX,2022-10-12,10785.6201171875
^NDX,2022-10-13,11033.580078125
^NDX,2022-10-14,10692.0595703125
^NDX,2022-10-17,11062.5302734375
^NDX,2022-10-18,11147.740234375
^NDX,2022-10-19,11103.3798828125
^NDX,2022-10-20,11046.7099609375
^NDX,2022-10-21,11310.330078125
^NDX,2022-10-24,11430.259765625
^NDX,2022-10-25,11669.990234375
^NDX,2022-10-26,11405.900390625
^NDX,2022-10-27,11191.6298828125
^NDX,2022-10-28,11546.2099609375
^NDX,2022-10-31,11405.5703125
^NDX,2022-11-01,11288.9501953125
^NDX,2022-11-02,10906.33984375
^NDX,2022-11-03,10690.599609375
^NDX,2022-11-04,10857.0302734375
^NDX,2022-11-07,10977.0
^NDX,2022-11-08,11059.5
^NDX,2022-11-09,10797.5498046875
^NDX,2022-11-10,11605.9599609375
^NDX,2022-11-11,11817.009765625
^NDX,2022-11-14,11700.9404296875
^NDX,2022-11-15,11871.150390625
^NDX,2022-11-16,11699.08984375
^NDX,2022-11-17,11676.8603515625
^NDX,2022-11-18,11677.01953125
^NDX,2022-11-21,11553.4501953125
^NDX,2022-11-22,11724.83984375
^NDX,2022-11-23,11838.7197265625
^NDX,2022-11-25,11756.0302734375
^NDX,2022-11-28,11587.75
^NDX,2022-11-29,11503.4501953125
^NDX,2022-11-30,12030.0595703125
^NDX,2022-12-01,12041.8896484375
^NDX,2022-12-02,11994.259765625
^NDX,2022-12-05,11786.7998046875
^NDX,2022-12-06,11549.6904296875
^NDX,2022-12-07,11497.3896484375
^NDX,2022-12-08,11637.5
^NDX,2022-12-09,11563.330078125
^NDX,2022-12-12,11706.4404296875
^NDX,2022-12-13,11834.2099609375
^NDX,2022-12-14,11740.919921875
^NDX,2022-12-15,11345.2197265625
^NDX,2022-12-16,11243.7197265625
^NDX,2022-12-19,11084.58984375
^NDX,2022-12-20,11072.419921875
^NDX,2022-12-21,11235.8798828125
^NDX,2022-12-22,10956.1396484375
^NDX,2022-12-23,10985.4501953125
^NDX,2022-12-27,10822.509765625
^NDX,2022-12-28,10679.33984375
^NDX,2022-12-29,10951.0498046875
^NDX,2022-12-30,10939.759765625
^NDX,2023-01-03,10862.6396484375
^NDX,2023-01-04,10914.7998046875
^NDX,2023-01-05,10741.2197265625
^NDX,2023-01-06,11040.349609375
^NDX,2023-01-09,11108.4501953125
^NDX,2023-01-10,11205.7802734375
^NDX,2023-01-11,11402.51953125
^NDX,2023-01-12,11459.6103515625
^NDX,2023-01-13,11541.48046875
^NDX,2023-01-17,11557.1904296875
^NDX,2023-01-18,11410.2900390625
^NDX,2023-01-19,11295.669921875
^NDX,2023-01-20,11619.0302734375
^NDX,2023-01-23,11872.5400390625
^NDX,2023-01-24,11846.6396484375
^NDX,2023-01-25,11814.6904296875
^NDX,2023-01-26,12051.48046875
^NDX,2023-01-27,12166.599609375
^NDX,2023-01-30,11912.3896484375
^NDX,2023-01-31,12101.9296875
^NDX,2023-02-01,12363.099609375
^NDX,2023-02-02,12803.1396484375
^NDX,2023-02-03,12573.3603515625
^NDX,2023-02-06,12464.509765625
^NDX,2023-02-07,12728.26953125
^NDX,2023-02-08,12495.3798828125
^NDX,2023-02-09,12381.169921875
^NDX,2023-02-10,12304.919921875
^NDX,2023-02-13,12502.3095703125
^NDX,2023-02-14,12590.8896484375
^NDX,2023-02-15,12687.8896484375
^NDX,2023-02-16,12442.48046875
^NDX,2023-02-17,12358.1796875
^NDX,2023-02-21,12060.2998046875
^NDX,2023-02-22,12066.26953125
^NDX,2023-02-23,12180.1396484375
^NDX,2023-02-24,11969.650390625
^NDX,2023-02-27,12057.7900390625
^NDX,2023-02-28,12042.1201171875
^NDX,2023-03-01,11938.5703125
^NDX,2023-03-02,12044.8701171875
^NDX,2023-03-03,12290.8095703125
^NDX,2023-03-06,12302.48046875
^NDX,2023-03-07,12152.169921875
^NDX,2023-03-08,12215.330078125
^NDX,2023-03-09,11995.8798828125
^NDX,2023-03-10,11830.2802734375
^NDX,2023-03-13,11923.169921875
^NDX,2023-03-14,12199.7900390625
^NDX,2023-03-15,12251.3203125
^NDX,2023-03-16,12581.3896484375
^NDX,2023-03-17,12519.8798828125
^NDX,2023-03-20,12562.6103515625
^NDX,2023-03-21,12741.4404296875
^NDX,2023-03-22,12567.150390625
^NDX,2023-03-23,12729.23046875
^NDX,2023-03-24,12767.0498046875
^NDX,2023-03-27,12673.0703125
^NDX,2023-03-28,12610.5703125
^NDX,2023-03-29,12846.0302734375
^NDX,2023-03-30,12963.1396484375
^NDX,2023-03-31,13181.349609375
^NDX,2023-04-03,13148.349609375
^NDX,2023-04-04,13100.080078125
^NDX,2023-04-05,12967.2001953125
^NDX,2023-04-06,13062.599609375
^NDX,2023-04-10,13051.23046875
^NDX,2023-04-11,12964.150390625
^NDX,2023-04-12,12848.349609375
^NDX,2023-04-13,13109.3896484375
^NDX,2023-04-14,13079.51953125
^NDX,2023-04-17,13087.7099609375
^NDX,2023-04-18,13091.7900390625
^NDX,2023-04-19,13088.7099609375
^NDX,2023-04-20,12985.98046875
^NDX,2023-04-21,13000.76953125
^NDX,2023-04-24,12969.759765625
^NDX,2023-04-25,12725.1103515625
^NDX,2023-04-26,12806.48046875
^NDX,2023-04-27,13160.0302734375
^NDX,2023-04-28,13245.990234375
^NDX,2023-05-01,13231.4697265625
^NDX,2023-05-02,13113.66015625
^NDX,2023-05-03,13030.2099609375
^NDX,2023-05-04,12982.48046875
^NDX,2023-05-05,13259.1298828125
^NDX,2023-05-08,13291.6396484375
^NDX,2023-05-09,13201.1103515625
^NDX,2023-05-10,13347.830078125
^NDX,2023-05-11,13389.7802734375
^NDX,2023-05-12,13340.1796875
^NDX,2023-05-15,13413.509765625
^NDX,2023-05-16,13426.009765625
^NDX,2023-05-17,13589.259765625
^NDX,2023-05-18,13834.6201171875
^NDX,2023-05-19,13803.490234375
^NDX,2023-05-22,13849.740234375
^NDX,2023-05-23,13672.5400390625
^NDX,2023-05-24,13604.48046875
^NDX,2023-05-25,13938.5302734375
^NDX,2023-05-26,14298.41015625
^NDX,2023-05-30,14354.990234375
^NDX,2023-05-31,14254.08984375
^NDX,2023-06-01,14441.509765625
^NDX,2023-06-02,14546.6396484375
^NDX,2023-06-05,14556.5
^NDX,2023-06-06,14558.08984375
^NDX,2023-06-07,14303.2900390625
^NDX,2023-06-08,14484.5400390625
^NDX,2023-06-09,14528.3603515625
^NDX,2023-06-12,14784.2998046875
^NDX,2023-06-13,14900.849609375
^NDX,2023-06-14,15005.6904296875
^NDX,2023-06-15,15185.48046875
^NDX,2023-06-16,15083.919921875
^NDX,2023-06-20,15070.150390625
^NDX,2023-06-21,14867.4501953125
^NDX,2023-06-22,15042.3203125
^NDX,2023-06-23,14891.48046875
^NDX,2023-06-26,14689.01953125
^NDX,2023-06-27,14945.91015625
^NDX,2023-06-28,14964.5703125
^NDX,2023-06-29,14939.9501953125
^NDX,2023-06-30,15179.2099609375
^NDX,2023-07-03,15208.6904296875
^NDX,2023-07-05,15203.7802734375
^NDX,2023-07-06,15089.4501953125
^NDX,2023-07-07,15036.849609375
^NDX,2023-07-10,15045.6396484375
^NDX,2023-07-11,15119.0595703125
^NDX,2023-07-12,15307.23046875
^NDX,2023-07-13,15571.98046875
^NDX,2023-07-14,15565.599609375
^NDX,2023-07-17,15713.2802734375
^NDX,2023-07-18,15841.349609375
^NDX,2023-07-19,15826.349609375
^NDX,2023-07-20,15466.08984375
^NDX,2023-07-21,15425.669921875
^NDX,2023-07-24,15448.01953125
^NDX,2023-07-25,15561.419921875
^NDX,2023-07-26,15499.259765625
^NDX,2023-07-27,15464.9296875
^NDX,2023-07-28,15750.9296875
^NDX,2023-07-31,15757.0
^NDX,2023-08-01,15718.009765625
^NDX,2023-08-02,15370.740234375
^NDX,2023-08-03,15353.5400390625
^NDX,2023-08-04,15274.919921875
^NDX,2023-08-07,15407.849609375
^NDX,2023-08-08,15273.0498046875
^NDX,2023-08-09,15101.7099609375
^NDX,2023-08-10,15128.83984375
^NDX,2023-08-11,15028.0703125
^NDX,2023-08-14,15205.58984375
^NDX,2023-08-15,15037.650390625
^NDX,2023-08-16,14876.4697265625
^NDX,2023-08-17,14715.8095703125
^NDX,2023-08-18,14694.83984375
^NDX,2023-08-21,14936.6904296875
^NDX,2023-08-22,14908.9599609375
^NDX,2023-08-23,15148.0595703125
^NDX,2023-08-24,14816.4404296875
^NDX,2023-08-25,14941.830078125
^NDX,2023-08-28,15052.4599609375
^NDX,2023-08-29,15376.5498046875
^NDX,2023-08-30,15462.4296875
^NDX,2023-08-31,15501.0703125
^NDX,2023-09-01,15490.8603515625
^NDX,2023-09-05,15508.240234375
^NDX,2023-09-06,15371.4404296875
^NDX,2023-09-07,15258.51953125
^NDX,2023-09-08,15280.23046875
^NDX,2023-09-11,15461.8701171875
^NDX,2023-09-12,15289.740234375
^NDX,2023-09-13,15348.5302734375
^NDX,2023-09-14,15473.8896484375
^NDX,2023-09-15,15202.400390625
^NDX,2023-09-18,15225.3701171875
^NDX,2023-09-19,15191.23046875
^NDX,2023-09-20,14969.919921875
^NDX,2023-09-21,14694.240234375
^NDX,2023-09-22,14701.099609375
^NDX,2023-09-25,14768.900390625
^NDX,2023-09-26,14545.830078125
^NDX,2023-09-27,14580.16015625
^NDX,2023-09-28,14702.76953125
^NDX,2023-09-29,14715.240234375
^NDX,2023-10-02,14837.5703125
^NDX,2023-10-03,14565.6201171875
^NDX,2023-10-04,14776.25
^NDX,2023-10-05,14723.2197265625
^NDX,2023-10-06,14973.240234375
^NDX,2023-10-09,15047.150390625
^NDX,2023-10-10,15131.51953125
^NDX,2023-10-11,15241.1201171875
^NDX,2023-10-12,15184.099609375
^NDX,2023-10-13,14995.1201171875
^NDX,2023-10-16,15172.73046875
^NDX,2023-10-17,15122.009765625
^NDX,2023-10-18,14909.259765625
^NDX,2023-10-19,14783.1298828125
^NDX,2023-10-20,14560.8798828125
^NDX,2023-10-23,14604.849609375
^NDX,2023-10-24,14745.8603515625
^NDX,2023-10-25,14381.6396484375
^NDX,2023-10-26,14109.5703125
^NDX,2023-10-27,14180.419921875
^NDX,2023-10-30,14335.509765625
^NDX,2023-10-31,14409.7802734375
^NDX,2023-11-01,14664.91015625
^NDX,2023-11-02,14919.5498046875
^NDX,2023-11-03,15099.490234375
^NDX,2023-11-06,15154.9296875
^NDX,2023-11-07,15296.01953125
^NDX,2023-11-08,15313.240234375
^NDX,2023-11-09,15187.900390625
^NDX,2023-11-10,15529.1201171875
^NDX,2023-11-13,15482.7900390625
^NDX,2023-11-14,15812.4697265625
^NDX,2023-11-15,15817.1796875
^NDX,2023-11-16,15833.169921875
^NDX,2023-11-17,15837.990234375
^NDX,2023-11-20,16027.0595703125
^NDX,2023-11-21,15933.6201171875
^NDX,2023-11-22,16001.3896484375
^NDX,2023-11-24,15982.009765625
^NDX,2023-11-27,15961.98046875
^NDX,2023-11-28,16010.4296875
^NDX,2023-11-29,15987.599609375
^NDX,2023-11-30,15947.8701171875
^NDX,2023-12-01,15997.580078125
^NDX,2023-12-04,15839.669921875
^NDX,2023-12-05,15877.7099609375
^NDX,2023-12-06,15788.0498046875
^NDX,2023-12-07,16022.490234375
^NDX,2023-12-08,16084.6904296875
^NDX,2023-12-11,16221.73046875
^NDX,2023-12-12,16354.25
^NDX,2023-12-13,16562.369140625
^NDX,2023-12-14,16537.830078125
^NDX,2023-12-15,16623.44921875
^NDX,2023-12-18,16729.80078125
^NDX,2023-12-19,16811.849609375
^NDX,2023-12-20,16554.16015625
^NDX,2023-12-21,16757.41015625
^NDX,2023-12-22,16777.400390625
^NDX,2023-12-26,16878.4609375
^NDX,2023-12-27,16906.80078125
^NDX,2023-12-28,16898.470703125
^NDX,2023-12-29,16825.9296875
^NDX,2024-01-02,16543.939453125
^NDX,2024-01-03,16368.490234375
^NDX,2024-01-04,16282.009765625
^NDX,2024-01-05,16305.98046875
^NDX,2024-01-08,16649.869140625
^NDX,2024-01-09,16678.69921875
^NDX,2024-01-10,16793.05078125
^NDX,2024-01-11,16820.900390625
^NDX,2024-01-12,16832.919921875
^NDX,2024-01-16,16830.7109375
^NDX,2024-01-17,16736.279296875
^NDX,2024-01-18,16982.2890625
^NDX,2024-01-19,17314.0
^NDX,2024-01-22,17330.380859375
^NDX,2024-01-23,17404.2109375
^NDX,2024-01-24,17499.30078125
^NDX,2024-01-25,17516.990234375
^NDX,2024-01-26,17421.009765625
^NDX,2024-01-29,17596.26953125
^NDX,2024-01-30,17476.7109375
^NDX,2024-01-31,17137.240234375
^NDX,2024-02-01,17344.7109375
^NDX,2024-02-02,17642.73046875
^NDX,2024-02-05,17613.0390625
^NDX,2024-02-06,17572.73046875
^NDX,2024-02-07,17755.0703125
^NDX,2024-02-08,17783.169921875
^NDX,2024-02-09,17962.41015625
^NDX,2024-02-12,17882.66015625
^NDX,2024-02-13,17600.419921875
^NDX,2024-02-14,17807.630859375
^NDX,2024-02-15,17845.720703125
^NDX,2024-02-16,17685.98046875
^NDX,2024-02-20,17546.099609375
^NDX,2024-02-21,17478.91015625
^NDX,2024-02-22,18004.69921875
^NDX,2024-02-23,17937.609375
^NDX,2024-02-26,17933.330078125
^NDX,2024-02-27,17971.05078125
^NDX,2024-02-28,17874.5
^NDX,2024-02-29,18043.849609375
^NDX,2024-03-01,18302.91015625
^NDX,2024-03-04,18226.48046875
^NDX,2024-03-05,17897.869140625
^NDX,2024-03-06,18017.5703125
^NDX,2024-03-07,18297.990234375
^NDX,2024-03-08,18018.44921875
^NDX,2024-03-11,17951.689453125
^NDX,2024-03-12,18219.109375
^NDX,2024-03-13,18068.470703125
^NDX,2024-03-14,18014.810546875
^NDX,2024-03-15,17808.25
^NDX,2024-03-18,17985.009765625
^NDX,2024-03-19,18032.19921875
^NDX,2024-03-20,18240.109375
^NDX,2024-03-21,18320.380859375
^NDX,2024-03-22,18339.439453125
^NDX,2024-03-25,18277.060546875
^NDX,2024-03-26,18210.5390625
^NDX,2024-03-27,18280.83984375
^NDX,2024-03-28,18254.689453125
^NDX,2024-04-01,18293.19921875
^NDX,2024-04-02,18121.779296875
^NDX,2024-04-03,18160.189453125
^NDX,2024-04-04,17878.779296875
^NDX,2024-04-05,18108.4609375
^NDX,2024-04-08,18100.189453125
^NDX,2024-04-09,18169.900390625
^NDX,2024-04-10,18011.66015625
^NDX,2024-04-11,18307.98046875
^NDX,2024-04-12,18003.490234375
^NDX,2024-04-15,17706.830078125
^NDX,2024-04-16,17713.66015625
^NDX,2024-04-17,17493.619140625
^NDX,2024-04-18,17394.310546875
^NDX,2024-04-19,17037.650390625
^NDX,2024-04-22,17210.890625
^NDX,2024-04-23,17471.470703125
^NDX,2024-04-24,17526.80078125
^NDX,2024-04-25,17430.5
^NDX,2024-04-26,17718.30078125
^NDX,2024-04-29,17782.720703125
^NDX,2024-04-30,17440.689453125
^NDX,2024-05-01,17318.55078125
^NDX,2024-05-02,17541.5390625
^NDX,2024-05-03,17890.80078125
^NDX,2024-05-06,18093.5703125
^NDX,2024-05-07,18091.44921875
^NDX,2024-05-08,18085.009765625
^NDX,2024-05-09,18113.4609375
^NDX,2024-05-10,18161.1796875
^NDX,2024-05-13,18198.609375
^NDX,2024-05-14,18322.76953125
^NDX,2024-05-15,18596.650390625
^NDX,2024-05-16,18557.9609375
^NDX,2024-05-17,18546.23046875
^NDX,2024-05-20,18674.189453125
^NDX,2024-05-21,18713.80078125
^NDX,2024-05-22,18705.19921875
^NDX,2024-05-23,18623.390625
^NDX,2024-05-24,18808.349609375
^NDX,2024-05-28,18869.439453125
^NDX,2024-05-29,18736.75
^NDX,2024-05-30,18538.66015625
^NDX,2024-05-31,18536.650390625
^NDX,2024-06-03,18600.970703125
^NDX,2024-06-04,18654.83984375
^NDX,2024-06-05,19035.05078125
^NDX,2024-06-06,19021.189453125
^NDX,2024-06-07,19000.94921875
^NDX,2024-06-10,19074.669921875
^NDX,2024-06-11,19210.1796875
^NDX,2024-06-12,19465.1796875
^NDX,2024-06-13,19576.919921875
^NDX,2024-06-14,19659.80078125
^NDX,2024-06-17,19902.75
^NDX,2024-06-18,19908.859375
^NDX,2024-06-20,19752.30078125
^NDX,2024-06-21,19700.4296875
^NDX,2024-06-24,19474.619140625
^NDX,2024-06-25,19701.130859375
^NDX,2024-06-26,19751.05078125
^NDX,2024-06-27,19789.029296875
^NDX,2024-06-28,19682.869140625
^NDX,2024-07-01,19812.220703125
^NDX,2024-07-02,20011.890625
^NDX,2024-07-03,20186.630859375
^NDX,2024-07-05,20391.970703125
^NDX,2024-07-08,20439.5390625
^NDX,2024-07-09,20453.01953125
^NDX,2024-07-10,20675.380859375
^NDX,2024-07-11,20211.359375
^NDX,2024-07-12,20331.490234375
^NDX,2024-07-15,20386.880859375
^NDX,2024-07-16,20398.619140625
^NDX,2024-07-17,19799.140625
^NDX,2024-07-18,19705.08984375
^NDX,2024-07-19,19522.619140625
^NDX,2024-07-22,19822.869140625
^NDX,2024-07-23,19754.33984375
^NDX,2024-07-24,19032.390625
^NDX,2024-07-25,18830.580078125
^NDX,2024-07-26,19023.66015625
^NDX,2024-07-29,19059.490234375
^NDX,2024-07-30,18796.26953125
^NDX,2024-07-31,19362.4296875
^NDX,2024-08-01,18890.390625
^NDX,2024-08-02,18440.849609375
^NDX,2024-08-05,17895.16015625
^NDX,2024-08-06,18077.919921875
^NDX,2024-08-07,17867.369140625
^NDX,2024-08-08,18413.8203125
^NDX,2024-08-09,18513.099609375
^NDX,2024-08-12,18542.029296875
^NDX,2024-08-13,19006.4296875
^NDX,2024-08-14,19022.6796875
^NDX,2024-08-15,19490.150390625
^NDX,2024-08-16,19508.51953125
^NDX,2024-08-19,19766.490234375
^NDX,2024-08-20,19719.8203125
^NDX,2024-08-21,19824.83984375
^NDX,2024-08-22,19491.83984375
^NDX,2024-08-23,19720.869140625
^NDX,2024-08-26,19516.439453125
^NDX,2024-08-27,19581.51953125
^NDX,2024-08-28,19350.779296875
^NDX,2024-08-29,19325.44921875
^NDX,2024-08-30,19574.640625
^NDX,2024-09-03,18958.740234375
^NDX,2024-09-04,18921.400390625
^NDX,2024-09-05,18930.330078125
^NDX,2024-09-06,18421.310546875
^NDX,2024-09-09,18660.779296875
^NDX,2024-09-10,18829.140625
^NDX,2024-09-11,19237.30078125
^NDX,2024-09-12,19423.0703125
^NDX,2024-09-13,19514.58984375
^NDX,2024-09-16,19423.060546875
^NDX,2024-09-17,19432.400390625
^NDX,2024-09-18,19344.490234375
^NDX,2024-09-19,19839.830078125
^NDX,2024-09-20,19791.490234375
^NDX,2024-09-23,19852.19921875
^NDX,2024-09-24,19944.83984375
^NDX,2024-09-25,19972.609375
^NDX,2024-09-26,20115.5390625
^NDX,2024-09-27,20008.619140625
^NDX,2024-09-30,20060.689453125
^NDX,2024-10-01,19773.30078125
^NDX,2024-10-02,19802.58984375
^NDX,2024-10-03,19793.33984375
^NDX,2024-10-04,20035.01953125
^NDX,2024-10-07,19800.740234375
^NDX,2024-10-08,20107.779296875
^NDX,2024-10-09,20268.859375
^NDX,2024-10-10,20241.759765625
^NDX,2024-10-11,20271.970703125
^NDX,2024-10-14,20439.05078125
^NDX,2024-10-15,20159.830078125
^NDX,2024-10-16,20174.05078125
^NDX,2024-10-17,20190.419921875
^NDX,2024-10-18,20324.0390625
^NDX,2024-10-21,20361.470703125
^NDX,2024-10-22,20390.4609375
^NDX,2024-10-23,20066.9609375
^NDX,2024-10-24,20232.869140625
^NDX,2024-10-25,20352.01953125
^NDX,2024-10-28,20351.0703125
^NDX,2024-10-29,20550.650390625
^NDX,2024-10-30,20387.69921875
^NDX,2024-10-31,19890.419921875
^NDX,2024-11-01,20033.140625
^NDX,2024-11-04,19963.599609375
^NDX,2024-11-05,20227.4609375
^NDX,2024-11-06,20781.330078125
^NDX,2024-11-07,21101.5703125
^NDX,2024-11-08,21117.1796875
^NDX,2024-11-11,21106.58984375
^NDX,2024-11-12,21070.7890625
^NDX,2024-11-13,21036.16015625
^NDX,2024-11-14,20896.669921875
^NDX,2024-11-15,20394.130859375
^NDX,2024-11-18,20539.189453125
^NDX,2024-11-19,20684.58984375
^NDX,2024-11-20,20667.099609375
^NDX,2024-11-21,20740.779296875
^NDX,2024-11-22,20776.23046875
^NDX,2024-11-25,20804.890625
^NDX,2024-11-26,20922.900390625
^NDX,2024-11-27,20744.490234375
^NDX,2024-11-29,20930.369140625
^NDX,2024-12-02,21164.599609375
^NDX,2024-12-03,21229.3203125
^NDX,2024-12-04,21492.359375
^NDX,2024-12-05,21425.220703125
^NDX,2024-12-06,21622.25
^NDX,2024-12-09,21440.8203125
^NDX,2024-12-10,21368.1796875
^NDX,2024-12-11,21763.98046875
^NDX,2024-12-12,21615.26953125
^NDX,2024-12-13,21780.25
^NDX,2024-12-16,22096.66015625
^NDX,2024-12-17,22001.080078125
^NDX,2024-12-18,21209.3203125
^NDX,2024-12-19,21110.509765625
^NDX,2024-12-20,21289.150390625
^NDX,2024-12-23,21503.169921875
^NDX,2024-12-24,21797.650390625
^NDX,2024-12-26,21768.310546875
^NDX,2024-12-27,21473.01953125
^NDX,2024-12-30,21197.08984375
^NDX,2024-12-31,21012.169921875
^NDX,2025-01-02,20975.619140625
^NDX,2025-01-03,21326.16015625
^NDX,2025-01-06,21559.5
^NDX,2025-01-07,21173.0390625
^NDX,2025-01-08,21180.970703125
^NDX,2025-01-10,20847.580078125
^NDX,2025-01-13,20784.720703125
^NDX,2025-01-14,20757.41015625
^NDX,2025-01-15,21237.849609375
^NDX,2025-01-16,21091.25
^NDX,2025-01-17,21441.16015625
^NDX,2025-01-21,21566.509765625
^NDX,2025-01-22,21853.0
^NDX,2025-01-23,21900.9296875
^NDX,2025-01-24,21774.009765625
^NDX,2025-01-27,21127.279296875
^NDX,2025-01-28,21463.0390625
^NDX,2025-01-29,21411.4609375
^NDX,2025-01-30,21508.119140625
^NDX,2025-01-31,21478.05078125
^NDX,2025-02-03,21297.580078125
^NDX,2025-02-04,21566.919921875
^NDX,2025-02-05,21658.16015625
^NDX,2025-02-06,21774.0703125
^NDX,2025-02-07,21491.310546875
^NDX,2025-02-10,21756.73046875
^NDX,2025-02-11,21693.51953125
^NDX,2025-02-12,21719.259765625
^NDX,2025-02-13,22030.7109375
^NDX,2025-02-14,22114.689453125
^NDX,2025-02-18,22164.609375
^NDX,2025-02-19,22175.599609375
^NDX,2025-02-20,22068.060546875
^NDX,2025-02-21,21614.080078125
^NDX,2025-02-24,21352.080078125
^NDX,2025-02-25,21087.25
^NDX,2025-02-26,21132.919921875
^NDX,2025-02-27,20550.94921875
^NDX,2025-02-28,20884.41015625
^NDX,2025-03-03,20425.580078125
^NDX,2025-03-04,20352.529296875
^NDX,2025-03-05,20628.4609375
^NDX,2025-03-06,20052.630859375
^NDX,2025-03-07,20201.369140625
^NDX,2025-03-10,19430.94921875
^NDX,2025-03-11,19376.9609375
^NDX,2025-03-12,19596.01953125
^NDX,2025-03-13,19225.48046875
^NDX,2025-03-14,19704.640625
^NDX,2025-03-17,19812.240234375
^NDX,2025-03-18,19483.359375
^NDX,2025-03-19,19736.66015625
^NDX,2025-03-20,19677.609375
^NDX,2025-03-21,19753.970703125
^NDX,2025-03-24,20180.44921875
^NDX,2025-03-25,20287.830078125
^NDX,2025-03-26,19916.990234375
^NDX,2025-03-27,19798.619140625
^NDX,2025-03-28,19281.400390625
^NDX,2025-03-31,19278.44921875
^NDX,2025-04-01,19436.419921875
^NDX,2025-04-02,19581.779296875
^NDX,2025-04-03,18521.470703125
^NDX,2025-04-04,17397.69921875
^NDX,2025-04-07,17430.6796875
^NDX,2025-04-08,17090.400390625
^NDX,2025-04-09,19145.060546875
^NDX,2025-04-10,18343.5703125
^NDX,2025-04-11,18690.05078125
^NDX,2025-04-14,18796.01953125
^NDX,2025-04-15,18830.23046875
^NDX,2025-04-16,18257.640625
^NDX,2025-04-17,18258.08984375
^NDX,2025-04-21,17808.30078125
^NDX,2025-04-22,18276.41015625
^NDX,2025-04-23,18693.259765625
^NDX,2025-04-24,19214.400390625
^NDX,2025-04-25,19432.560546875
^NDX,2025-04-28,19427.2890625
^NDX,2025-04-29,19544.94921875
^NDX,2025-04-30,19571.01953125
^NDX,2025-05-01,19786.7109375
^NDX,2025-05-02,20102.609375
^NDX,2025-05-05,19967.939453125
^NDX,2025-05-06,19791.349609375
^NDX,2025-05-07,19867.970703125
^NDX,2025-05-08,20063.560546875
^NDX,2025-05-09,20061.44921875
^NDX,2025-05-12,20868.150390625
^NDX,2025-05-13,21197.69921875
^NDX,2025-05-14,21319.2109375
^NDX,2025-05-15,21335.8203125
^NDX,2025-05-16,21427.939453125
^NDX,2025-05-19,21447.05078125
^NDX,2025-05-20,21367.369140625
^NDX,2025-05-21,21080.359375
^NDX,2025-05-22,21112.470703125
^NDX,2025-05-23,20915.66015625
^NDX,2025-05-27,21414.990234375
^NDX,2025-05-28,21318.169921875
^NDX,2025-05-29,21363.94921875
^NDX,2025-05-30,21340.990234375
^NDX,2025-06-02,21491.75
^NDX,2025-06-03,21662.580078125
^NDX,2025-06-04,21721.919921875
^NDX,2025-06-05,21547.4296875
^NDX,2025-06-06,21761.7890625
^NDX,2025-06-09,21797.869140625
^NDX,2025-06-10,21941.919921875
^NDX,2025-06-11,21860.80078125
^NDX,2025-06-12,21913.3203125
^NDX,2025-06-13,21631.0390625
^NDX,2025-06-16,21937.5703125
^NDX,2025-06-17,21719.080078125
^NDX,2025-06-18,21719.689453125
^NDX,2025-06-20,21626.390625
^NDX,2025-06-23,21856.330078125
^NDX,2025-06-24,22190.51953125
^NDX,2025-06-25,22237.740234375
^NDX,2025-06-26,22447.2890625
^NDX,2025-06-27,22534.19921875
^NDX,2025-06-30,22679.009765625
^NDX,2025-07-01,22478.130859375
^NDX,2025-07-02,22641.890625
^NDX,2025-07-03,22866.970703125
^NDX,2025-07-07,22685.5703125
^NDX,2025-07-08,22702.25
^NDX,2025-07-09,22864.91015625
^NDX,2025-07-10,22829.259765625
^NDX,2025-07-11,22780.599609375
^NDX,2025-07-14,22855.630859375
^NDX,2025-07-15,22884.58984375
^NDX,2025-07-16,22907.970703125
^NDX,2025-07-17,23081.05078125
^NDX,2025-07-18,23065.470703125
^NDX,2025-07-21,23180.060546875
^NDX,2025-07-22,23063.580078125
^NDX,2025-07-23,23162.41015625
^NDX,2025-07-24,23219.869140625
^NDX,2025-07-25,23272.25
^NDX,2025-07-28,23356.26953125
^NDX,2025-07-29,23308.30078125
^NDX,2025-07-30,23345.41015625
^NDX,2025-07-31,23218.119140625
^NDX,2025-08-01,22763.310546875
^NDX,2025-08-04,23188.609375
^NDX,2025-08-05,23018.560546875
^NDX,2025-08-06,23315.0390625
^NDX,2025-08-07,23389.529296875
^NDX,2025-08-08,23611.26953125
^NDX,2025-08-11,23526.630859375
^NDX,2025-08-12,23839.19921875
^NDX,2025-08-13,23849.0390625
^NDX,2025-08-14,23832.439453125
^NDX,2025-08-15,23712.0703125
^NDX,2025-08-18,23713.759765625
^NDX,2025-08-19,23384.76953125
^NDX,2025-08-20,23249.5703125
^NDX,2025-08-21,23142.580078125
^NDX,2025-08-22,23498.119140625
^NDX,2025-08-25,23425.609375
^NDX,2025-08-26,23525.2890625
^NDX,2025-08-27,23565.849609375
^NDX,2025-08-28,23703.44921875
^NDX,2025-08-29,23415.419921875
^NDX,2025-09-02,23231.109375
^NDX,2025-09-03,23414.83984375
^NDX,2025-09-04,23633.009765625
^NDX,2025-09-05,23652.439453125
^NDX,2025-09-08,23762.30078125
^NDX,2025-09-09,23839.80078125
^NDX,2025-09-10,23849.26953125
^NDX,2025-09-11,23992.560546875
^NDX,2025-09-12,24092.189453125
^NDX,2025-09-15,24293.779296875
^NDX,2025-09-16,24274.25
^NDX,2025-09-17,24223.689453125
^NDX,2025-09-18,24454.890625
^NDX,2025-09-19,24626.25
^NDX,2025-09-22,24761.0703125
^NDX,2025-09-23,24580.169921875
^NDX,2025-09-24,24503.5703125
^NDX,2025-09-25,24397.310546875
^NDX,2025-09-26,24503.849609375
^NDX,2025-09-29,24611.349609375
^NDX,2025-09-30,24679.990234375
^NDX,2025-10-01,24800.859375
^NDX,2025-10-02,24892.759765625
^NDX,2025-10-03,24785.51953125
^NDX,2025-10-06,24978.560546875
^NDX,2025-10-07,24840.23046875
^NDX,2025-10-08,25136.619140625
^NDX,2025-10-09,25098.1796875
^NDX,2025-10-10,24221.740234375
^NDX,2025-10-13,24750.25
^NDX,2025-10-14,24579.3203125
^NDX,2025-10-15,24745.359375
^NDX,2025-10-16,24657.240234375
^NDX,2025-10-17,24817.94921875
^NDX,2025-10-20,25141.01953125
^NDX,2025-10-21,25127.130859375
^NDX,2025-10-22,24879.009765625
^NDX,2025-10-23,25097.41015625
^NDX,2025-10-24,25358.16015625
^NDX,2025-10-27,25821.55078125
^NDX,2025-10-28,26012.150390625
^NDX,2025-10-29,26119.849609375
^NDX,2025-10-30,25734.810546875
^NDX,2025-10-31,25858.130859375
^NDX,2025-11-03,25972.939453125
^NDX,2025-11-04,25435.69921875
^NDX,2025-11-05,25620.029296875
^NDX,2025-11-06,25130.0390625
^NDX,2025-11-07,25059.810546875
^NDX,2025-11-10,25611.740234375
^NDX,2025-11-11,25533.490234375
^NDX,2025-11-12,25517.330078125
^NDX,2025-11-13,24993.4609375
^NDX,2025-11-14,25008.240234375
^NDX,2025-11-17,24799.919921875
^NDX,2025-11-18,24503.099609375
^NDX,2025-11-19,24640.51953125
^NDX,2025-11-20,24054.380859375
^NDX,2025-11-21,24239.5703125
^NDX,2025-11-24,24873.849609375
^NDX,2025-11-25,25018.359375
^NDX,2025-11-26,25236.939453125
^NDX,2025-11-28,25434.890625
^NDX,2025-12-01,25342.849609375
^NDX,2025-12-02,25555.859375
^NDX,2025-12-03,25606.5390625
^NDX,2025-12-04,25581.69921875
^NDX,2025-12-05,25692.05078125
^NDX,2025-12-08,25627.94921875
^NDX,2025-12-09,25668.689453125
^NDX,2025-12-10,25776.439453125
^NDX,2025-12-11,25686.689453125
^NDX,2025-12-12,25196.73046875
^NDX,2025-12-15,25067.26953125
^NDX,2025-12-16,25132.939453125
^NDX,2025-12-17,24647.609375
^NDX,2025-12-18,25019.369140625
^NDX,2025-12-19,25346.1796875
^NDX,2025-12-22,25461.69921875
^NDX,2025-12-23,25587.830078125
^NDX,2025-12-24,25656.150390625
^NDX,2025-12-26,25644.390625
^NDX,2025-12-29,25525.560546875
^NDX,2025-12-30,25462.560546875
^NDX,2025-12-31,25249.849609375
^NDX,2026-01-02,25206.169921875
^NDX,2026-01-05,25401.3203125
^NDX,2026-01-06,25639.7109375
^NDX,2026-01-07,25653.900390625
^NDX,2026-01-08,25507.099609375
^NDX,2026-01-09,25766.259765625
^NDX,2026-01-12,25787.66015625
^NDX,2026-01-13,25741.94921875
^NDX,2026-01-14,25465.939453125
^NDX,2026-01-15,25547.0703125
^NDX,2026-01-16,25529.259765625
^NDX,2026-01-20,24987.5703125
^NDX,2026-01-21,25326.580078125
^NDX,2026-01-22,25518.349609375
^NDX,2026-01-23,25605.470703125
^NDX,2026-01-26,25713.2109375
^NDX,2026-01-27,25939.740234375
^NDX,2026-01-28,26022.7890625
^NDX,2026-01-29,25884.30078125
^NDX,2026-01-30,25552.390625
^NDX,2026-02-02,25738.609375
^NDX,2026-02-03,25338.619140625
^NDX,2026-02-04,24891.240234375
^NDX,2026-02-05,24548.689453125
^NDX,2026-02-06,25075.76953125
^NDX,2026-02-09,25268.140625
^NDX,2026-02-10,25127.640625
^NDX,2026-02-11,25201.259765625
^NDX,2026-02-12,24687.609375
^NDX,2026-02-13,24732.73046875
^NDX,2026-02-17,24701.599609375
^NDX,2026-02-18,24898.869140625
^NDX,2026-02-19,24797.33984375
^NDX,2026-02-20,25012.619140625
^NDX,2026-02-23,24708.939453125
^NDX,2026-02-24,24977.0390625
^NDX,2026-02-25,25329.0390625
^NDX,2026-02-26,25034.369140625
^NDX,2026-02-27,24960.0390625
^NDX,2026-03-02,24992.599609375
^NDX,2026-03-03,24720.080078125
^NDX,2026-03-04,25093.6796875
^NDX,2026-03-05,25020.41015625
^NDX,2026-03-06,24643.01953125
^NDX,2026-03-09,24967.25
^NDX,2026-03-10,24956.470703125
^NDX,2026-03-11,24965.009765625
^NDX,2026-03-12,24533.580078125
^NDX,2026-03-13,24380.73046875
^NDX,2026-03-16,24655.33984375
^NDX,2026-03-17,24780.419921875
^NDX,2026-03-18,24425.08984375
^NDX,2026-03-19,24355.279296875
^NDX,2026-03-20,23898.150390625
^NDX,2026-03-23,24188.58984375
^NDX,2026-03-24,24002.44921875
^NDX,2026-03-25,24162.98046875
^NDX,2026-03-26,23586.990234375
^NDX,2026-03-27,23132.76953125
^NDX,2026-03-30,22953.380859375
^NDX,2026-03-31,23740.189453125
^NDX,2026-04-01,24019.990234375
^NDX,2026-04-02,24045.529296875
^NDX,2026-04-06,24192.169921875
^NDX,2026-04-07,24202.369140625
^NDX,2026-04-08,24903.169921875
^NDX,2026-04-09,25082.08984375
^NDX,2026-04-10,25116.33984375
^NDX,2026-04-13,25383.720703125
^NDX,2026-04-14,25842.0
^NDX,2026-04-15,26204.580078125
^NDX,2026-04-16,26333.0
^NDX,2026-04-17,26672.4296875
^NDX,2026-04-20,26590.33984375
^NDX,2026-04-21,26479.470703125
^NDX,2026-04-22,26937.279296875
^NDX,2026-04-23,26782.630859375
^NDX,2026-04-24,27303.669921875
^NDX,2026-04-27,27305.6796875
^NDX,2026-04-28,27029.009765625
^NDX,2026-04-29,27186.98046875
^NDX,2026-04-30,27452.119140625
^NDX,2026-05-01,27710.359375
^NDX,2026-05-04,27651.8203125
^NDX,2026-05-05,28015.060546875
^NDX,2026-05-06,28599.169921875
^NDX,2026-05-07,28563.94921875
^NDX,2026-05-08,29234.990234375
^NDX,2026-05-11,29320.66015625
^NDX,2026-05-12,29064.80078125
^NDX,2026-05-13,29366.939453125
^NDX,2026-05-14,29580.30078125
^NDX,2026-05-15,29125.19921875
^NDX,2026-05-18,28994.369140625
^NDX,2026-05-19,28818.83984375
^NDX,2026-05-20,29297.69921875
^NDX,2026-05-21,29357.26953125
^NDX,2026-05-22,29481.640625
^NDX,2026-05-26,30001.3203125
^NDX,2026-05-27,29973.5703125
^NDX,2026-05-28,30223.890625
^NDX,2026-05-29,30333.1796875
^NDX,2026-06-01,30513.859375
^NDX,2026-06-02,30660.599609375
^NDX,2026-06-03,30571.240234375
^NDX,2026-06-04,30407.810546875
^NDX,2026-06-05,28957.599609375
^NDX,2026-06-08,29414.259765625
^NDX,2026-06-09,29084.5
^NDX,2026-06-10,28508.029296875
^NDX,2026-06-11,29446.1796875
^NDX,2026-06-12,29635.94921875
^NDX,2026-06-15,30543.919921875
^NDX,2026-06-16,29968.130859375
^NDX,2026-06-17,29670.94921875
^NDX,2026-06-18,30406.189453125
^NDX,2026-06-22,30347.080078125
^NDX,2026-06-23,29347.26953125
^NDX,2026-06-24,29220.060546875
^NDX,2026-06-25,29440.3203125
^NDX,2026-06-26,29118.240234375
^NDX,2026-06-29,29774.75
^NDX,2026-06-30,30276.349609375
^NDX,2026-07-01,29809.130859375
^NDX,2026-07-02,29329.2109375
^NDX,2026-07-06,29697.869140625
^NDX,2026-07-07,29173.01953125
^NDX,2026-07-08,29252.560546875
^NDX,2026-07-09,29727.099609375
^NDX,2026-07-10,29825.109375
^NDX,2026-07-13,29264.099609375
^NDX,2026-07-14,29586.2890625
^NDX,2026-07-15,29502.599609375
^NDX,2026-07-16,29025.76953125
^NDX,2026-07-17,28592.66015625
^NDX,2026-07-20,28604.23046875
^NDX,2026-07-21,29155.1796875
^NDX,2026-07-22,28998.099609375
^NDX,2026-07-23,28454.810546875
^NDX,2026-07-24,28128.33984375
^NDX,2026-07-27,28039.2109375
^NDX,2026-07-28,27763.130859375
^NDX,2026-07-29,27192.310546875
^NDX,2026-07-30,28106.349609375
^NDX,2026-07-31,28274.19921875
^NDX,2026-08-03,28776.80078125
^NDX,2026-08-04,29733.16015625
^NDX,2026-08-05,29487.7890625
^NDX,2026-08-06,29373.330078125
^NDX,2026-08-07,29722.30078125
^NDX,2026-08-10,29621.80078125
^NDX,2026-08-11,29525.48046875
^NDX,2026-08-12,29742.599609375
^NDX,2026-08-13,30084.5
^NDX,2026-08-14,30046.140625
^NDX,2026-08-17,29995.380859375
^NDX,2026-08-18,29490.9609375
^NDX,2026-08-19,29426.01953125
^NDX,2026-08-20,29213.16015625
^NDX,2026-08-21,29308.859375
^NDX,2026-08-24,29023.1796875
^NDX,2026-08-25,29209.23046875
^NDX,2026-08-26,29224.51953125
^NDX,2026-08-27,29641.560546875
^NDX,2026-08-28,29433.4296875
^NDX,2026-08-31,29456.970703125
^NDX,2026-09-01,29077.220703125
^NDX,2026-09-02,29143.330078125
^NDX,2026-09-03,29482.3203125
^NDX,2026-09-04,29544.150390625
^NDX,2026-09-08,29507.69921875
^NDX,2026-09-09,29421.55078125
^NDX,2026-09-10,29103.509765625
^NDX,2026-09-11,29368.439453125
^NDX,2026-09-14,29127.16015625
^NDX,2026-09-15,28937.83984375
^NDX,2026-09-16,28945.060546875
^NDX,2026-09-17,29446.98046875
^NDX,2026-09-18,29644.169921875
